Game Turn, Player, Regional Strength, Enemy Strength, Other Strength, Current Explorers, Desired Explorers, Fav Tech, Combat Desire
5, 0, 50, 0, 0, 5:0, 1:1, NO_TECH, 0.0
5, 1, 100, 10, 0, 4:0, 3:1, NO_TECH, 0.0
5, 2, 100, 0, 60, 5:0, 3:1, NO_TECH, 0.0
5, 3, 100, 0, 20, 4:0, 3:1, NO_TECH, 0.0
5, 4, 100, 0, 0, 4:0, 3:1, NO_TECH, 0.0
5, 5, 125, 0, 0, 4:0, 3:3, NO_TECH, 0.0
5, 6, 100, 10, 20, 3:0, 3:1, NO_TECH, 0.0
5, 7, 100, 60, 0, 4:0, 3:1, NO_TECH, 0.0
5, 8, 100, 0, 60, 4:0, 3:1, NO_TECH, 0.0
5, 9, 100, 0, 20, 4:0, 3:1, NO_TECH, 0.0
5, 10, 100, 0, 20, 0:0, 0:0, NO_TECH, 0.0
5, 11, 100, 0, 0, 0:0, 0:0, NO_TECH, 0.0
5, 12, 100, 0, 20, 0:0, 0:0, NO_TECH, 0.0
5, 13, 100, 0, 0, 0:0, 0:0, NO_TECH, 0.0
5, 14, 100, 0, 0, 0:0, 0:0, NO_TECH, 0.0
5, 15, 100, 0, 20, 0:0, 0:0, NO_TECH, 0.0
5, 16, 100, 0, 20, 0:0, 0:0, NO_TECH, 0.0
5, 17, 100, 0, 0, 0:0, 0:0, NO_TECH, 0.0
5, 18, 100, 10, 20, 0:0, 0:0, NO_TECH, 0.0
5, 19, 100, 0, 40, 0:0, 0:0, NO_TECH, 0.0
5, 20, 100, 0, 0, 0:0, 0:0, NO_TECH, 0.0
5, 21, 100, 0, 0, 0:0, 0:0, NO_TECH, 0.0
5, 22, 80, 10, 0, 0:0, 0:0, NO_TECH, 0.0
5, 23, 100, 0, 40, 0:0, 0:0, NO_TECH, 0.0
5, 24, 100, 0, 0, 0:0, 0:0, NO_TECH, 0.0
5, 25, 100, 0, 0, 0:0, 0:0, NO_TECH, 0.0
5, 26, 80, 0, 60, 0:0, 0:0, NO_TECH, 0.0
5, 27, 100, 0, 20, 0:0, 0:0, NO_TECH, 0.0
5, 28, 100, 0, 0, 0:0, 0:0, NO_TECH, 0.0
5, 29, 100, 0, 0, 0:0, 0:0, NO_TECH, 0.0
5, 30, 100, 10, 80, 0:0, 0:0, NO_TECH, 0.0
5, 31, 100, 0, 60, 0:0, 0:0, NO_TECH, 0.0
5, 62, 0, 0, 0, 0:0, 0:0, NO_TECH, 2.0
6, 0, 50, 0, 0, 5:0, 2:1, NO_TECH, 0.0
6, 1, 100, 10, 0, 4:0, 3:1, NO_TECH, 0.0
6, 2, 100, 25, 60, 4:0, 3:1, NO_TECH, 0.0
6, 3, 100, 0, 40, 4:0, 3:1, NO_TECH, 0.0
6, 4, 100, 10, 0, 4:0, 3:1, NO_TECH, 0.0
6, 5, 125, 0, 0, 4:0, 3:3, NO_TECH, 0.0
6, 6, 100, 10, 40, 5:0, 3:1, NO_TECH, 0.0
6, 7, 100, 60, 20, 5:0, 3:3, NO_TECH, 0.0
6, 8, 115, 0, 60, 4:0, 3:1, NO_TECH, 0.0
6, 9, 100, 0, 80, 4:0, 3:1, NO_TECH, 0.0
6, 10, 100, 0, 20, 0:0, 0:0, NO_TECH, 0.0
6, 11, 100, 0, 0, 0:0, 0:0, NO_TECH, 0.0
6, 12, 100, 0, 20, 0:0, 0:0, NO_TECH, 0.0
6, 13, 100, 0, 0, 0:0, 0:0, NO_TECH, 0.0
6, 14, 100, 0, 0, 0:0, 0:0, NO_TECH, 0.0
6, 15, 100, 0, 40, 0:0, 0:0, NO_TECH, 0.0
6, 16, 80, 0, 40, 0:0, 0:0, NO_TECH, 0.0
6, 17, 100, 0, 0, 0:0, 0:0, NO_TECH, 0.0
6, 18, 100, 10, 20, 0:0, 0:0, NO_TECH, 0.0
6, 19, 100, 0, 60, 0:0, 0:0, NO_TECH, 0.0
6, 20, 100, 0, 0, 0:0, 0:0, NO_TECH, 0.0
6, 21, 100, 0, 0, 0:0, 0:0, NO_TECH, 0.0
6, 22, 60, 0, 0, 0:0, 0:0, NO_TECH, 0.0
6, 23, 100, 0, 60, 0:0, 0:0, NO_TECH, 0.0
6, 24, 100, 0, 0, 0:0, 0:0, NO_TECH, 0.0
6, 25, 100, 0, 0, 0:0, 0:0, NO_TECH, 0.0
6, 26, 100, 0, 40, 0:0, 0:0, NO_TECH, 0.0
6, 27, 100, 0, 20, 0:0, 0:0, NO_TECH, 0.0
6, 28, 100, 0, 0, 0:0, 0:0, NO_TECH, 0.0
6, 29, 100, 0, 0, 0:0, 0:0, NO_TECH, 0.0
6, 30, 100, 10, 100, 0:0, 0:0, NO_TECH, 0.0
6, 31, 100, 0, 80, 0:0, 0:0, NO_TECH, 0.0
6, 62, 0, 0, 0, 0:0, 0:0, NO_TECH, 2.0
7, 0, 50, 0, 100, 5:0, 1:1, NO_TECH, 0.0
7, 1, 95, 10, 0, 6:0, 3:1, NO_TECH, 0.0
7, 2, 115, 25, 80, 1:0, 3:1, NO_TECH, 0.0
7, 3, 110, 0, 40, 5:0, 3:1, NO_TECH, 0.0
7, 4, 100, 10, 0, 4:0, 3:1, NO_TECH, 0.0
7, 5, 125, 0, 0, 4:0, 3:3, NO_TECH, 0.0
7, 6, 80, 10, 40, 4:0, 3:1, NO_TECH, 0.0
7, 7, 100, 70, 40, 4:0, 3:3, NO_TECH, 0.0
7, 8, 115, 0, 60, 6:0, 3:1, NO_TECH, 0.0
7, 9, 100, 0, 100, 4:0, 3:1, NO_TECH, 0.0
7, 10, 100, 0, 20, 0:0, 0:0, NO_TECH, 0.0
7, 11, 100, 0, 0, 0:0, 0:0, NO_TECH, 0.0
7, 12, 100, 0, 20, 0:0, 0:0, NO_TECH, 0.0
7, 13, 100, 0, 0, 0:0, 0:0, NO_TECH, 0.0
7, 14, 100, 0, 0, 0:0, 0:0, NO_TECH, 0.0
7, 15, 100, 0, 20, 0:0, 0:0, NO_TECH, 0.0
7, 16, 80, 0, 60, 0:0, 0:0, NO_TECH, 0.0
7, 17, 100, 0, 0, 0:0, 0:0, NO_TECH, 0.0
7, 18, 100, 0, 20, 0:0, 0:0, NO_TECH, 0.0
7, 19, 100, 0, 60, 0:0, 0:0, NO_TECH, 0.0
7, 20, 100, 0, 0, 0:0, 0:0, NO_TECH, 0.0
7, 21, 100, 0, 0, 0:0, 0:0, NO_TECH, 0.0
7, 22, 40, 0, 0, 0:0, 0:0, NO_TECH, 0.0
7, 23, 100, 0, 60, 0:0, 0:0, NO_TECH, 0.0
7, 24, 100, 0, 0, 0:0, 0:0, NO_TECH, 0.0
7, 25, 100, 0, 0, 0:0, 0:0, NO_TECH, 0.0
7, 26, 80, 0, 60, 0:0, 0:0, NO_TECH, 0.0
7, 27, 100, 0, 20, 0:0, 0:0, NO_TECH, 0.0
7, 28, 100, 0, 0, 0:0, 0:0, NO_TECH, 0.0
7, 29, 80, 0, 0, 0:0, 0:0, NO_TECH, 0.0
7, 30, 100, 10, 100, 0:0, 0:0, NO_TECH, 0.0
7, 31, 100, 0, 80, 0:0, 0:0, NO_TECH, 0.0
7, 62, 0, 0, 0, 0:0, 0:0, NO_TECH, 2.0
8, 0, 50, 0, 100, 4:0, 2:1, NO_TECH, 0.0
8, 1, 95, 10, 0, 5:0, 3:1, NO_TECH, 0.0
8, 2, 125, 25, 80, 1:0, 3:1, NO_TECH, 0.1
8, 3, 110, 0, 40, 4:0, 3:1, NO_TECH, 0.0
8, 4, 100, 10, 0, 4:0, 3:1, NO_TECH, 0.0
8, 5, 125, 0, 0, 4:0, 3:3, NO_TECH, 0.0
8, 6, 95, 10, 60, 4:0, 3:1, NO_TECH, 0.0
8, 7, 80, 45, 40, 4:0, 3:1, NO_TECH, 0.0
8, 8, 115, 0, 40, 5:0, 3:1, NO_TECH, 0.0
8, 9, 100, 0, 100, 4:0, 3:1, NO_TECH, 0.0
8, 10, 100, 0, 20, 0:0, 0:0, NO_TECH, 0.0
8, 11, 100, 0, 0, 0:0, 0:0, NO_TECH, 0.0
8, 12, 100, 0, 20, 0:0, 0:0, NO_TECH, 0.0
8, 13, 100, 0, 0, 0:0, 0:0, NO_TECH, 0.0
8, 14, 100, 0, 0, 0:0, 0:0, NO_TECH, 0.0
8, 15, 100, 0, 20, 0:0, 0:0, NO_TECH, 0.0
8, 16, 80, 0, 75, 0:0, 0:0, NO_TECH, 0.0
8, 17, 100, 0, 20, 0:0, 0:0, NO_TECH, 0.0
8, 18, 100, 0, 20, 0:0, 0:0, NO_TECH, 0.0
8, 19, 100, 0, 40, 0:0, 0:0, NO_TECH, 0.0
8, 20, 100, 0, 0, 0:0, 0:0, NO_TECH, 0.0
8, 21, 100, 10, 0, 0:0, 0:0, NO_TECH, 0.0
8, 22, 40, 0, 0, 0:0, 0:0, NO_TECH, 0.0
8, 23, 100, 0, 60, 0:0, 0:0, NO_TECH, 0.0
8, 24, 100, 25, 0, 0:0, 0:0, NO_TECH, 0.0
8, 25, 100, 0, 0, 0:0, 0:0, NO_TECH, 0.0
8, 26, 80, 0, 40, 0:0, 0:0, NO_TECH, 0.0
8, 27, 100, 0, 20, 0:0, 0:0, NO_TECH, 0.0
8, 28, 100, 0, 0, 0:0, 0:0, NO_TECH, 0.0
8, 29, 100, 0, 0, 0:0, 0:0, NO_TECH, 0.0
8, 30, 100, 10, 100, 0:0, 0:0, NO_TECH, 0.0
8, 31, 100, 0, 80, 0:0, 0:0, NO_TECH, 0.0
8, 62, 0, 0, 0, 0:0, 0:0, NO_TECH, 2.0
9, 0, 50, 0, 80, 4:0, 3:1, NO_TECH, 0.0
9, 1, 95, 35, 10, 5:0, 3:1, NO_TECH, 0.0
9, 2, 125, 35, 100, 1:0, 3:1, NO_TECH, 0.2
9, 3, 110, 0, 60, 4:0, 3:1, NO_TECH, 0.0
9, 4, 115, 35, 0, 4:0, 3:1, NO_TECH, 0.0
9, 5, 125, 0, 0, 4:0, 3:3, NO_TECH, 0.0
9, 6, 95, 10, 60, 4:0, 3:1, NO_TECH, 0.0
9, 7, 95, 45, 40, 4:0, 3:1, NO_TECH, 0.0
9, 8, 115, 0, 60, 5:0, 3:1, NO_TECH, 0.0
9, 9, 100, 0, 100, 4:0, 3:1, NO_TECH, 0.0
9, 10, 100, 10, 20, 0:0, 0:0, NO_TECH, 0.0
9, 11, 100, 0, 0, 0:0, 0:0, NO_TECH, 0.0
9, 12, 100, 0, 30, 0:0, 0:0, NO_TECH, 0.0
9, 13, 100, 0, 0, 0:0, 0:0, NO_TECH, 0.0
9, 14, 100, 0, 0, 0:0, 0:0, NO_TECH, 0.0
9, 15, 100, 0, 40, 0:0, 0:0, NO_TECH, 0.0
9, 16, 80, 0, 75, 0:0, 0:0, NO_TECH, 0.0
9, 17, 100, 0, 20, 0:0, 0:0, NO_TECH, 0.0
9, 18, 100, 10, 20, 0:0, 0:0, NO_TECH, 0.0
9, 19, 100, 0, 20, 0:0, 0:0, NO_TECH, 0.0
9, 20, 100, 0, 0, 0:0, 0:0, NO_TECH, 0.0
9, 21, 100, 10, 0, 0:0, 0:0, NO_TECH, 0.0
9, 22, 40, 0, 0, 0:0, 0:0, NO_TECH, 0.0
9, 23, 100, 0, 60, 0:0, 0:0, NO_TECH, 0.0
9, 24, 100, 25, 0, 0:0, 0:0, NO_TECH, 0.0
9, 25, 100, 0, 0, 0:0, 0:0, NO_TECH, 0.0
9, 26, 40, 0, 40, 0:0, 0:0, NO_TECH, 0.0
9, 27, 100, 0, 20, 0:0, 0:0, NO_TECH, 0.0
9, 28, 100, 0, 0, 0:0, 0:0, NO_TECH, 0.0
9, 29, 100, 0, 0, 0:0, 0:0, NO_TECH, 0.0
9, 30, 100, 10, 80, 0:0, 0:0, NO_TECH, 0.0
9, 31, 100, 0, 80, 0:0, 0:0, NO_TECH, 0.0
9, 62, 0, 0, 0, 0:0, 0:0, NO_TECH, 2.0
10, 0, 50, 0, 80, 4:0, 3:1, NO_TECH, 0.0
10, 1, 95, 35, 20, 2:0, 3:1, NO_TECH, 0.0
10, 2, 125, 35, 100, 1:0, 3:1, NO_TECH, 0.2
10, 3, 125, 0, 60, 4:0, 3:1, NO_TECH, 0.0
10, 4, 115, 35, 0, 1:0, 3:1, NO_TECH, 0.0
10, 5, 125, 0, 0, 4:0, 3:3, NO_TECH, 0.0
10, 6, 115, 10, 60, 4:0, 3:3, NO_TECH, 0.0
10, 7, 115, 25, 20, 5:0, 3:1, NO_TECH, 0.0
10, 8, 115, 0, 60, 5:0, 3:1, NO_TECH, 0.0
10, 9, 130, 0, 100, 4:0, 3:1, NO_TECH, 0.0
10, 10, 100, 10, 55, 0:0, 0:0, NO_TECH, 0.0
10, 11, 100, 0, 0, 0:0, 0:0, NO_TECH, 0.0
10, 12, 80, 0, 20, 0:0, 0:0, NO_TECH, 0.0
10, 13, 100, 0, 0, 0:0, 0:0, NO_TECH, 0.0
10, 14, 100, 0, 0, 0:0, 0:0, NO_TECH, 0.0
10, 15, 100, 0, 40, 0:0, 0:0, NO_TECH, 0.0
10, 16, 80, 10, 75, 0:0, 0:0, NO_TECH, 0.0
10, 17, 100, 0, 20, 0:0, 0:0, NO_TECH, 0.0
10, 18, 100, 10, 20, 0:0, 0:0, NO_TECH, 0.0
10, 19, 100, 0, 20, 0:0, 0:0, NO_TECH, 0.0
10, 20, 100, 0, 0, 0:0, 0:0, NO_TECH, 0.0
10, 21, 100, 35, 0, 0:0, 0:0, NO_TECH, 0.0
10, 22, 40, 0, 0, 0:0, 0:0, NO_TECH, 0.0
10, 23, 100, 0, 60, 0:0, 0:0, NO_TECH, 0.0
10, 24, 100, 25, 0, 0:0, 0:0, NO_TECH, 0.0
10, 25, 100, 0, 0, 0:0, 0:0, NO_TECH, 0.0
10, 26, 40, 0, 40, 0:0, 0:0, NO_TECH, 0.0
10, 27, 100, 0, 40, 0:0, 0:0, NO_TECH, 0.0
10, 28, 100, 0, 0, 0:0, 0:0, NO_TECH, 0.0
10, 29, 100, 0, 0, 0:0, 0:0, NO_TECH, 0.0
10, 30, 100, 10, 60, 0:0, 0:0, NO_TECH, 0.0
10, 31, 100, 0, 100, 0:0, 0:0, NO_TECH, 0.0
10, 62, 0, 0, 0, 0:0, 0:0, NO_TECH, 2.0
11, 0, 50, 0, 80, 4:0, 3:1, NO_TECH, 0.0
11, 1, 95, 35, 20, 2:0, 3:1, TECH_BRONZE_WORKING, 0.0
11, 2, 125, 35, 80, 1:0, 3:1, NO_TECH, 0.2
11, 3, 125, 0, 60, 4:0, 3:1, NO_TECH, 0.0
11, 4, 115, 35, 20, 2:0, 3:1, NO_TECH, 0.0
11, 5, 125, 0, 0, 4:0, 3:3, NO_TECH, 0.0
11, 6, 115, 10, 60, 4:0, 3:1, NO_TECH, 0.0
11, 7, 115, 0, 0, 5:0, 3:1, TECH_ARCHERY, 0.0
11, 8, 115, 0, 40, 5:0, 3:1, NO_TECH, 0.0
11, 9, 160, 0, 100, 4:0, 3:1, NO_TECH, 0.0
11, 10, 100, 10, 55, 0:0, 0:0, NO_TECH, 0.0
11, 11, 100, 0, 0, 0:0, 0:0, NO_TECH, 0.0
11, 12, 100, 0, 20, 0:0, 0:0, NO_TECH, 0.0
11, 13, 100, 0, 0, 0:0, 0:0, NO_TECH, 0.0
11, 14, 100, 0, 0, 0:0, 0:0, NO_TECH, 0.0
11, 15, 100, 0, 40, 0:0, 0:0, NO_TECH, 0.0
11, 16, 100, 10, 75, 0:0, 0:0, NO_TECH, 0.0
11, 17, 100, 0, 20, 0:0, 0:0, NO_TECH, 0.0
11, 18, 100, 10, 20, 0:0, 0:0, NO_TECH, 0.0
11, 19, 100, 0, 40, 0:0, 0:0, NO_TECH, 0.0
11, 20, 100, 0, 0, 0:0, 0:0, NO_TECH, 0.0
11, 21, 100, 35, 0, 0:0, 0:0, NO_TECH, 0.0
11, 22, 40, 0, 0, 0:0, 0:0, NO_TECH, 0.0
11, 23, 100, 0, 60, 0:0, 0:0, NO_TECH, 0.0
11, 24, 100, 25, 0, 0:0, 0:0, NO_TECH, 0.0
11, 25, 100, 0, 20, 0:0, 0:0, NO_TECH, 0.0
11, 26, 60, 0, 40, 0:0, 0:0, NO_TECH, 0.0
11, 27, 100, 0, 40, 0:0, 0:0, NO_TECH, 0.0
11, 28, 100, 0, 0, 0:0, 0:0, NO_TECH, 0.0
11, 29, 100, 0, 0, 0:0, 0:0, NO_TECH, 0.0
11, 30, 100, 0, 40, 0:0, 0:0, NO_TECH, 0.0
11, 31, 100, 0, 100, 0:0, 0:0, NO_TECH, 0.0
11, 62, 0, 0, 0, 0:0, 0:0, NO_TECH, 2.0
12, 0, 50, 0, 100, 4:0, 3:1, NO_TECH, 0.0
12, 1, 95, 35, 20, 3:0, 3:1, TECH_BRONZE_WORKING, 0.0
12, 2, 125, 25, 80, 1:0, 3:1, TECH_BRONZE_WORKING, 0.2
12, 3, 125, 35, 80, 4:0, 3:1, TECH_ARCHERY, 0.0
12, 4, 115, 35, 20, 2:0, 3:1, NO_TECH, 0.0
12, 5, 125, 0, 0, 4:0, 3:3, NO_TECH, 0.0
12, 6, 115, 10, 40, 4:0, 3:1, NO_TECH, 0.0
12, 7, 115, 0, 0, 5:0, 3:1, TECH_ARCHERY, 0.0
12, 8, 100, 0, 60, 5:0, 3:1, NO_TECH, 0.0
12, 9, 160, 0, 100, 4:0, 3:1, NO_TECH, 0.0
12, 10, 100, 10, 55, 0:0, 0:0, NO_TECH, 0.0
12, 11, 100, 0, 0, 0:0, 0:0, NO_TECH, 0.0
12, 12, 100, 0, 20, 0:0, 0:0, NO_TECH, 0.0
12, 13, 100, 0, 0, 0:0, 0:0, NO_TECH, 0.0
12, 14, 100, 0, 0, 0:0, 0:0, NO_TECH, 0.0
12, 15, 100, 0, 20, 0:0, 0:0, NO_TECH, 0.0
12, 16, 100, 10, 55, 0:0, 0:0, NO_TECH, 0.0
12, 17, 100, 0, 0, 0:0, 0:0, NO_TECH, 0.0
12, 18, 100, 10, 20, 0:0, 0:0, NO_TECH, 0.0
12, 19, 100, 0, 20, 0:0, 0:0, NO_TECH, 0.0
12, 20, 100, 0, 10, 0:0, 0:0, NO_TECH, 0.0
12, 21, 100, 35, 0, 0:0, 0:0, NO_TECH, 0.0
12, 22, 60, 0, 0, 0:0, 0:0, NO_TECH, 0.0
12, 23, 100, 0, 60, 0:0, 0:0, NO_TECH, 0.0
12, 24, 100, 25, 0, 0:0, 0:0, NO_TECH, 0.0
12, 25, 100, 0, 20, 0:0, 0:0, NO_TECH, 0.0
12, 26, 60, 0, 20, 0:0, 0:0, NO_TECH, 0.0
12, 27, 100, 0, 40, 0:0, 0:0, NO_TECH, 0.0
12, 28, 100, 0, 0, 0:0, 0:0, NO_TECH, 0.0
12, 29, 100, 0, 0, 0:0, 0:0, NO_TECH, 0.0
12, 30, 100, 25, 40, 0:0, 0:0, NO_TECH, 0.0
12, 31, 100, 0, 100, 0:0, 0:0, NO_TECH, 0.0
12, 62, 0, 0, 0, 0:0, 0:0, NO_TECH, 2.0
13, 0, 60, 0, 100, 4:0, 3:1, NO_TECH, 0.0
13, 1, 115, 35, 20, 3:0, 3:1, TECH_BRONZE_WORKING, 0.0
13, 2, 125, 25, 80, 1:0, 3:1, TECH_BRONZE_WORKING, 0.2
13, 3, 125, 35, 80, 3:0, 3:1, TECH_ARCHERY, 0.0
13, 4, 115, 35, 20, 2:0, 3:1, NO_TECH, 0.0
13, 5, 125, 0, 0, 4:0, 3:3, NO_TECH, 0.0
13, 6, 115, 0, 40, 4:0, 3:1, NO_TECH, 0.0
13, 7, 115, 0, 0, 4:0, 3:1, TECH_ARCHERY, 0.0
13, 8, 100, 0, 60, 5:0, 3:1, NO_TECH, 0.0
13, 9, 160, 0, 100, 4:0, 3:1, NO_TECH, 0.0
13, 10, 100, 35, 20, 0:0, 0:0, NO_TECH, 0.0
13, 11, 100, 0, 0, 0:0, 0:0, NO_TECH, 0.0
13, 12, 100, 0, 0, 0:0, 0:0, NO_TECH, 0.0
13, 13, 100, 0, 0, 0:0, 0:0, NO_TECH, 0.0
13, 14, 100, 0, 0, 0:0, 0:0, NO_TECH, 0.0
13, 15, 100, 0, 50, 0:0, 0:0, NO_TECH, 0.0
13, 16, 100, 10, 55, 0:0, 0:0, NO_TECH, 0.0
13, 17, 100, 0, 20, 0:0, 0:0, NO_TECH, 0.0
13, 18, 100, 10, 20, 0:0, 0:0, NO_TECH, 0.0
13, 19, 100, 0, 40, 0:0, 0:0, NO_TECH, 0.0
13, 20, 100, 0, 10, 0:0, 0:0, NO_TECH, 0.0
13, 21, 100, 35, 0, 0:0, 0:0, NO_TECH, 0.0
13, 22, 40, 0, 0, 0:0, 0:0, NO_TECH, 0.0
13, 23, 100, 0, 60, 0:0, 0:0, NO_TECH, 0.0
13, 24, 100, 25, 0, 0:0, 0:0, NO_TECH, 0.0
13, 25, 100, 0, 20, 0:0, 0:0, NO_TECH, 0.0
13, 26, 60, 0, 20, 0:0, 0:0, NO_TECH, 0.0
13, 27, 100, 0, 40, 0:0, 0:0, NO_TECH, 0.0
13, 28, 100, 0, 0, 0:0, 0:0, NO_TECH, 0.0
13, 29, 100, 0, 0, 0:0, 0:0, NO_TECH, 0.0
13, 30, 100, 35, 40, 0:0, 0:0, NO_TECH, 0.0
13, 31, 100, 0, 80, 0:0, 0:0, NO_TECH, 0.0
13, 62, 0, 0, 0, 0:0, 0:0, NO_TECH, 2.0
14, 0, 60, 25, 100, 4:0, 3:1, TECH_ENGINEERING, 0.0
14, 1, 95, 35, 20, 3:0, 3:1, TECH_BRONZE_WORKING, 0.0
14, 2, 125, 25, 80, 1:0, 3:1, TECH_BRONZE_WORKING, 0.2
14, 3, 125, 35, 80, 4:0, 3:1, TECH_ARCHERY, 0.0
14, 4, 115, 35, 20, 2:0, 3:1, TECH_BRONZE_WORKING, 0.0
14, 5, 125, 0, 0, 4:0, 3:3, NO_TECH, 0.0
14, 6, 115, 0, 40, 4:0, 3:3, NO_TECH, 0.0
14, 7, 115, 0, 40, 4:0, 3:3, TECH_ARCHERY, 0.0
14, 8, 100, 0, 80, 5:0, 3:1, NO_TECH, 0.0
14, 9, 160, 0, 100, 4:0, 3:1, NO_TECH, 0.0
14, 10, 100, 35, 20, 0:0, 0:0, NO_TECH, 0.0
14, 11, 100, 0, 0, 0:0, 0:0, NO_TECH, 0.0
14, 12, 100, 0, 0, 0:0, 0:0, NO_TECH, 0.0
14, 13, 100, 0, 0, 0:0, 0:0, NO_TECH, 0.0
14, 14, 100, 0, 0, 0:0, 0:0, NO_TECH, 0.0
14, 15, 100, 0, 50, 0:0, 0:0, NO_TECH, 0.0
14, 16, 100, 10, 35, 0:0, 0:0, NO_TECH, 0.0
14, 17, 100, 0, 20, 0:0, 0:0, NO_TECH, 0.0
14, 18, 100, 0, 20, 0:0, 0:0, NO_TECH, 0.0
14, 19, 100, 0, 40, 0:0, 0:0, NO_TECH, 0.0
14, 20, 100, 0, 10, 0:0, 0:0, NO_TECH, 0.0
14, 21, 100, 35, 0, 0:0, 0:0, NO_TECH, 0.0
14, 22, 60, 0, 0, 0:0, 0:0, NO_TECH, 0.0
14, 23, 100, 0, 60, 0:0, 0:0, NO_TECH, 0.0
14, 24, 100, 25, 0, 0:0, 0:0, NO_TECH, 0.0
14, 25, 100, 0, 60, 0:0, 0:0, NO_TECH, 0.0
14, 26, 60, 0, 20, 0:0, 0:0, NO_TECH, 0.0
14, 27, 100, 0, 60, 0:0, 0:0, NO_TECH, 0.0
14, 28, 100, 0, 0, 0:0, 0:0, NO_TECH, 0.0
14, 29, 100, 0, 0, 0:0, 0:0, NO_TECH, 0.0
14, 30, 100, 35, 40, 0:0, 0:0, NO_TECH, 0.0
14, 31, 100, 0, 60, 0:0, 0:0, NO_TECH, 0.0
14, 62, 0, 0, 0, 0:0, 0:0, NO_TECH, 2.0
15, 0, 60, 25, 100, 4:0, 3:1, TECH_ENGINEERING, 0.1
15, 1, 115, 35, 20, 3:0, 3:1, TECH_BRONZE_WORKING, 0.0
15, 2, 125, 25, 80, 1:0, 3:1, TECH_BRONZE_WORKING, 0.2
15, 3, 125, 35, 80, 4:0, 3:1, TECH_ARCHERY, 0.0
15, 4, 115, 35, 0, 2:0, 3:1, TECH_BRONZE_WORKING, 0.0
15, 5, 125, 0, 0, 4:0, 3:3, NO_TECH, 0.0
15, 6, 115, 20, 40, 4:0, 3:3, NO_TECH, 0.0
15, 7, 115, 0, 60, 4:0, 3:3, TECH_ARCHERY, 0.0
15, 8, 100, 0, 80, 5:0, 3:1, NO_TECH, 0.0
15, 9, 160, 0, 100, 4:0, 3:1, NO_TECH, 0.0
15, 10, 100, 35, 20, 0:0, 0:0, TECH_ARCHERY, 0.0
15, 11, 100, 0, 0, 0:0, 0:0, NO_TECH, 0.0
15, 12, 80, 0, 0, 0:0, 0:0, NO_TECH, 0.0
15, 13, 100, 0, 0, 0:0, 0:0, NO_TECH, 0.0
15, 14, 100, 10, 0, 0:0, 0:0, NO_TECH, 0.0
15, 15, 100, 0, 50, 0:0, 0:0, NO_TECH, 0.0
15, 16, 100, 10, 20, 0:0, 0:0, NO_TECH, 0.0
15, 17, 100, 0, 20, 0:0, 0:0, NO_TECH, 0.0
15, 18, 100, 25, 15, 0:0, 0:0, TECH_ARCHERY, 0.0
15, 19, 100, 0, 60, 0:0, 0:0, NO_TECH, 0.0
15, 20, 100, 0, 10, 0:0, 0:0, NO_TECH, 0.0
15, 21, 100, 35, 0, 0:0, 0:0, NO_TECH, 0.0
15, 22, 60, 0, 0, 0:0, 0:0, NO_TECH, 0.0
15, 23, 100, 0, 60, 0:0, 0:0, NO_TECH, 0.0
15, 24, 100, 25, 0, 0:0, 0:0, NO_TECH, 0.0
15, 25, 100, 0, 60, 0:0, 0:0, TECH_ARCHERY, 0.0
15, 26, 60, 0, 20, 0:0, 0:0, NO_TECH, 0.0
15, 27, 100, 0, 60, 0:0, 0:0, NO_TECH, 0.0
15, 28, 100, 0, 0, 0:0, 0:0, NO_TECH, 0.0
15, 29, 100, 0, 0, 0:0, 0:0, NO_TECH, 0.0
15, 30, 100, 35, 40, 0:0, 0:0, NO_TECH, 0.0
15, 31, 100, 0, 80, 0:0, 0:0, NO_TECH, 0.0
15, 62, 0, 0, 0, 0:0, 0:0, NO_TECH, 2.0
16, 0, 60, 25, 80, 4:0, 3:1, TECH_ENGINEERING, 0.1
16, 1, 115, 35, 20, 6:0, 3:1, TECH_BRONZE_WORKING, 0.0
16, 2, 125, 25, 80, 1:0, 3:1, TECH_BRONZE_WORKING, 0.2
16, 3, 125, 35, 80, 4:0, 3:1, TECH_HORSEBACK_RIDING, 0.0
16, 4, 115, 35, 0, 2:0, 3:1, TECH_BRONZE_WORKING, 0.0
16, 5, 125, 0, 0, 4:0, 3:3, NO_TECH, 0.0
16, 6, 115, 40, 20, 4:0, 3:1, NO_TECH, 0.0
16, 7, 115, 0, 60, 4:0, 3:3, TECH_ARCHERY, 0.0
16, 8, 120, 0, 80, 5:0, 3:1, NO_TECH, 0.0
16, 9, 160, 0, 80, 4:0, 3:1, NO_TECH, 0.0
16, 10, 100, 35, 20, 0:0, 0:0, TECH_ARCHERY, 0.0
16, 11, 100, 0, 0, 0:0, 0:0, NO_TECH, 0.0
16, 12, 100, 0, 0, 0:0, 0:0, NO_TECH, 0.0
16, 13, 100, 0, 0, 0:0, 0:0, NO_TECH, 0.0
16, 14, 100, 10, 0, 0:0, 0:0, NO_TECH, 0.0
16, 15, 100, 0, 50, 0:0, 0:0, NO_TECH, 0.0
16, 16, 100, 0, 40, 0:0, 0:0, NO_TECH, 0.0
16, 17, 100, 0, 20, 0:0, 0:0, NO_TECH, 0.0
16, 18, 100, 25, 15, 0:0, 0:0, TECH_ARCHERY, 0.0
16, 19, 100, 0, 80, 0:0, 0:0, NO_TECH, 0.0
16, 20, 100, 0, 0, 0:0, 0:0, NO_TECH, 0.0
16, 21, 100, 35, 0, 0:0, 0:0, NO_TECH, 0.0
16, 22, 60, 0, 0, 0:0, 0:0, NO_TECH, 0.0
16, 23, 100, 0, 60, 0:0, 0:0, NO_TECH, 0.0
16, 24, 100, 0, 0, 0:0, 0:0, NO_TECH, 0.0
16, 25, 100, 0, 60, 0:0, 0:0, TECH_ARCHERY, 0.0
16, 26, 60, 0, 20, 0:0, 0:0, NO_TECH, 0.0
16, 27, 100, 0, 60, 0:0, 0:0, NO_TECH, 0.0
16, 28, 100, 0, 0, 0:0, 0:0, NO_TECH, 0.0
16, 29, 100, 0, 0, 0:0, 0:0, NO_TECH, 0.0
16, 30, 100, 35, 60, 0:0, 0:0, NO_TECH, 0.0
16, 31, 100, 0, 100, 0:0, 0:0, NO_TECH, 0.0
16, 62, 0, 0, 0, 0:0, 0:0, NO_TECH, 2.0
17, 0, 60, 25, 100, 4:0, 3:1, TECH_ENGINEERING, 0.1
17, 1, 95, 35, 20, 4:0, 3:1, TECH_BRONZE_WORKING, 0.0
17, 2, 125, 0, 80, 1:0, 3:1, TECH_BRONZE_WORKING, 0.2
17, 3, 125, 35, 80, 4:0, 3:1, TECH_HORSEBACK_RIDING, 0.0
17, 4, 115, 35, 0, 5:0, 3:1, TECH_BRONZE_WORKING, 0.0
17, 5, 145, 0, 0, 4:0, 3:3, NO_TECH, 0.0
17, 6, 115, 50, 20, 4:0, 3:1, NO_TECH, 0.0
17, 7, 115, 0, 40, 4:0, 3:3, TECH_ARCHERY, 0.0
17, 8, 148, 0, 100, 5:0, 3:1, NO_TECH, 0.0
17, 9, 160, 0, 80, 4:0, 3:1, NO_TECH, 0.0
17, 10, 100, 35, 0, 0:0, 0:0, TECH_ARCHERY, 0.0
17, 11, 100, 0, 0, 0:0, 0:0, NO_TECH, 0.0
17, 12, 80, 0, 0, 0:0, 0:0, NO_TECH, 0.0
17, 13, 100, 0, 0, 0:0, 0:0, NO_TECH, 0.0
17, 14, 100, 10, 0, 0:0, 0:0, NO_TECH, 0.0
17, 15, 100, 0, 50, 0:0, 0:0, NO_TECH, 0.0
17, 16, 100, 0, 40, 0:0, 0:0, NO_TECH, 0.0
17, 17, 100, 0, 0, 0:0, 0:0, NO_TECH, 0.0
17, 18, 100, 45, 15, 0:0, 0:0, TECH_ARCHERY, 0.0
17, 19, 100, 0, 80, 0:0, 0:0, NO_TECH, 0.0
17, 20, 100, 0, 0, 0:0, 0:0, NO_TECH, 0.0
17, 21, 100, 35, 0, 0:0, 0:0, NO_TECH, 0.0
17, 22, 40, 0, 0, 0:0, 0:0, NO_TECH, 0.0
17, 23, 100, 0, 60, 0:0, 0:0, NO_TECH, 0.0
17, 24, 100, 0, 0, 0:0, 0:0, NO_TECH, 0.0
17, 25, 100, 0, 40, 0:0, 0:0, TECH_ARCHERY, 0.0
17, 26, 60, 0, 20, 0:0, 0:0, NO_TECH, 0.0
17, 27, 100, 0, 60, 0:0, 0:0, NO_TECH, 0.0
17, 28, 100, 0, 0, 0:0, 0:0, NO_TECH, 0.0
17, 29, 100, 0, 0, 0:0, 0:0, NO_TECH, 0.0
17, 30, 100, 55, 60, 0:0, 0:0, NO_TECH, 0.0
17, 31, 100, 0, 100, 0:0, 0:0, NO_TECH, 0.0
17, 62, 0, 0, 0, 0:0, 0:0, NO_TECH, 2.0
18, 0, 60, 25, 100, 4:0, 3:1, TECH_ENGINEERING, 0.2
18, 1, 95, 10, 20, 4:0, 3:1, TECH_IRON_WORKING, 0.0
18, 2, 125, 10, 80, 1:0, 3:1, TECH_BRONZE_WORKING, 0.2
18, 3, 125, 35, 40, 4:0, 3:1, TECH_HORSEBACK_RIDING, 0.0
18, 4, 115, 35, 0, 5:0, 3:1, TECH_BRONZE_WORKING, 0.0
18, 5, 145, 0, 0, 4:0, 3:3, NO_TECH, 0.0
18, 6, 115, 65, 20, 4:0, 3:1, NO_TECH, 0.0
18, 7, 115, 0, 40, 4:0, 3:3, TECH_ARCHERY, 0.0
18, 8, 148, 0, 100, 5:0, 3:1, TECH_ENGINEERING, 0.0
18, 9, 175, 0, 100, 4:0, 3:1, NO_TECH, 0.0
18, 10, 100, 45, 15, 0:0, 0:0, TECH_ARCHERY, 0.0
18, 11, 100, 0, 0, 0:0, 0:0, NO_TECH, 0.0
18, 12, 100, 0, 0, 0:0, 0:0, NO_TECH, 0.0
18, 13, 100, 0, 0, 0:0, 0:0, NO_TECH, 0.0
18, 14, 100, 0, 0, 0:0, 0:0, NO_TECH, 0.0
18, 15, 80, 0, 40, 0:0, 0:0, NO_TECH, 0.0
18, 16, 100, 0, 40, 0:0, 0:0, NO_TECH, 0.0
18, 17, 100, 0, 0, 0:0, 0:0, NO_TECH, 0.0
18, 18, 100, 45, 15, 0:0, 0:0, TECH_ARCHERY, 0.0
18, 19, 100, 0, 80, 0:0, 0:0, NO_TECH, 0.0
18, 20, 100, 0, 0, 0:0, 0:0, NO_TECH, 0.0
18, 21, 100, 25, 0, 0:0, 0:0, NO_TECH, 0.0
18, 22, 60, 0, 0, 0:0, 0:0, NO_TECH, 0.0
18, 23, 100, 0, 40, 0:0, 0:0, NO_TECH, 0.0
18, 24, 100, 0, 0, 0:0, 0:0, NO_TECH, 0.0
18, 25, 100, 0, 40, 0:0, 0:0, TECH_ARCHERY, 0.0
18, 26, 60, 0, 20, 0:0, 0:0, NO_TECH, 0.0
18, 27, 100, 0, 40, 0:0, 0:0, NO_TECH, 0.0
18, 28, 100, 0, 0, 0:0, 0:0, NO_TECH, 0.0
18, 29, 100, 0, 0, 0:0, 0:0, NO_TECH, 0.0
18, 30, 100, 55, 60, 0:0, 0:0, NO_TECH, 0.0
18, 31, 100, 10, 80, 0:0, 0:0, NO_TECH, 0.0
18, 62, 0, 0, 0, 0:0, 0:0, NO_TECH, 2.0
19, 0, 60, 25, 100, 4:0, 3:1, TECH_ENGINEERING, 0.2
19, 1, 95, 0, 20, 4:0, 3:1, TECH_IRON_WORKING, 0.0
19, 2, 125, 10, 80, 1:0, 3:1, TECH_ENGINEERING, 0.3
19, 3, 125, 10, 60, 4:0, 3:1, TECH_HORSEBACK_RIDING, 0.0
19, 4, 115, 0, 0, 5:0, 3:1, TECH_BRONZE_WORKING, 0.0
19, 5, 165, 0, 0, 4:0, 3:3, NO_TECH, 0.0
19, 6, 115, 25, 20, 4:0, 3:3, NO_TECH, 0.0
19, 7, 115, 0, 40, 4:0, 3:3, TECH_ARCHERY, 0.0
19, 8, 176, 10, 100, 5:0, 3:1, TECH_ENGINEERING, 0.0
19, 9, 175, 25, 100, 4:0, 3:1, TECH_HORSEBACK_RIDING, 0.0
19, 10, 100, 45, 15, 0:0, 0:0, TECH_ARCHERY, 0.0
19, 11, 100, 0, 0, 0:0, 0:0, NO_TECH, 0.0
19, 12, 100, 0, 0, 0:0, 0:0, NO_TECH, 0.0
19, 13, 100, 0, 0, 0:0, 0:0, NO_TECH, 0.0
19, 14, 100, 0, 0, 0:0, 0:0, NO_TECH, 0.0
19, 15, 80, 0, 40, 0:0, 0:0, NO_TECH, 0.0
19, 16, 100, 35, 20, 0:0, 0:0, NO_TECH, 0.0
19, 17, 100, 0, 0, 0:0, 0:0, NO_TECH, 0.0
19, 18, 100, 55, 15, 0:0, 0:0, TECH_ARCHERY, 0.0
19, 19, 100, 0, 80, 0:0, 0:0, NO_TECH, 0.0
19, 20, 100, 0, 0, 0:0, 0:0, NO_TECH, 0.0
19, 21, 100, 25, 0, 0:0, 0:0, NO_TECH, 0.0
19, 22, 40, 0, 0, 0:0, 0:0, NO_TECH, 0.0
19, 23, 80, 0, 80, 0:0, 0:0, NO_TECH, 0.0
19, 24, 100, 0, 0, 0:0, 0:0, NO_TECH, 0.0
19, 25, 100, 10, 40, 0:0, 0:0, TECH_ARCHERY, 0.0
19, 26, 60, 0, 20, 0:0, 0:0, NO_TECH, 0.0
19, 27, 100, 0, 40, 0:0, 0:0, NO_TECH, 0.0
19, 28, 100, 0, 0, 0:0, 0:0, NO_TECH, 0.0
19, 29, 80, 0, 0, 0:0, 0:0, NO_TECH, 0.0
19, 30, 100, 45, 60, 0:0, 0:0, TECH_ARCHERY, 0.0
19, 31, 100, 10, 80, 0:0, 0:0, NO_TECH, 0.0
19, 62, 0, 0, 0, 0:0, 0:0, NO_TECH, 2.0
20, 0, 50, 25, 80, 4:0, 3:1, TECH_ENGINEERING, 1.3
20, 1, 120, 0, 20, 1:0, 3:1, TECH_IRON_WORKING, 0.0
20, 2, 125, 35, 80, 1:0, 3:1, TECH_ENGINEERING, 0.3
20, 3, 135, 0, 60, 4:1, 3:1, TECH_HORSEBACK_RIDING, 0.0
20, 4, 115, 0, 0, 5:0, 3:1, TECH_BRONZE_WORKING, 0.0
20, 5, 165, 0, 0, 4:0, 3:3, NO_TECH, 0.0
20, 6, 115, 70, 20, 3:0, 3:3, NO_TECH, 0.0
20, 7, 115, 0, 60, 4:0, 3:3, TECH_ARCHERY, 0.0
20, 8, 204, 10, 100, 5:0, 3:1, TECH_IRON_WORKING, 0.0
20, 9, 175, 25, 80, 4:0, 3:1, TECH_HORSEBACK_RIDING, 0.0
20, 10, 100, 45, 15, 0:0, 0:0, TECH_ARCHERY, 0.0
20, 11, 100, 0, 0, 0:0, 0:0, NO_TECH, 0.0
20, 12, 100, 0, 0, 0:0, 0:0, NO_TECH, 0.0
20, 13, 100, 0, 0, 0:0, 0:0, NO_TECH, 0.0
20, 14, 100, 10, 0, 0:0, 0:0, NO_TECH, 0.0
20, 15, 80, 0, 40, 0:0, 0:0, TECH_ARCHERY, 0.0
20, 16, 100, 35, 20, 0:0, 0:0, NO_TECH, 0.0
20, 17, 100, 0, 0, 0:0, 0:0, NO_TECH, 0.0
20, 18, 100, 55, 15, 0:0, 0:0, TECH_ARCHERY, 0.1
20, 19, 100, 0, 80, 0:0, 0:0, NO_TECH, 0.0
20, 20, 100, 0, 0, 0:0, 0:0, NO_TECH, 0.0
20, 21, 100, 25, 0, 0:0, 0:0, NO_TECH, 0.0
20, 22, 60, 0, 0, 0:0, 0:0, NO_TECH, 0.0
20, 23, 100, 0, 80, 0:0, 0:0, NO_TECH, 0.0
20, 24, 100, 0, 0, 0:0, 0:0, NO_TECH, 0.0
20, 25, 100, 10, 40, 0:0, 0:0, TECH_ARCHERY, 0.0
20, 26, 60, 0, 20, 0:0, 0:0, NO_TECH, 0.0
20, 27, 100, 0, 40, 0:0, 0:0, NO_TECH, 0.0
20, 28, 100, 0, 0, 0:0, 0:0, NO_TECH, 0.0
20, 29, 100, 0, 0, 0:0, 0:0, NO_TECH, 0.0
20, 30, 100, 20, 60, 0:0, 0:0, TECH_ARCHERY, 0.0
20, 31, 100, 35, 80, 0:0, 0:0, TECH_ARCHERY, 0.0
20, 62, 0, 0, 0, 0:0, 0:0, NO_TECH, 2.0
21, 0, 50, 25, 80, 4:0, 3:1, TECH_ENGINEERING, 1.3
21, 1, 120, 10, 20, 1:0, 3:1, TECH_IRON_WORKING, 0.3
21, 2, 153, 35, 60, 4:0, 3:1, TECH_ENGINEERING, 0.3
21, 3, 135, 0, 60, 4:1, 3:1, TECH_HORSEBACK_RIDING, 0.0
21, 4, 115, 0, 0, 5:0, 3:1, TECH_ENGINEERING, 0.0
21, 5, 165, 0, 0, 4:0, 3:3, NO_TECH, 0.0
21, 6, 115, 60, 20, 3:0, 3:3, NO_TECH, 0.0
21, 7, 125, 0, 40, 4:1, 3:3, TECH_ARCHERY, 0.0
21, 8, 204, 10, 100, 5:0, 3:1, TECH_IRON_WORKING, 0.0
21, 9, 200, 25, 80, 4:0, 3:1, TECH_HORSEBACK_RIDING, 0.0
21, 10, 100, 35, 15, 0:0, 0:0, TECH_ARCHERY, 0.0
21, 11, 100, 0, 0, 0:0, 0:0, NO_TECH, 0.0
21, 12, 80, 0, 0, 0:0, 0:0, NO_TECH, 0.0
21, 13, 100, 0, 0, 0:0, 0:0, NO_TECH, 0.0
21, 14, 100, 35, 0, 0:0, 0:0, TECH_ARCHERY, 0.0
21, 15, 80, 35, 55, 0:0, 0:0, TECH_ARCHERY, 0.0
21, 16, 100, 35, 20, 0:0, 0:0, NO_TECH, 0.0
21, 17, 100, 0, 20, 0:0, 0:0, NO_TECH, 0.0
21, 18, 100, 55, 15, 0:0, 0:0, TECH_ARCHERY, 0.1
21, 19, 100, 0, 80, 0:0, 0:0, NO_TECH, 0.0
21, 20, 100, 0, 0, 0:0, 0:0, NO_TECH, 0.0
21, 21, 100, 0, 0, 0:0, 0:0, NO_TECH, 0.0
21, 22, 60, 0, 15, 0:0, 0:0, TECH_ARCHERY, 0.0
21, 23, 100, 0, 80, 0:0, 0:0, NO_TECH, 0.0
21, 24, 100, 0, 0, 0:0, 0:0, NO_TECH, 0.0
21, 25, 100, 35, 40, 0:0, 0:0, TECH_ARCHERY, 0.0
21, 26, 40, 0, 20, 0:0, 0:0, NO_TECH, 0.0
21, 27, 100, 0, 20, 0:0, 0:0, NO_TECH, 0.0
21, 28, 100, 0, 0, 0:0, 0:0, NO_TECH, 0.0
21, 29, 100, 0, 0, 0:0, 0:0, NO_TECH, 0.0
21, 30, 100, 20, 40, 0:0, 0:0, TECH_ARCHERY, 0.0
21, 31, 100, 25, 80, 0:0, 0:0, TECH_ARCHERY, 0.0
21, 62, 0, 0, 0, 0:0, 0:0, NO_TECH, 2.0
22, 0, 50, 25, 80, 4:0, 1:1, TECH_BRONZE_WORKING, 1.3
22, 1, 140, 10, 20, 2:0, 3:1, TECH_IRON_WORKING, 0.2
22, 2, 153, 35, 80, 2:0, 3:1, TECH_ENGINEERING, 0.0
22, 3, 135, 0, 80, 2:1, 2:1, TECH_HORSEBACK_RIDING, 0.0
22, 4, 115, 0, 0, 3:0, 3:1, TECH_ENGINEERING, 0.0
22, 5, 165, 0, 0, 4:0, 3:3, NO_TECH, 0.0
22, 6, 115, 60, 20, 2:0, 2:3, NO_TECH, 0.0
22, 7, 105, 0, 40, 2:1, 2:3, TECH_ARCHERY, 0.0
22, 8, 260, 10, 100, 3:0, 3:3, TECH_IRON_WORKING, 0.0
22, 9, 200, 25, 60, 2:0, 2:1, TECH_HORSEBACK_RIDING, 0.0
22, 10, 100, 50, 35, 0:0, 0:0, TECH_ARCHERY, 0.0
22, 11, 100, 0, 0, 0:0, 0:0, NO_TECH, 0.0
22, 12, 80, 0, 0, 0:0, 0:0, NO_TECH, 0.0
22, 13, 100, 0, 0, 0:0, 0:0, NO_TECH, 0.0
22, 14, 100, 35, 0, 0:0, 0:0, TECH_ARCHERY, 0.0
22, 15, 40, 35, 65, 0:0, 0:0, TECH_ARCHERY, 0.0
22, 16, 100, 25, 40, 0:0, 0:0, NO_TECH, 0.0
22, 17, 100, 0, 20, 0:0, 0:0, NO_TECH, 0.0
22, 18, 100, 35, 15, 0:0, 0:0, TECH_ARCHERY, 0.1
22, 19, 100, 0, 80, 0:0, 0:0, NO_TECH, 0.0
22, 20, 100, 0, 0, 0:0, 0:0, NO_TECH, 0.0
22, 21, 100, 0, 0, 0:0, 0:0, NO_TECH, 0.0
22, 22, 40, 0, 35, 0:0, 0:0, TECH_ARCHERY, 0.0
22, 23, 100, 0, 80, 0:0, 0:0, NO_TECH, 0.0
22, 24, 100, 0, 0, 0:0, 0:0, NO_TECH, 0.0
22, 25, 100, 35, 40, 0:0, 0:0, TECH_ARCHERY, 0.0
22, 26, 40, 0, 20, 0:0, 0:0, NO_TECH, 0.0
22, 27, 100, 0, 40, 0:0, 0:0, NO_TECH, 0.0
22, 28, 100, 0, 0, 0:0, 0:0, NO_TECH, 0.0
22, 29, 80, 0, 0, 0:0, 0:0, NO_TECH, 0.0
22, 30, 100, 20, 40, 0:0, 0:0, TECH_ARCHERY, 0.0
22, 31, 100, 25, 80, 0:0, 0:0, TECH_ARCHERY, 0.0
22, 62, 0, 0, 0, 0:0, 0:0, NO_TECH, 2.0
23, 0, 60, 0, 115, 4:0, 3:1, TECH_BRONZE_WORKING, 2.3
23, 1, 135, 10, 30, 7:0, 3:1, TECH_IRON_WORKING, 0.3
23, 2, 153, 35, 80, 1:0, 3:1, TECH_ENGINEERING, 0.3
23, 3, 155, 0, 80, 2:1, 2:1, TECH_HORSEBACK_RIDING, 0.0
23, 4, 115, 0, 0, 3:0, 3:1, TECH_ENGINEERING, 0.0
23, 5, 185, 0, 0, 4:0, 3:3, NO_TECH, 0.0
23, 6, 115, 60, 20, 2:0, 2:3, NO_TECH, 0.0
23, 7, 105, 0, 60, 2:1, 2:3, TECH_ARCHERY, 0.0
23, 8, 260, 10, 100, 3:0, 3:1, TECH_IRON_WORKING, 0.0
23, 9, 200, 25, 60, 2:0, 2:1, TECH_HORSEBACK_RIDING, 0.0
23, 10, 100, 60, 55, 0:0, 0:0, TECH_ARCHERY, 0.0
23, 11, 100, 0, 0, 0:0, 0:0, NO_TECH, 0.0
23, 12, 80, 0, 20, 0:0, 0:0, NO_TECH, 0.0
23, 13, 100, 0, 0, 0:0, 0:0, NO_TECH, 0.0
23, 14, 100, 35, 0, 0:0, 0:0, TECH_ARCHERY, 0.0
23, 15, 40, 35, 55, 0:0, 0:0, TECH_ARCHERY, 0.0
23, 16, 100, 25, 60, 0:0, 0:0, TECH_BRONZE_WORKING, 0.0
23, 17, 100, 0, 20, 0:0, 0:0, NO_TECH, 0.0
23, 18, 100, 35, 15, 0:0, 0:0, TECH_HORSEBACK_RIDING, 0.0
23, 19, 100, 0, 80, 0:0, 0:0, NO_TECH, 0.0
23, 20, 100, 0, 0, 0:0, 0:0, NO_TECH, 0.0
23, 21, 100, 0, 0, 0:0, 0:0, NO_TECH, 0.0
23, 22, 40, 0, 35, 0:0, 0:0, TECH_ARCHERY, 0.0
23, 23, 80, 0, 80, 0:0, 0:0, NO_TECH, 0.0
23, 24, 100, 0, 0, 0:0, 0:0, NO_TECH, 0.0
23, 25, 100, 35, 40, 0:0, 0:0, TECH_ARCHERY, 0.0
23, 26, 60, 0, 20, 0:0, 0:0, NO_TECH, 0.0
23, 27, 100, 0, 40, 0:0, 0:0, NO_TECH, 0.0
23, 28, 100, 0, 0, 0:0, 0:0, NO_TECH, 0.0
23, 29, 80, 10, 0, 0:0, 0:0, NO_TECH, 0.0
23, 30, 100, 0, 40, 0:0, 0:0, TECH_ARCHERY, 0.0
23, 31, 100, 25, 80, 0:0, 0:0, TECH_ARCHERY, 0.0
23, 62, 0, 0, 0, 0:0, 0:0, NO_TECH, 2.0
24, 0, 50, 0, 110, 4:0, 3:1, TECH_BRONZE_WORKING, 2.5
24, 1, 170, 10, 30, 6:0, 3:1, TECH_IRON_WORKING, 0.0
24, 2, 153, 35, 80, 1:0, 3:1, TECH_IRON_WORKING, 0.4
24, 3, 185, 0, 80, 2:1, 2:1, TECH_ENGINEERING, 0.0
24, 4, 143, 10, 0, 3:0, 3:1, TECH_ENGINEERING, 0.0
24, 5, 185, 0, 0, 4:0, 3:3, NO_TECH, 0.0
24, 6, 115, 75, 20, 2:0, 2:3, NO_TECH, 0.0
24, 7, 105, 0, 60, 2:1, 2:3, TECH_ARCHERY, 0.0
24, 8, 288, 10, 100, 3:0, 3:1, TECH_IRON_WORKING, 0.0
24, 9, 185, 25, 40, 2:0, 2:1, TECH_HORSEBACK_RIDING, 0.0
24, 10, 100, 35, 55, 0:0, 0:0, TECH_ARCHERY, 0.0
24, 11, 100, 0, 0, 0:0, 0:0, NO_TECH, 0.0
24, 12, 80, 0, 20, 0:0, 0:0, NO_TECH, 0.0
24, 13, 100, 0, 0, 0:0, 0:0, NO_TECH, 0.0
24, 14, 100, 25, 0, 0:0, 0:0, TECH_ARCHERY, 0.0
24, 15, 40, 35, 15, 0:0, 0:0, TECH_ARCHERY, 0.0
24, 16, 100, 25, 60, 0:0, 0:0, TECH_ARCHERY, 0.0
24, 17, 100, 0, 20, 0:0, 0:0, NO_TECH, 0.0
24, 18, 100, 0, 15, 0:0, 0:0, TECH_HORSEBACK_RIDING, 0.0
24, 19, 100, 25, 80, 0:0, 0:0, TECH_HORSEBACK_RIDING, 0.0
24, 20, 100, 0, 0, 0:0, 0:0, NO_TECH, 0.0
24, 21, 100, 0, 0, 0:0, 0:0, NO_TECH, 0.0
24, 22, 60, 0, 35, 0:0, 0:0, TECH_ARCHERY, 0.0
24, 23, 100, 25, 80, 0:0, 0:0, TECH_ARCHERY, 0.0
24, 24, 100, 0, 0, 0:0, 0:0, NO_TECH, 0.0
24, 25, 100, 35, 48, 0:0, 0:0, TECH_ARCHERY, 0.0
24, 26, 60, 0, 20, 0:0, 0:0, NO_TECH, 0.0
24, 27, 100, 0, 60, 0:0, 0:0, NO_TECH, 0.0
24, 28, 100, 0, 0, 0:0, 0:0, NO_TECH, 0.0
24, 29, 80, 10, 0, 0:0, 0:0, NO_TECH, 0.0
24, 30, 100, 0, 60, 0:0, 0:0, TECH_ARCHERY, 0.0
24, 31, 100, 25, 80, 0:0, 0:0, TECH_ARCHERY, 0.0
24, 62, 0, 0, 0, 0:0, 0:0, NO_TECH, 2.0
25, 0, 50, 0, 120, 4:0, 3:1, TECH_BRONZE_WORKING, 2.5
25, 1, 218, 10, 30, 4:0, 3:1, TECH_IRON_WORKING, 0.1
25, 2, 153, 35, 80, 1:0, 3:1, TECH_IRON_WORKING, 0.4
25, 3, 160, 0, 80, 2:0, 2:1, TECH_ENGINEERING, 0.0
25, 4, 143, 10, 0, 3:0, 3:1, TECH_ENGINEERING, 0.0
25, 5, 185, 0, 0, 4:0, 3:3, NO_TECH, 0.0
25, 6, 150, 95, 20, 2:1, 2:3, NO_TECH, 0.1
25, 7, 105, 0, 40, 2:0, 2:3, TECH_ARCHERY, 0.0
25, 8, 316, 0, 100, 3:0, 3:1, TECH_IRON_WORKING, 0.0
25, 9, 185, 25, 80, 2:0, 2:1, TECH_HORSEBACK_RIDING, -0.1
25, 10, 100, 35, 55, 0:0, 0:0, TECH_ARCHERY, 0.0
25, 11, 100, 0, 0, 0:0, 0:0, NO_TECH, 0.0
25, 12, 100, 0, 20, 0:0, 0:0, NO_TECH, 0.0
25, 13, 100, 0, 0, 0:0, 0:0, NO_TECH, 0.0
25, 14, 100, 25, 0, 0:0, 0:0, TECH_ARCHERY, 0.0
25, 15, 20, 35, 0, 0:0, 0:0, TECH_ARCHERY, 0.8
25, 16, 100, 25, 60, 0:0, 0:0, TECH_ARCHERY, 0.0
25, 17, 100, 0, 30, 0:0, 0:0, NO_TECH, 0.0
25, 18, 100, 0, 15, 0:0, 0:0, TECH_HORSEBACK_RIDING, 0.0
25, 19, 100, 25, 80, 0:0, 0:0, TECH_HORSEBACK_RIDING, 0.0
25, 20, 100, 0, 0, 0:0, 0:0, NO_TECH, 0.0
25, 21, 100, 0, 0, 0:0, 0:0, NO_TECH, 0.0
25, 22, 40, 0, 35, 0:0, 0:0, TECH_ARCHERY, 0.0
25, 23, 100, 25, 80, 0:0, 0:0, TECH_ARCHERY, 0.0
25, 24, 100, 0, 0, 0:0, 0:0, NO_TECH, 0.0
25, 25, 100, 25, 104, 0:0, 0:0, TECH_HORSEBACK_RIDING, 0.0
25, 26, 80, 0, 20, 0:0, 0:0, NO_TECH, 0.0
25, 27, 100, 0, 60, 0:0, 0:0, NO_TECH, 0.0
25, 28, 100, 0, 0, 0:0, 0:0, NO_TECH, 0.0
25, 29, 100, 35, 0, 0:0, 0:0, TECH_ARCHERY, 0.0
25, 30, 100, 0, 60, 0:0, 0:0, TECH_ARCHERY, 0.0
25, 31, 100, 25, 80, 0:0, 0:0, TECH_ARCHERY, 0.0
25, 62, 0, 0, 0, 0:0, 0:0, NO_TECH, 2.0
26, 0, 50, 0, 160, 4:0, 3:1, TECH_BRONZE_WORKING, 3.5
26, 1, 198, 10, 30, 5:0, 3:1, TECH_IRON_WORKING, 0.3
26, 2, 153, 35, 100, 1:0, 3:1, TECH_IRON_WORKING, 0.4
26, 3, 185, 0, 80, 2:1, 2:1, TECH_ENGINEERING, 0.0
26, 4, 143, 35, 20, 3:0, 3:1, TECH_ENGINEERING, 0.0
26, 5, 185, 0, 0, 4:0, 3:3, NO_TECH, 0.0
26, 6, 135, 95, 20, 2:0, 2:3, NO_TECH, 0.3
26, 7, 105, 0, 0, 1:0, 2:3, TECH_ARCHERY, 0.2
26, 8, 344, 0, 100, 3:0, 3:1, TECH_IRON_WORKING, 0.0
26, 9, 185, 25, 80, 2:0, 2:1, TECH_HORSEBACK_RIDING, 0.0
26, 10, 100, 35, 40, 0:0, 0:0, TECH_ARCHERY, 0.0
26, 11, 100, 0, 0, 0:0, 0:0, NO_TECH, 0.0
26, 12, 100, 0, 20, 0:0, 0:0, NO_TECH, 0.0
26, 13, 100, 0, 0, 0:0, 0:0, NO_TECH, 0.0
26, 14, 100, 25, 0, 0:0, 0:0, TECH_HORSEBACK_RIDING, 0.0
26, 15, 20, 35, 15, 0:0, 0:0, TECH_ARCHERY, 0.8
26, 16, 100, 25, 60, 0:0, 0:0, TECH_ARCHERY, 0.1
26, 17, 125, 0, 30, 0:0, 0:0, NO_TECH, 0.0
26, 18, 100, 0, 15, 0:0, 0:0, TECH_HORSEBACK_RIDING, 0.0
26, 19, 100, 35, 60, 0:0, 0:0, TECH_ENGINEERING, 0.0
26, 20, 100, 0, 0, 0:0, 0:0, NO_TECH, 0.0
26, 21, 100, 0, 0, 0:0, 0:0, NO_TECH, 0.0
26, 22, 80, 0, 35, 0:0, 0:0, TECH_ARCHERY, 0.0
26, 23, 100, 25, 80, 0:0, 0:0, TECH_ARCHERY, 0.0
26, 24, 100, 0, 0, 0:0, 0:0, NO_TECH, 0.0
26, 25, 100, 25, 104, 0:0, 0:0, TECH_HORSEBACK_RIDING, 0.1
26, 26, 60, 0, 20, 0:0, 0:0, NO_TECH, 0.0
26, 27, 100, 0, 40, 0:0, 0:0, NO_TECH, 0.0
26, 28, 100, 0, 0, 0:0, 0:0, NO_TECH, 0.0
26, 29, 100, 35, 0, 0:0, 0:0, TECH_ARCHERY, 0.0
26, 30, 100, 0, 60, 0:0, 0:0, TECH_ARCHERY, 0.0
26, 31, 100, 25, 80, 0:0, 0:0, TECH_HORSEBACK_RIDING, 0.0
26, 62, 0, 0, 0, 0:0, 0:0, NO_TECH, 2.0
27, 0, 75, 0, 160, 4:1, 3:1, TECH_BRONZE_WORKING, 3.7
27, 1, 198, 10, 30, 5:0, 3:1, TECH_IRON_WORKING, 0.2
27, 2, 153, 25, 80, 1:0, 3:1, TECH_IRON_WORKING, 0.4
27, 3, 185, 0, 80, 1:1, 2:1, TECH_ENGINEERING, 0.0
27, 4, 143, 35, 20, 4:0, 3:1, TECH_ENGINEERING, 0.0
27, 5, 185, 0, 0, 4:0, 3:3, NO_TECH, 0.0
27, 6, 135, 70, 20, 2:0, 2:3, NO_TECH, 0.3
27, 7, 130, 0, 0, 1:1, 2:3, TECH_ARCHERY, 0.3
27, 8, 372, 0, 80, 3:0, 3:3, TECH_IRON_WORKING, 0.0
27, 9, 185, 25, 80, 2:0, 2:1, TECH_HORSEBACK_RIDING, 0.0
27, 10, 100, 35, 40, 0:0, 0:0, TECH_ARCHERY, 0.0
27, 11, 100, 0, 0, 0:0, 0:0, NO_TECH, 0.0
27, 12, 100, 10, 20, 0:0, 0:0, NO_TECH, 0.0
27, 13, 100, 0, 0, 0:0, 0:0, NO_TECH, 0.0
27, 14, 100, 0, 0, 0:0, 0:0, TECH_ENGINEERING, 0.0
27, 15, 20, 35, 35, 0:0, 0:0, TECH_ARCHERY, 0.8
27, 16, 100, 25, 88, 0:0, 0:0, TECH_ARCHERY, 0.0
27, 17, 125, 25, 30, 0:0, 0:0, TECH_ENGINEERING, 0.0
27, 18, 100, 0, 15, 0:0, 0:0, TECH_HORSEBACK_RIDING, 0.0
27, 19, 100, 35, 60, 0:0, 0:0, TECH_ENGINEERING, 0.0
27, 20, 100, 0, 0, 0:0, 0:0, NO_TECH, 0.0
27, 21, 100, 0, 0, 0:0, 0:0, NO_TECH, 0.0
27, 22, 80, 0, 35, 0:0, 0:0, NO_TECH, 0.0
27, 23, 100, 25, 80, 0:0, 0:0, TECH_ARCHERY, 0.0
27, 24, 100, 0, 0, 0:0, 0:0, NO_TECH, 0.0
27, 25, 100, 25, 76, 0:0, 0:0, TECH_ENGINEERING, 0.0
27, 26, 60, 0, 20, 0:0, 0:0, NO_TECH, 0.0
27, 27, 100, 0, 40, 0:0, 0:0, NO_TECH, 0.0
27, 28, 100, 0, 0, 0:0, 0:0, NO_TECH, 0.0
27, 29, 80, 25, 0, 0:0, 0:0, TECH_ARCHERY, 0.0
27, 30, 100, 0, 60, 0:0, 0:0, TECH_ARCHERY, 0.0
27, 31, 100, 25, 100, 0:0, 0:0, TECH_HORSEBACK_RIDING, 0.0
27, 62, 0, 0, 0, 0:0, 0:0, NO_TECH, 2.0
28, 0, 85, 0, 140, 4:1, 3:3, TECH_BRONZE_WORKING, 2.7
28, 1, 198, 0, 30, 5:0, 3:1, TECH_IRON_WORKING, 0.2
28, 2, 153, 25, 80, 2:0, 3:1, TECH_IRON_WORKING, 0.4
28, 3, 185, 0, 80, 2:0, 2:1, TECH_IRON_WORKING, 0.4
28, 4, 171, 25, 20, 2:0, 3:1, TECH_ENGINEERING, 0.0
28, 5, 185, 0, 0, 4:0, 3:3, NO_TECH, 0.0
28, 6, 135, 90, 20, 2:0, 2:3, NO_TECH, 0.5
28, 7, 130, 0, 0, 1:1, 2:3, TECH_ARCHERY, 0.3
28, 8, 400, 0, 100, 3:0, 3:3, TECH_IRON_WORKING, 0.0
28, 9, 185, 25, 80, 2:0, 2:1, TECH_HORSEBACK_RIDING, 0.0
28, 10, 100, 25, 55, 0:0, 0:0, TECH_ARCHERY, 0.0
28, 11, 100, 0, 0, 0:0, 0:0, NO_TECH, 0.0
28, 12, 120, 10, 20, 0:0, 0:0, NO_TECH, 0.0
28, 13, 100, 0, 0, 0:0, 0:0, NO_TECH, 0.0
28, 14, 100, 0, 0, 0:0, 0:0, TECH_IRON_WORKING, 0.0
28, 15, 20, 35, 35, 0:0, 0:0, TECH_HORSEBACK_RIDING, 0.8
28, 16, 100, 0, 88, 0:0, 0:0, TECH_ARCHERY, 0.0
28, 17, 150, 25, 40, 0:0, 0:0, TECH_ENGINEERING, 0.0
28, 18, 125, 0, 15, 0:0, 0:0, TECH_HORSEBACK_RIDING, 0.0
28, 19, 100, 35, 60, 0:0, 0:0, TECH_IRON_WORKING, 0.0
28, 20, 100, 0, 0, 0:0, 0:0, NO_TECH, 0.0
28, 21, 100, 0, 0, 0:0, 0:0, NO_TECH, 0.0
28, 22, 60, 0, 35, 0:0, 0:0, NO_TECH, 0.0
28, 23, 100, 25, 80, 0:0, 0:0, TECH_IRON_WORKING, 0.0
28, 24, 100, 0, 0, 0:0, 0:0, NO_TECH, 0.0
28, 25, 100, 0, 40, 0:0, 0:0, TECH_ENGINEERING, 0.0
28, 26, 40, 0, 40, 0:0, 0:0, NO_TECH, 0.0
28, 27, 100, 0, 40, 0:0, 0:0, NO_TECH, 0.0
28, 28, 100, 0, 0, 0:0, 0:0, NO_TECH, 0.0
28, 29, 100, 25, 20, 0:0, 0:0, TECH_ARCHERY, 0.0
28, 30, 100, 0, 60, 0:0, 0:0, TECH_HORSEBACK_RIDING, 0.0
28, 31, 100, 0, 100, 0:0, 0:0, TECH_ENGINEERING, 0.0
28, 62, 0, 0, 0, 0:0, 0:0, NO_TECH, 2.0
29, 0, 85, 0, 150, 5:1, 3:1, TECH_HORSEBACK_RIDING, 3.8
29, 1, 226, 0, 20, 4:0, 3:1, TECH_IRON_WORKING, 0.2
29, 2, 153, 0, 100, 2:0, 3:1, TECH_IRON_WORKING, 0.4
29, 3, 243, 0, 80, 1:0, 2:1, TECH_IRON_WORKING, 0.3
29, 4, 171, 25, 20, 2:0, 3:1, TECH_IRON_WORKING, 0.0
29, 5, 185, 0, 0, 4:0, 3:3, NO_TECH, 0.0
29, 6, 135, 65, 20, 2:0, 2:3, NO_TECH, 0.5
29, 7, 130, 0, 0, 1:1, 2:3, TECH_ARCHERY, 0.4
29, 8, 400, 0, 100, 3:0, 3:3, TECH_IRON_WORKING, 0.0
29, 9, 185, 0, 100, 2:0, 2:1, TECH_HORSEBACK_RIDING, 0.0
29, 10, 100, 25, 55, 0:0, 0:0, TECH_ARCHERY, 0.0
29, 11, 100, 0, 0, 0:0, 0:0, NO_TECH, 0.0
29, 12, 120, 10, 35, 0:0, 0:0, NO_TECH, 0.0
29, 13, 100, 0, 0, 0:0, 0:0, NO_TECH, 0.0
29, 14, 100, 0, 0, 0:0, 0:0, TECH_IRON_WORKING, 0.0
29, 15, 20, 25, 35, 0:0, 0:0, TECH_HORSEBACK_RIDING, 0.0
29, 16, 100, 0, 88, 0:0, 0:0, TECH_ARCHERY, 0.0
29, 17, 150, 25, 60, 0:0, 0:0, TECH_ENGINEERING, 0.0
29, 18, 125, 0, 15, 0:0, 0:0, TECH_HORSEBACK_RIDING, 0.0
29, 19, 100, 35, 60, 0:0, 0:0, TECH_IRON_WORKING, 0.0
29, 20, 100, 0, 0, 0:0, 0:0, NO_TECH, 0.0
29, 21, 100, 0, 0, 0:0, 0:0, NO_TECH, 0.0
29, 22, 60, 0, 35, 0:0, 0:0, NO_TECH, 0.0
29, 23, 100, 0, 80, 0:0, 0:0, TECH_IRON_WORKING, 0.0
29, 24, 100, 0, 0, 0:0, 0:0, NO_TECH, 0.0
29, 25, 100, 0, 40, 0:0, 0:0, TECH_IRON_WORKING, 0.0
29, 26, 60, 0, 40, 0:0, 0:0, NO_TECH, 0.0
29, 27, 100, 0, 40, 0:0, 0:0, NO_TECH, 0.0
29, 28, 100, 0, 0, 0:0, 0:0, NO_TECH, 0.0
29, 29, 100, 25, 20, 0:0, 0:0, TECH_ARCHERY, 0.0
29, 30, 100, 0, 60, 0:0, 0:0, TECH_ENGINEERING, 0.0
29, 31, 100, 0, 100, 0:0, 0:0, TECH_ENGINEERING, 0.0
29, 62, 0, 0, 0, 0:0, 0:0, NO_TECH, 2.0
30, 0, 88, 10, 120, 5:1, 3:1, TECH_HORSEBACK_RIDING, 4.0
30, 1, 226, 0, 20, 5:0, 3:1, TECH_IRON_WORKING, 0.3
30, 2, 153, 0, 100, 4:0, 3:1, TECH_IRON_WORKING, 0.4
30, 3, 243, 0, 80, 2:0, 2:1, TECH_IRON_WORKING, 0.4
30, 4, 171, 25, 20, 5:0, 3:1, TECH_IRON_WORKING, 0.0
30, 5, 185, 0, 0, 4:0, 3:3, NO_TECH, 0.0
30, 6, 135, 90, 20, 1:0, 2:3, NO_TECH, 0.5
30, 7, 130, 0, 0, 1:1, 2:3, NO_TECH, 0.4
30, 8, 456, 0, 80, 3:0, 3:3, TECH_IRON_WORKING, 0.0
30, 9, 185, 0, 60, 2:0, 2:1, TECH_BRONZE_WORKING, 0.0
30, 10, 100, 25, 55, 0:0, 0:0, TECH_ARCHERY, 0.0
30, 11, 100, 0, 0, 0:0, 0:0, NO_TECH, 0.0
30, 12, 120, 0, 35, 0:0, 0:0, NO_TECH, 0.0
30, 13, 100, 0, 0, 0:0, 0:0, NO_TECH, 0.0
30, 14, 100, 0, 0, 0:0, 0:0, TECH_IRON_WORKING, 0.0
30, 15, 20, 25, 35, 0:0, 0:0, TECH_HORSEBACK_RIDING, 0.0
30, 16, 100, 0, 116, 0:0, 0:0, TECH_ARCHERY, 0.0
30, 17, 150, 25, 60, 0:0, 0:0, TECH_ENGINEERING, 0.0
30, 18, 150, 0, 15, 0:0, 0:0, TECH_HORSEBACK_RIDING, 0.0
30, 19, 100, 35, 80, 0:0, 0:0, TECH_IRON_WORKING, 0.0
30, 20, 100, 0, 0, 0:0, 0:0, NO_TECH, 0.0
30, 21, 125, 0, 0, 0:0, 0:0, NO_TECH, 0.0
30, 22, 40, 0, 35, 0:0, 0:0, NO_TECH, 0.0
30, 23, 100, 0, 80, 0:0, 0:0, TECH_IRON_WORKING, 0.0
30, 24, 100, 0, 0, 0:0, 0:0, NO_TECH, 0.0
30, 25, 100, 0, 40, 0:0, 0:0, TECH_IRON_WORKING, 0.0
30, 26, 60, 0, 40, 0:0, 0:0, NO_TECH, 0.0
30, 27, 100, 0, 40, 0:0, 0:0, NO_TECH, 0.0
30, 28, 100, 0, 0, 0:0, 0:0, NO_TECH, 0.0
30, 29, 100, 25, 20, 0:0, 0:0, TECH_ARCHERY, 0.0
30, 30, 100, 0, 60, 0:0, 0:0, TECH_IRON_WORKING, 0.0
30, 31, 100, 0, 60, 0:0, 0:0, TECH_IRON_WORKING, 0.0
30, 62, 0, 0, 0, 0:0, 0:0, NO_TECH, 2.0
31, 0, 88, 30, 108, 4:1, 3:1, TECH_BRONZE_WORKING, 3.9
31, 1, 226, 0, 20, 5:0, 3:1, TECH_IRON_WORKING, 0.2
31, 2, 153, 0, 100, 2:0, 3:1, TECH_IRON_WORKING, 0.0
31, 3, 273, 0, 80, 2:0, 2:1, TECH_IRON_WORKING, 0.3
31, 4, 171, 25, 20, 5:0, 3:1, TECH_IRON_WORKING, 0.0
31, 5, 185, 0, 0, 4:0, 3:3, NO_TECH, 0.0
31, 6, 175, 100, 20, 2:0, 2:3, NO_TECH, 0.5
31, 7, 130, 25, 0, 1:0, 2:3, TECH_ARCHERY, 0.5
31, 8, 456, 0, 80, 3:0, 3:3, TECH_IRON_WORKING, 0.0
31, 9, 185, 0, 60, 2:0, 2:1, TECH_BRONZE_WORKING, 0.0
31, 10, 100, 35, 55, 0:0, 0:0, TECH_ARCHERY, 0.0
31, 11, 100, 0, 0, 0:0, 0:0, NO_TECH, 0.0
31, 12, 120, 10, 48, 0:0, 0:0, NO_TECH, 0.0
31, 13, 100, 0, 0, 0:0, 0:0, NO_TECH, 0.0
31, 14, 100, 0, 0, 0:0, 0:0, TECH_IRON_WORKING, 0.0
31, 15, 20, 0, 35, 0:0, 0:0, TECH_HORSEBACK_RIDING, 0.0
31, 16, 100, 0, 116, 0:0, 0:0, TECH_ARCHERY, 0.0
31, 17, 150, 25, 100, 0:0, 0:0, TECH_ENGINEERING, 0.0
31, 18, 150, 0, 20, 0:0, 0:0, TECH_HORSEBACK_RIDING, 0.0
31, 19, 100, 60, 80, 0:0, 0:0, TECH_IRON_WORKING, 0.0
31, 20, 100, 0, 0, 0:0, 0:0, NO_TECH, 0.0
31, 21, 125, 0, 0, 0:0, 0:0, NO_TECH, 0.0
31, 22, 40, 0, 35, 0:0, 0:0, TECH_HORSEBACK_RIDING, 0.0
31, 23, 100, 0, 80, 0:0, 0:0, TECH_IRON_WORKING, 0.0
31, 24, 100, 0, 0, 0:0, 0:0, NO_TECH, 0.0
31, 25, 100, 0, 60, 0:0, 0:0, TECH_IRON_WORKING, 0.0
31, 26, 40, 25, 40, 0:0, 0:0, TECH_HORSEBACK_RIDING, 0.0
31, 27, 100, 0, 68, 0:0, 0:0, NO_TECH, 0.0
31, 28, 100, 0, 0, 0:0, 0:0, NO_TECH, 0.0
31, 29, 100, 0, 20, 0:0, 0:0, TECH_ARCHERY, 0.0
31, 30, 100, 0, 60, 0:0, 0:0, TECH_IRON_WORKING, 0.0
31, 31, 100, 0, 80, 0:0, 0:0, TECH_IRON_WORKING, 0.0
31, 62, 0, 0, 0, 0:0, 0:0, NO_TECH, 2.0
32, 0, 88, 30, 138, 3:2, 3:3, TECH_BRONZE_WORKING, 3.8
32, 1, 196, 0, 30, 5:0, 3:1, TECH_IRON_WORKING, 0.2
32, 2, 153, 0, 80, 2:0, 3:1, TECH_IRON_WORKING, 0.4
32, 3, 303, 0, 85, 2:0, 2:1, TECH_IRON_WORKING, 0.2
32, 4, 171, 0, 20, 5:0, 3:1, TECH_IRON_WORKING, 0.0
32, 5, 210, 0, 0, 4:0, 3:3, NO_TECH, 0.0
32, 6, 175, 100, 40, 2:0, 2:3, NO_TECH, 0.4
32, 7, 130, 25, 0, 0:0, 2:3, TECH_ARCHERY, 0.4
32, 8, 504, 0, 80, 3:1, 3:3, TECH_IRON_WORKING, 0.0
32, 9, 185, 0, 60, 2:0, 2:1, TECH_BRONZE_WORKING, 0.0
32, 10, 100, 35, 55, 0:0, 0:0, TECH_ARCHERY, 0.0
32, 11, 100, 0, 0, 0:0, 0:0, NO_TECH, 0.0
32, 12, 120, 10, 48, 0:0, 0:0, NO_TECH, 0.0
32, 13, 100, 0, 0, 0:0, 0:0, NO_TECH, 0.0
32, 14, 125, 0, 0, 0:0, 0:0, TECH_IRON_WORKING, 0.0
32, 15, 20, 0, 35, 0:0, 0:0, TECH_HORSEBACK_RIDING, 0.0
32, 16, 100, 0, 116, 0:0, 0:0, TECH_HORSEBACK_RIDING, 0.0
32, 17, 150, 0, 100, 0:0, 0:0, TECH_ENGINEERING, 0.0
32, 18, 150, 0, 20, 0:0, 0:0, TECH_HORSEBACK_RIDING, 0.0
32, 19, 100, 60, 80, 0:0, 0:0, TECH_IRON_WORKING, 0.0
32, 20, 100, 0, 0, 0:0, 0:0, NO_TECH, 0.0
32, 21, 125, 0, 0, 0:0, 0:0, NO_TECH, 0.0
32, 22, 20, 0, 35, 0:0, 0:0, TECH_HORSEBACK_RIDING, 0.0
32, 23, 100, 0, 80, 0:0, 0:0, TECH_IRON_WORKING, 0.0
32, 24, 100, 0, 0, 0:0, 0:0, NO_TECH, 0.0
32, 25, 150, 0, 60, 0:0, 0:0, TECH_IRON_WORKING, 0.0
32, 26, 40, 25, 40, 0:0, 0:0, TECH_HORSEBACK_RIDING, 0.0
32, 27, 100, 0, 68, 0:0, 0:0, NO_TECH, 0.0
32, 28, 100, 0, 0, 0:0, 0:0, NO_TECH, 0.0
32, 29, 100, 0, 20, 0:0, 0:0, TECH_ARCHERY, 0.0
32, 30, 100, 0, 40, 0:0, 0:0, TECH_IRON_WORKING, 0.0
32, 31, 100, 0, 80, 0:0, 0:0, TECH_IRON_WORKING, 0.0
32, 62, 0, 0, 0, 0:0, 0:0, NO_TECH, 2.0
33, 0, 88, 30, 123, 3:2, 3:3, TECH_BRONZE_WORKING, 3.9
