Game Turn, City, Production Added, Current Item, Current Production, Production Needed, Overflow
5, LOC_CITY_NAME_MBANZA_KONGO, 5.4, UNIT_SCOUT, 24.7, 30, 0.0
5, LOC_CITY_NAME_MBUMBI, 14.6, BUILDING_LYCEUM, 43.8, 60, 0.0
5, LOC_CITY_NAME_ISTANBUL, 12.6, BUILDING_LYCEUM, 37.7, 60, 0.0
5, LOC_CITY_NAME_HALEP, 4.3, BUILDING_LYCEUM, 4.3, 60, 0.0
5, LOC_CITY_NAME_MEROE, 21.0, BUILDING_LYCEUM, 21.0, 60, 0.0
5, LOC_CITY_NAME_ANGKOR_THOM, 12.6, BUILDING_LYCEUM, 33.6, 60, 0.0
5, LOC_CITY_NAME_BUDA, 20.3, UNIT_SLINGER, 20.3, 35, 0.0
5, LOC_CITY_NAME_AACHEN, 16.7, BUILDING_LYCEUM, 41.8, 60, 0.0
5, LOC_CITY_NAME_QARAQORUM, 10.5, BUILDING_LYCEUM, 31.5, 60, 0.0
5, LOC_CITY_NAME_URUK, 25.1, UNIT_BUILDER, 25.1, 54, 0.0
5, LOC_CITY_NAME_MEXICO_CITY, 6.8, UNIT_BUILDER, 20.5, 50, 0.0
5, LOC_CITY_NAME_NAN_MADOL, 6.8, UNIT_BUILDER, 20.5, 50, 0.0
5, LOC_CITY_NAME_BOLOGNA, 2.8, BUILDING_MONUMENT, 8.5, 60, 0.0
5, LOC_CITY_NAME_AKKAD, 3.4, BUILDING_LYCEUM, 13.5, 60, 0.0
5, LOC_CITY_NAME_BANDAR_BRUNEI, 2.3, BUILDING_LYCEUM, 9.1, 60, 0.0
5, LOC_CITY_NAME_VALLETTA, 3.4, BUILDING_LYCEUM, 13.5, 60, 0.0
5, LOC_CITY_NAME_BABYLON, 3.4, BUILDING_LYCEUM, 13.5, 60, 0.0
5, LOC_CITY_NAME_GENEVA, 3.4, BUILDING_LYCEUM, 13.5, 60, 0.0
5, LOC_CITY_NAME_ANTIOCH, 3.4, BUILDING_LYCEUM, 13.5, 60, 0.0
5, LOC_CITY_NAME_LA_VENTA, 2.8, BUILDING_LYCEUM, 11.3, 60, 0.0
5, LOC_CITY_NAME_CAHOKIA, 3.4, BUILDING_LYCEUM, 13.5, 60, 0.0
5, LOC_CITY_NAME_ANTANANARIVO, 3.4, BUILDING_LYCEUM, 13.5, 60, 0.0
5, LOC_CITY_NAME_VILNIUS, 2.8, BUILDING_LYCEUM, 11.3, 60, 0.0
5, LOC_CITY_NAME_GRANADA, 11.8, UNIT_BUILDER, 35.3, 50, 0.0
5, LOC_CITY_NAME_KABUL, 6.8, UNIT_BUILDER, 20.5, 50, 0.0
5, LOC_CITY_NAME_ZANZIBAR, 2.8, BUILDING_LYCEUM, 11.3, 60, 0.0
5, LOC_CITY_NAME_MOHENJO_DARO, 3.9, BUILDING_LYCEUM, 15.7, 60, 0.0
5, LOC_CITY_NAME_LISBON, 2.3, BUILDING_MONUMENT, 6.8, 60, 0.0
5, LOC_CITY_NAME_KANDY, 2.8, BUILDING_LYCEUM, 11.3, 60, 0.0
5, LOC_CITY_NAME_NGAZARGAMU, 2.3, BUILDING_MONUMENT, 6.8, 60, 0.0
5, LOC_CITY_NAME_HONG_KONG, 3.4, BUILDING_LYCEUM, 13.5, 60, 0.0
5, LOC_CITY_NAME_BRUSSELS, 3.4, BUILDING_LYCEUM, 13.5, 60, 0.0
6, LOC_CITY_NAME_MBANZA_KONGO, 6.4, UNIT_SCOUT, 31.1, 30, 1.1
6, LOC_CITY_NAME_MBUMBI, 14.6, BUILDING_LYCEUM, 58.5, 60, 0.0
6, LOC_CITY_NAME_ISTANBUL, 12.6, BUILDING_LYCEUM, 50.3, 60, 0.0
6, LOC_CITY_NAME_MEROE, 10.5, BUILDING_LYCEUM, 31.5, 60, 0.0
6, LOC_CITY_NAME_ANGKOR_THOM, 8.5, BUILDING_LYCEUM, 42.0, 60, 0.0
6, LOC_CITY_NAME_BUDA, 12.6, UNIT_SLINGER, 32.8, 35, 0.0
6, LOC_CITY_NAME_AACHEN, 16.7, BUILDING_LYCEUM, 58.5, 60, 0.0
6, LOC_CITY_NAME_ULM, 6.3, BUILDING_LYCEUM, 6.3, 60, 0.0
6, LOC_CITY_NAME_QARAQORUM, 10.5, BUILDING_LYCEUM, 42.0, 60, 0.0
6, LOC_CITY_NAME_AKSU, 4.3, BUILDING_LYCEUM, 4.3, 60, 0.0
6, LOC_CITY_NAME_ROME, 25.1, UNIT_SLINGER, 25.1, 35, 0.0
6, LOC_CITY_NAME_URUK, 10.5, BUILDING_LYCEUM, 21.0, 60, 0.0
6, LOC_CITY_NAME_MEXICO_CITY, 10.7, UNIT_BUILDER, 31.2, 50, 0.0
6, LOC_CITY_NAME_NAN_MADOL, 9.1, UNIT_BUILDER, 29.6, 50, 0.0
6, LOC_CITY_NAME_BOLOGNA, 3.4, BUILDING_MONUMENT, 11.8, 60, 0.0
6, LOC_CITY_NAME_AKKAD, 3.4, BUILDING_LYCEUM, 16.9, 60, 0.0
6, LOC_CITY_NAME_BANDAR_BRUNEI, 2.3, BUILDING_LYCEUM, 11.4, 60, 0.0
6, LOC_CITY_NAME_VALLETTA, 3.4, BUILDING_LYCEUM, 16.9, 60, 0.0
6, LOC_CITY_NAME_BABYLON, 3.4, BUILDING_LYCEUM, 16.9, 60, 0.0
6, LOC_CITY_NAME_GENEVA, 3.4, BUILDING_LYCEUM, 16.9, 60, 0.0
6, LOC_CITY_NAME_ANTIOCH, 4.7, BUILDING_LYCEUM, 18.2, 60, 0.0
6, LOC_CITY_NAME_LA_VENTA, 2.8, BUILDING_LYCEUM, 14.1, 60, 0.0
6, LOC_CITY_NAME_CAHOKIA, 3.4, BUILDING_LYCEUM, 16.9, 60, 0.0
6, LOC_CITY_NAME_ANTANANARIVO, 3.4, BUILDING_LYCEUM, 16.9, 60, 0.0
6, LOC_CITY_NAME_VILNIUS, 2.8, BUILDING_LYCEUM, 14.1, 60, 0.0
6, LOC_CITY_NAME_GRANADA, 11.8, UNIT_BUILDER, 47.1, 50, 0.0
6, LOC_CITY_NAME_KABUL, 9.1, UNIT_BUILDER, 29.6, 50, 0.0
6, LOC_CITY_NAME_ZANZIBAR, 3.6, BUILDING_LYCEUM, 14.9, 60, 0.0
6, LOC_CITY_NAME_MOHENJO_DARO, 3.9, BUILDING_LYCEUM, 19.6, 60, 0.0
6, LOC_CITY_NAME_LISBON, 2.3, BUILDING_MONUMENT, 9.1, 60, 0.0
6, LOC_CITY_NAME_KANDY, 2.8, BUILDING_LYCEUM, 14.1, 60, 0.0
6, LOC_CITY_NAME_NGAZARGAMU, 2.3, BUILDING_MONUMENT, 9.1, 60, 0.0
6, LOC_CITY_NAME_HONG_KONG, 3.4, BUILDING_LYCEUM, 16.9, 60, 0.0
6, LOC_CITY_NAME_BRUSSELS, 3.4, BUILDING_LYCEUM, 16.9, 60, 0.0
7, LOC_CITY_NAME_MBANZA_KONGO, 8.6, DISTRICT_CAMPUS, 8.6, 78, 0.0
7, LOC_CITY_NAME_MBUMBI, 14.6, BUILDING_LYCEUM, 73.1, 60, 13.1
7, LOC_CITY_NAME_MBANZA_NSUNDI, 8.3, BUILDING_MONUMENT, 8.3, 60, 0.0
7, LOC_CITY_NAME_ISTANBUL, 12.6, BUILDING_LYCEUM, 62.8, 60, 2.8
7, LOC_CITY_NAME_HALEP, 10.5, BUILDING_MONUMENT, 10.5, 60, 0.0
7, LOC_CITY_NAME_MEROE, 10.5, BUILDING_LYCEUM, 42.0, 60, 0.0
7, LOC_CITY_NAME_KERMA, 6.3, BUILDING_LYCEUM, 6.3, 60, 0.0
7, LOC_CITY_NAME_ANGKOR_THOM, 12.6, BUILDING_LYCEUM, 54.6, 60, 0.0
7, LOC_CITY_NAME_BUDA, 12.6, UNIT_SLINGER, 45.4, 35, 10.4
7, LOC_CITY_NAME_AACHEN, 16.7, BUILDING_LYCEUM, 75.1, 60, 11.0
7, LOC_CITY_NAME_QARAQORUM, 12.6, BUILDING_LYCEUM, 54.6, 60, 0.0
7, LOC_CITY_NAME_ROME, 14.6, UNIT_SLINGER, 39.7, 35, 0.6
7, LOC_CITY_NAME_OSTIA, 8.3, BUILDING_LYCEUM, 8.3, 60, 0.0
7, LOC_CITY_NAME_URUK, 14.6, BUILDING_LYCEUM, 35.6, 60, 0.0
7, LOC_CITY_NAME_MEXICO_CITY, 10.7, UNIT_BUILDER, 42.0, 50, 0.0
7, LOC_CITY_NAME_NAN_MADOL, 9.1, UNIT_BUILDER, 38.6, 50, 0.0
7, LOC_CITY_NAME_BOLOGNA, 3.4, BUILDING_MONUMENT, 15.2, 60, 0.0
7, LOC_CITY_NAME_AKKAD, 3.4, BUILDING_LYCEUM, 20.2, 60, 0.0
7, LOC_CITY_NAME_BANDAR_BRUNEI, 2.3, BUILDING_LYCEUM, 13.6, 60, 0.0
7, LOC_CITY_NAME_VALLETTA, 3.4, BUILDING_LYCEUM, 20.2, 60, 0.0
7, LOC_CITY_NAME_BABYLON, 3.4, BUILDING_LYCEUM, 20.2, 60, 0.0
7, LOC_CITY_NAME_GENEVA, 3.4, BUILDING_LYCEUM, 20.2, 60, 0.0
7, LOC_CITY_NAME_ANTIOCH, 4.7, BUILDING_LYCEUM, 22.8, 60, 0.0
7, LOC_CITY_NAME_LA_VENTA, 2.8, BUILDING_LYCEUM, 16.9, 60, 0.0
7, LOC_CITY_NAME_CAHOKIA, 3.4, BUILDING_LYCEUM, 20.2, 60, 0.0
7, LOC_CITY_NAME_ANTANANARIVO, 3.4, BUILDING_LYCEUM, 20.2, 60, 0.0
7, LOC_CITY_NAME_VILNIUS, 2.3, BUILDING_LYCEUM, 16.4, 60, 0.0
7, LOC_CITY_NAME_GRANADA, 11.8, UNIT_BUILDER, 58.8, 50, 1.0
7, LOC_CITY_NAME_KABUL, 9.1, UNIT_BUILDER, 38.6, 50, 0.0
7, LOC_CITY_NAME_ZANZIBAR, 3.6, BUILDING_LYCEUM, 18.5, 60, 0.0
7, LOC_CITY_NAME_MOHENJO_DARO, 3.9, BUILDING_LYCEUM, 23.5, 60, 0.0
7, LOC_CITY_NAME_LISBON, 2.3, BUILDING_MONUMENT, 11.4, 60, 0.0
7, LOC_CITY_NAME_KANDY, 2.8, BUILDING_LYCEUM, 16.9, 60, 0.0
7, LOC_CITY_NAME_NGAZARGAMU, 2.3, BUILDING_MONUMENT, 11.4, 60, 0.0
7, LOC_CITY_NAME_HONG_KONG, 5.2, BUILDING_LYCEUM, 22.1, 60, 0.0
7, LOC_CITY_NAME_BRUSSELS, 3.4, BUILDING_LYCEUM, 20.2, 60, 0.0
8, LOC_CITY_NAME_MBANZA_KONGO, 8.9, DISTRICT_CAMPUS, 17.5, 78, 0.0
8, LOC_CITY_NAME_MBUMBI, 27.7, BUILDING_MONUMENT, 27.7, 60, 0.0
8, LOC_CITY_NAME_ISTANBUL, 17.4, UNIT_SCOUT, 30.0, 30, 0.0
8, LOC_CITY_NAME_HALEP, 6.3, BUILDING_MONUMENT, 16.8, 60, 0.0
8, LOC_CITY_NAME_MEROE, 10.5, BUILDING_LYCEUM, 52.6, 60, 0.0
8, LOC_CITY_NAME_KERMA, 6.3, BUILDING_LYCEUM, 12.5, 60, 0.0
8, LOC_CITY_NAME_ANGKOR_THOM, 8.5, BUILDING_LYCEUM, 63.1, 60, 3.1
8, LOC_CITY_NAME_BUDA, 22.9, BUILDING_LYCEUM, 22.9, 60, 0.0
8, LOC_CITY_NAME_AACHEN, 23.6, UNIT_SLINGER, 23.6, 35, 0.0
8, LOC_CITY_NAME_ULM, 12.5, BUILDING_MONUMENT, 12.5, 60, 0.0
8, LOC_CITY_NAME_QARAQORUM, 12.6, BUILDING_LYCEUM, 67.2, 60, 7.2
8, LOC_CITY_NAME_AKSU, 12.5, BUILDING_MONUMENT, 12.5, 60, 0.0
8, LOC_CITY_NAME_ROME, 11.1, BUILDING_LYCEUM, 11.1, 60, 0.0
8, LOC_CITY_NAME_OSTIA, 8.3, BUILDING_LYCEUM, 16.5, 60, 0.0
8, LOC_CITY_NAME_URUK, 23.6, BUILDING_LYCEUM, 59.2, 60, 0.0
8, LOC_CITY_NAME_MEXICO_CITY, 10.7, UNIT_BUILDER, 52.7, 50, 0.0
8, LOC_CITY_NAME_NAN_MADOL, 9.1, UNIT_BUILDER, 47.7, 50, 0.0
8, LOC_CITY_NAME_BOLOGNA, 4.7, BUILDING_MONUMENT, 19.9, 60, 0.0
8, LOC_CITY_NAME_AKKAD, 3.4, BUILDING_LYCEUM, 23.6, 60, 0.0
8, LOC_CITY_NAME_BANDAR_BRUNEI, 2.3, BUILDING_LYCEUM, 15.9, 60, 0.0
8, LOC_CITY_NAME_VALLETTA, 3.4, BUILDING_LYCEUM, 23.6, 60, 0.0
8, LOC_CITY_NAME_BABYLON, 3.4, BUILDING_LYCEUM, 23.6, 60, 0.0
8, LOC_CITY_NAME_GENEVA, 3.4, BUILDING_LYCEUM, 23.6, 60, 0.0
8, LOC_CITY_NAME_ANTIOCH, 4.7, BUILDING_LYCEUM, 27.5, 60, 0.0
8, LOC_CITY_NAME_LA_VENTA, 2.8, BUILDING_LYCEUM, 19.8, 60, 0.0
8, LOC_CITY_NAME_CAHOKIA, 3.4, BUILDING_LYCEUM, 23.6, 60, 0.0
8, LOC_CITY_NAME_ANTANANARIVO, 3.4, BUILDING_LYCEUM, 23.6, 60, 0.0
8, LOC_CITY_NAME_VILNIUS, 2.3, BUILDING_LYCEUM, 18.7, 60, 0.0
8, LOC_CITY_NAME_GRANADA, 4.4, BUILDING_MONUMENT, 4.4, 60, 0.0
8, LOC_CITY_NAME_KABUL, 9.1, UNIT_BUILDER, 47.7, 50, 0.0
8, LOC_CITY_NAME_ZANZIBAR, 3.6, BUILDING_LYCEUM, 22.0, 60, 0.0
8, LOC_CITY_NAME_MOHENJO_DARO, 3.9, BUILDING_LYCEUM, 27.5, 60, 0.0
8, LOC_CITY_NAME_LISBON, 2.3, BUILDING_MONUMENT, 13.6, 60, 0.0
8, LOC_CITY_NAME_KANDY, 2.8, BUILDING_LYCEUM, 19.8, 60, 0.0
8, LOC_CITY_NAME_NGAZARGAMU, 2.3, BUILDING_MONUMENT, 13.6, 60, 0.0
8, LOC_CITY_NAME_HONG_KONG, 5.2, BUILDING_LYCEUM, 27.3, 60, 0.0
8, LOC_CITY_NAME_BRUSSELS, 3.4, BUILDING_LYCEUM, 23.6, 60, 0.0
9, LOC_CITY_NAME_MBANZA_KONGO, 7.5, DISTRICT_CAMPUS, 25.0, 78, 0.0
9, LOC_CITY_NAME_MBUMBI, 19.5, BUILDING_MONUMENT, 47.2, 60, 0.0
9, LOC_CITY_NAME_MBANZA_NSUNDI, 16.5, BUILDING_LYCEUM, 16.5, 60, 0.0
9, LOC_CITY_NAME_ISTANBUL, 19.5, UNIT_SCOUT, 49.5, 30, 15.4
9, LOC_CITY_NAME_HALEP, 6.3, BUILDING_MONUMENT, 23.0, 60, 0.0
9, LOC_CITY_NAME_MEROE, 10.5, BUILDING_LYCEUM, 63.1, 60, 3.1
9, LOC_CITY_NAME_KERMA, 6.3, BUILDING_LYCEUM, 18.8, 60, 0.0
9, LOC_CITY_NAME_ANGKOR_THOM, 15.6, UNIT_SLINGER, 15.6, 35, 0.0
9, LOC_CITY_NAME_BUDA, 21.5, BUILDING_LYCEUM, 44.5, 60, 0.0
9, LOC_CITY_NAME_AACHEN, 15.4, UNIT_SLINGER, 39.0, 35, 4.0
9, LOC_CITY_NAME_ULM, 6.3, BUILDING_MONUMENT, 18.8, 60, 0.0
9, LOC_CITY_NAME_QARAQORUM, 24.6, UNIT_SLINGER, 24.6, 35, 0.0
9, LOC_CITY_NAME_AKSU, 6.3, BUILDING_MONUMENT, 18.8, 60, 0.0
9, LOC_CITY_NAME_ROME, 10.5, BUILDING_LYCEUM, 21.7, 60, 0.0
9, LOC_CITY_NAME_OSTIA, 6.3, BUILDING_LYCEUM, 22.8, 60, 0.0
9, LOC_CITY_NAME_URUK, 23.6, BUILDING_LYCEUM, 82.8, 60, 18.7
9, LOC_CITY_NAME_BAD_TIBIRA, 8.3, BUILDING_LYCEUM, 8.3, 60, 0.0
9, LOC_CITY_NAME_MEXICO_CITY, 3.6, BUILDING_MONUMENT, 3.6, 60, 0.0
9, LOC_CITY_NAME_NAN_MADOL, 9.1, UNIT_BUILDER, 56.8, 50, 0.8
9, LOC_CITY_NAME_BOLOGNA, 4.7, BUILDING_MONUMENT, 24.6, 60, 0.0
9, LOC_CITY_NAME_AKKAD, 4.1, BUILDING_LYCEUM, 27.7, 60, 0.0
9, LOC_CITY_NAME_BANDAR_BRUNEI, 3.6, BUILDING_LYCEUM, 19.5, 60, 0.0
9, LOC_CITY_NAME_VALLETTA, 3.4, BUILDING_LYCEUM, 27.0, 60, 0.0
9, LOC_CITY_NAME_BABYLON, 3.4, BUILDING_LYCEUM, 27.0, 60, 0.0
9, LOC_CITY_NAME_GENEVA, 5.2, BUILDING_LYCEUM, 28.8, 60, 0.0
9, LOC_CITY_NAME_ANTIOCH, 4.7, BUILDING_LYCEUM, 32.2, 60, 0.0
9, LOC_CITY_NAME_LA_VENTA, 4.1, BUILDING_LYCEUM, 23.9, 60, 0.0
9, LOC_CITY_NAME_CAHOKIA, 4.7, BUILDING_LYCEUM, 28.3, 60, 0.0
9, LOC_CITY_NAME_ANTANANARIVO, 3.4, BUILDING_LYCEUM, 27.0, 60, 0.0
9, LOC_CITY_NAME_VILNIUS, 3.6, BUILDING_LYCEUM, 22.3, 60, 0.0
9, LOC_CITY_NAME_GRANADA, 3.4, BUILDING_MONUMENT, 7.7, 60, 0.0
9, LOC_CITY_NAME_KABUL, 9.1, UNIT_BUILDER, 56.8, 50, 0.8
9, LOC_CITY_NAME_ZANZIBAR, 3.6, BUILDING_LYCEUM, 25.6, 60, 0.0
9, LOC_CITY_NAME_MOHENJO_DARO, 3.9, BUILDING_LYCEUM, 31.4, 60, 0.0
9, LOC_CITY_NAME_LISBON, 2.3, BUILDING_MONUMENT, 15.9, 60, 0.0
9, LOC_CITY_NAME_KANDY, 3.6, BUILDING_LYCEUM, 23.4, 60, 0.0
9, LOC_CITY_NAME_NGAZARGAMU, 2.3, BUILDING_MONUMENT, 15.9, 60, 0.0
9, LOC_CITY_NAME_HONG_KONG, 5.2, BUILDING_LYCEUM, 32.5, 60, 0.0
9, LOC_CITY_NAME_BRUSSELS, 4.1, BUILDING_LYCEUM, 27.7, 60, 0.0
10, LOC_CITY_NAME_MBANZA_KONGO, 7.5, DISTRICT_CAMPUS, 32.5, 78, 0.0
10, LOC_CITY_NAME_MBUMBI, 19.5, BUILDING_MONUMENT, 66.7, 60, 6.7
10, LOC_CITY_NAME_MBANZA_NSUNDI, 8.3, BUILDING_LYCEUM, 24.8, 60, 0.0
10, LOC_CITY_NAME_ISTANBUL, 32.8, BUILDING_MONUMENT, 32.8, 60, 0.0
10, LOC_CITY_NAME_HALEP, 8.3, BUILDING_MONUMENT, 31.3, 60, 0.0
10, LOC_CITY_NAME_MEROE, 24.6, UNIT_SLINGER, 24.6, 35, 0.0
10, LOC_CITY_NAME_KERMA, 6.3, BUILDING_LYCEUM, 25.0, 60, 0.0
10, LOC_CITY_NAME_ANGKOR_THOM, 8.5, UNIT_SLINGER, 24.1, 35, 0.0
10, LOC_CITY_NAME_BUDA, 21.5, BUILDING_LYCEUM, 66.0, 60, 6.0
10, LOC_CITY_NAME_AACHEN, 23.5, BUILDING_MONUMENT, 23.5, 60, 0.0
10, LOC_CITY_NAME_ULM, 6.3, BUILDING_MONUMENT, 25.0, 60, 0.0
10, LOC_CITY_NAME_QARAQORUM, 17.4, UNIT_SLINGER, 42.0, 35, 7.0
10, LOC_CITY_NAME_AKSU, 6.3, BUILDING_MONUMENT, 25.0, 60, 0.0
10, LOC_CITY_NAME_ROME, 12.6, BUILDING_LYCEUM, 34.2, 60, 0.0
10, LOC_CITY_NAME_OSTIA, 8.3, BUILDING_LYCEUM, 31.0, 60, 0.0
10, LOC_CITY_NAME_ROME, 25.0, BUILDING_LYCEUM, 59.2, 60, 0.0
10, LOC_CITY_NAME_URUK, 46.4, UNIT_SUMERIAN_WAR_CART, 46.4, 55, 0.0
10, LOC_CITY_NAME_MEXICO_CITY, 3.6, BUILDING_MONUMENT, 7.2, 60, 0.0
10, LOC_CITY_NAME_NAN_MADOL, 3.8, BUILDING_LYCEUM, 6.1, 60, 0.0
10, LOC_CITY_NAME_BOLOGNA, 4.7, BUILDING_MONUMENT, 29.3, 60, 0.0
10, LOC_CITY_NAME_AKKAD, 4.1, BUILDING_LYCEUM, 31.9, 60, 0.0
10, LOC_CITY_NAME_BANDAR_BRUNEI, 3.6, BUILDING_LYCEUM, 23.1, 60, 0.0
10, LOC_CITY_NAME_VALLETTA, 3.4, BUILDING_LYCEUM, 30.3, 60, 0.0
10, LOC_CITY_NAME_BABYLON, 3.4, BUILDING_LYCEUM, 30.3, 60, 0.0
10, LOC_CITY_NAME_GENEVA, 5.2, BUILDING_LYCEUM, 34.1, 60, 0.0
10, LOC_CITY_NAME_ANTIOCH, 6.1, BUILDING_LYCEUM, 38.3, 60, 0.0
10, LOC_CITY_NAME_LA_VENTA, 4.1, BUILDING_LYCEUM, 28.0, 60, 0.0
10, LOC_CITY_NAME_CAHOKIA, 5.2, BUILDING_LYCEUM, 33.5, 60, 0.0
10, LOC_CITY_NAME_ANTANANARIVO, 3.4, BUILDING_LYCEUM, 30.3, 60, 0.0
10, LOC_CITY_NAME_VILNIUS, 3.6, BUILDING_LYCEUM, 25.8, 60, 0.0
10, LOC_CITY_NAME_GRANADA, 3.4, BUILDING_MONUMENT, 11.1, 60, 0.0
10, LOC_CITY_NAME_KABUL, 4.4, BUILDING_LYCEUM, 6.6, 60, 0.0
10, LOC_CITY_NAME_ZANZIBAR, 3.6, BUILDING_LYCEUM, 29.2, 60, 0.0
10, LOC_CITY_NAME_MOHENJO_DARO, 3.9, BUILDING_LYCEUM, 35.3, 60, 0.0
10, LOC_CITY_NAME_LISBON, 2.3, BUILDING_MONUMENT, 18.2, 60, 0.0
10, LOC_CITY_NAME_KANDY, 3.6, BUILDING_LYCEUM, 26.9, 60, 0.0
10, LOC_CITY_NAME_NGAZARGAMU, 2.3, BUILDING_MONUMENT, 18.2, 60, 0.0
10, LOC_CITY_NAME_HONG_KONG, 5.2, BUILDING_LYCEUM, 37.8, 60, 0.0
10, LOC_CITY_NAME_BRUSSELS, 4.1, BUILDING_LYCEUM, 31.9, 60, 0.0
11, LOC_CITY_NAME_MBANZA_KONGO, 8.9, DISTRICT_CAMPUS, 41.4, 78, 0.0
11, LOC_CITY_NAME_MBUMBI, 28.2, BUILDING_GRANARY, 28.2, 65, 0.0
11, LOC_CITY_NAME_MBANZA_NSUNDI, 10.3, BUILDING_LYCEUM, 35.0, 60, 0.0
11, LOC_CITY_NAME_MBANZA_NSUNDI, 23.0, BUILDING_LYCEUM, 58.0, 60, 0.0
11, LOC_CITY_NAME_ISTANBUL, 17.4, BUILDING_MONUMENT, 50.3, 60, 0.0
11, LOC_CITY_NAME_HALEP, 8.3, BUILDING_MONUMENT, 39.5, 60, 0.0
11, LOC_CITY_NAME_MEROE, 20.0, UNIT_SLINGER, 44.6, 35, 3.0
11, LOC_CITY_NAME_KERMA, 6.3, BUILDING_LYCEUM, 31.3, 60, 0.0
11, LOC_CITY_NAME_ANGKOR_THOM, 12.6, UNIT_SLINGER, 36.7, 35, 1.7
11, LOC_CITY_NAME_BUDA, 27.6, BUILDING_MONUMENT, 27.6, 60, 0.0
11, LOC_CITY_NAME_AACHEN, 21.5, BUILDING_MONUMENT, 45.0, 60, 0.0
11, LOC_CITY_NAME_ULM, 8.3, BUILDING_MONUMENT, 33.3, 60, 0.0
11, LOC_CITY_NAME_HEIDELBERG, 12.3, BUILDING_LYCEUM, 12.3, 60, 0.0
11, LOC_CITY_NAME_QARAQORUM, 24.5, BUILDING_MONUMENT, 24.5, 60, 0.0
11, LOC_CITY_NAME_AKSU, 6.3, BUILDING_MONUMENT, 31.3, 60, 0.0
11, LOC_CITY_NAME_URUMQI, 8.3, BUILDING_LYCEUM, 8.3, 60, 0.0
11, LOC_CITY_NAME_ROME, 12.6, BUILDING_LYCEUM, 71.8, 60, 11.8
11, LOC_CITY_NAME_OSTIA, 8.3, BUILDING_LYCEUM, 39.3, 60, 0.0
11, LOC_CITY_NAME_URUK, 27.7, UNIT_SUMERIAN_WAR_CART, 74.1, 55, 10.9
11, LOC_CITY_NAME_BAD_TIBIRA, 16.5, UNIT_SUMERIAN_WAR_CART, 16.5, 55, 0.0
11, LOC_CITY_NAME_MEXICO_CITY, 3.6, BUILDING_MONUMENT, 10.7, 60, 0.0
11, LOC_CITY_NAME_NAN_MADOL, 3.0, BUILDING_LYCEUM, 9.1, 60, 0.0
11, LOC_CITY_NAME_BOLOGNA, 4.7, BUILDING_MONUMENT, 33.9, 60, 0.0
11, LOC_CITY_NAME_AKKAD, 4.1, BUILDING_LYCEUM, 36.0, 60, 0.0
11, LOC_CITY_NAME_BANDAR_BRUNEI, 3.6, BUILDING_LYCEUM, 26.7, 60, 0.0
11, LOC_CITY_NAME_VALLETTA, 3.4, BUILDING_LYCEUM, 33.7, 60, 0.0
11, LOC_CITY_NAME_BABYLON, 3.4, BUILDING_LYCEUM, 33.7, 60, 0.0
11, LOC_CITY_NAME_GENEVA, 5.2, BUILDING_LYCEUM, 39.3, 60, 0.0
11, LOC_CITY_NAME_ANTIOCH, 6.1, BUILDING_LYCEUM, 44.4, 60, 0.0
11, LOC_CITY_NAME_LA_VENTA, 4.1, BUILDING_LYCEUM, 32.2, 60, 0.0
11, LOC_CITY_NAME_CAHOKIA, 5.2, BUILDING_LYCEUM, 38.7, 60, 0.0
11, LOC_CITY_NAME_ANTANANARIVO, 3.4, BUILDING_LYCEUM, 33.7, 60, 0.0
11, LOC_CITY_NAME_VILNIUS, 3.6, BUILDING_LYCEUM, 29.4, 60, 0.0
11, LOC_CITY_NAME_GRANADA, 3.4, BUILDING_MONUMENT, 14.5, 60, 0.0
11, LOC_CITY_NAME_KABUL, 3.6, BUILDING_LYCEUM, 10.2, 60, 0.0
11, LOC_CITY_NAME_ZANZIBAR, 3.6, BUILDING_LYCEUM, 32.8, 60, 0.0
11, LOC_CITY_NAME_MOHENJO_DARO, 3.9, BUILDING_LYCEUM, 39.2, 60, 0.0
11, LOC_CITY_NAME_LISBON, 2.3, BUILDING_MONUMENT, 20.5, 60, 0.0
11, LOC_CITY_NAME_KANDY, 3.6, BUILDING_LYCEUM, 30.5, 60, 0.0
11, LOC_CITY_NAME_NGAZARGAMU, 2.3, BUILDING_MONUMENT, 20.5, 60, 0.0
11, LOC_CITY_NAME_HONG_KONG, 5.2, BUILDING_LYCEUM, 43.0, 60, 0.0
11, LOC_CITY_NAME_BRUSSELS, 4.1, BUILDING_LYCEUM, 36.0, 60, 0.0
12, LOC_CITY_NAME_MBANZA_KONGO, 8.9, DISTRICT_CAMPUS, 50.4, 78, 0.0
12, LOC_CITY_NAME_MBUMBI, 21.5, BUILDING_GRANARY, 49.7, 65, 0.0
12, LOC_CITY_NAME_MBANZA_NSUNDI, 10.3, BUILDING_LYCEUM, 68.3, 60, 8.3
12, LOC_CITY_NAME_KWILA, 8.3, BUILDING_MONUMENT, 8.3, 60, 0.0
12, LOC_CITY_NAME_ISTANBUL, 17.4, BUILDING_MONUMENT, 67.7, 60, 7.7
12, LOC_CITY_NAME_HALEP, 8.3, BUILDING_MONUMENT, 47.8, 60, 0.0
12, LOC_CITY_NAME_MEROE, 18.3, BUILDING_MONUMENT, 18.3, 60, 0.0
12, LOC_CITY_NAME_KERMA, 8.3, BUILDING_LYCEUM, 39.5, 60, 0.0
12, LOC_CITY_NAME_ANGKOR_THOM, 10.1, DISTRICT_HOLY_SITE, 10.1, 58, 0.0
12, LOC_CITY_NAME_BUDA, 21.5, BUILDING_MONUMENT, 49.1, 60, 0.0
12, LOC_CITY_NAME_AACHEN, 21.5, BUILDING_MONUMENT, 66.5, 60, 2.4
12, LOC_CITY_NAME_ULM, 8.3, BUILDING_MONUMENT, 41.5, 60, 0.0
12, LOC_CITY_NAME_QARAQORUM, 17.4, BUILDING_MONUMENT, 41.9, 60, 0.0
12, LOC_CITY_NAME_AKSU, 6.3, BUILDING_MONUMENT, 37.5, 60, 0.0
12, LOC_CITY_NAME_URUMQI, 8.3, BUILDING_LYCEUM, 16.5, 60, 0.0
12, LOC_CITY_NAME_ROME, 29.2, BUILDING_GRANARY, 29.2, 65, 0.0
12, LOC_CITY_NAME_OSTIA, 8.3, BUILDING_LYCEUM, 47.5, 60, 0.0
12, LOC_CITY_NAME_URUK, 36.5, BUILDING_GREAT_BATH, 36.5, 180, 0.0
12, LOC_CITY_NAME_BAD_TIBIRA, 8.3, UNIT_SUMERIAN_WAR_CART, 24.8, 55, 0.0
12, LOC_CITY_NAME_MEXICO_CITY, 4.5, BUILDING_MONUMENT, 15.2, 60, 0.0
12, LOC_CITY_NAME_NAN_MADOL, 3.9, BUILDING_LYCEUM, 13.0, 60, 0.0
12, LOC_CITY_NAME_BOLOGNA, 4.7, BUILDING_MONUMENT, 38.6, 60, 0.0
12, LOC_CITY_NAME_AKKAD, 4.1, BUILDING_LYCEUM, 40.1, 60, 0.0
12, LOC_CITY_NAME_BANDAR_BRUNEI, 3.6, BUILDING_LYCEUM, 30.2, 60, 0.0
12, LOC_CITY_NAME_VALLETTA, 3.4, BUILDING_LYCEUM, 37.1, 60, 0.0
12, LOC_CITY_NAME_BABYLON, 3.4, BUILDING_LYCEUM, 37.1, 60, 0.0
12, LOC_CITY_NAME_GENEVA, 5.2, BUILDING_LYCEUM, 44.5, 60, 0.0
12, LOC_CITY_NAME_ANTIOCH, 6.1, BUILDING_LYCEUM, 50.6, 60, 0.0
12, LOC_CITY_NAME_LA_VENTA, 4.1, BUILDING_LYCEUM, 36.3, 60, 0.0
12, LOC_CITY_NAME_CAHOKIA, 5.2, BUILDING_LYCEUM, 44.0, 60, 0.0
12, LOC_CITY_NAME_ANTANANARIVO, 3.4, BUILDING_LYCEUM, 37.1, 60, 0.0
12, LOC_CITY_NAME_VILNIUS, 3.6, BUILDING_LYCEUM, 33.0, 60, 0.0
12, LOC_CITY_NAME_GRANADA, 3.4, BUILDING_MONUMENT, 17.8, 60, 0.0
12, LOC_CITY_NAME_KABUL, 5.0, BUILDING_LYCEUM, 15.2, 60, 0.0
12, LOC_CITY_NAME_ZANZIBAR, 3.6, BUILDING_LYCEUM, 36.4, 60, 0.0
12, LOC_CITY_NAME_MOHENJO_DARO, 3.9, BUILDING_LYCEUM, 43.1, 60, 0.0
12, LOC_CITY_NAME_LISBON, 2.3, BUILDING_MONUMENT, 22.7, 60, 0.0
12, LOC_CITY_NAME_KANDY, 3.6, BUILDING_LYCEUM, 34.1, 60, 0.0
12, LOC_CITY_NAME_NGAZARGAMU, 2.3, BUILDING_MONUMENT, 22.7, 60, 0.0
12, LOC_CITY_NAME_HONG_KONG, 5.2, BUILDING_LYCEUM, 48.2, 60, 0.0
12, LOC_CITY_NAME_BRUSSELS, 4.1, BUILDING_LYCEUM, 40.1, 60, 0.0
13, LOC_CITY_NAME_MBANZA_KONGO, 8.9, DISTRICT_CAMPUS, 59.3, 78, 0.0
13, LOC_CITY_NAME_MBUMBI, 21.5, BUILDING_GRANARY, 71.3, 65, 6.3
13, LOC_CITY_NAME_MBANZA_NSUNDI, 18.5, BUILDING_MONUMENT, 26.8, 60, 0.0
13, LOC_CITY_NAME_ISTANBUL, 27.2, BUILDING_STONEHENGE, 27.2, 180, 0.0
13, LOC_CITY_NAME_HALEP, 11.0, BUILDING_MONUMENT, 58.8, 60, 0.0
13, LOC_CITY_NAME_MEROE, 15.4, BUILDING_MONUMENT, 33.7, 60, 0.0
13, LOC_CITY_NAME_KERMA, 8.3, BUILDING_LYCEUM, 47.8, 60, 0.0
13, LOC_CITY_NAME_ANGKOR_THOM, 12.6, DISTRICT_HOLY_SITE, 22.7, 58, 0.0
13, LOC_CITY_NAME_BUDA, 21.5, BUILDING_MONUMENT, 70.6, 60, 10.6
13, LOC_CITY_NAME_AACHEN, 19.9, UNIT_SETTLER, 19.9, 140, 0.0
13, LOC_CITY_NAME_ULM, 8.3, BUILDING_MONUMENT, 49.8, 60, 0.0
13, LOC_CITY_NAME_HEIDELBERG, 24.5, BUILDING_MONUMENT, 24.5, 60, 0.0
13, LOC_CITY_NAME_QARAQORUM, 17.4, BUILDING_MONUMENT, 59.4, 60, 0.0
13, LOC_CITY_NAME_AKSU, 6.3, BUILDING_MONUMENT, 43.8, 60, 0.0
13, LOC_CITY_NAME_URUMQI, 8.3, BUILDING_LYCEUM, 24.8, 60, 0.0
13, LOC_CITY_NAME_ROME, 17.4, BUILDING_GRANARY, 46.7, 65, 0.0
13, LOC_CITY_NAME_OSTIA, 12.3, BUILDING_LYCEUM, 59.8, 60, 0.0
13, LOC_CITY_NAME_URUK, 25.6, BUILDING_GREAT_BATH, 62.2, 180, 0.0
13, LOC_CITY_NAME_BAD_TIBIRA, 8.3, UNIT_SUMERIAN_WAR_CART, 33.0, 55, 0.0
13, LOC_CITY_NAME_MEXICO_CITY, 4.5, BUILDING_MONUMENT, 19.7, 60, 0.0
13, LOC_CITY_NAME_NAN_MADOL, 3.9, BUILDING_LYCEUM, 17.0, 60, 0.0
13, LOC_CITY_NAME_BOLOGNA, 4.7, BUILDING_MONUMENT, 43.3, 60, 0.0
13, LOC_CITY_NAME_AKKAD, 4.1, BUILDING_LYCEUM, 44.3, 60, 0.0
13, LOC_CITY_NAME_BANDAR_BRUNEI, 3.6, BUILDING_LYCEUM, 33.8, 60, 0.0
13, LOC_CITY_NAME_VALLETTA, 3.4, BUILDING_LYCEUM, 40.5, 60, 0.0
13, LOC_CITY_NAME_BABYLON, 3.4, BUILDING_LYCEUM, 40.5, 60, 0.0
13, LOC_CITY_NAME_GENEVA, 5.2, BUILDING_LYCEUM, 49.8, 60, 0.0
13, LOC_CITY_NAME_ANTIOCH, 6.1, BUILDING_LYCEUM, 56.7, 60, 0.0
13, LOC_CITY_NAME_LA_VENTA, 4.1, BUILDING_LYCEUM, 40.4, 60, 0.0
13, LOC_CITY_NAME_CAHOKIA, 5.2, BUILDING_LYCEUM, 49.2, 60, 0.0
13, LOC_CITY_NAME_ANTANANARIVO, 3.4, BUILDING_LYCEUM, 40.5, 60, 0.0
13, LOC_CITY_NAME_VILNIUS, 3.6, BUILDING_LYCEUM, 36.6, 60, 0.0
13, LOC_CITY_NAME_GRANADA, 3.4, BUILDING_MONUMENT, 21.2, 60, 0.0
13, LOC_CITY_NAME_KABUL, 5.0, BUILDING_LYCEUM, 20.3, 60, 0.0
13, LOC_CITY_NAME_ZANZIBAR, 4.5, BUILDING_LYCEUM, 40.8, 60, 0.0
13, LOC_CITY_NAME_MOHENJO_DARO, 3.9, BUILDING_LYCEUM, 47.1, 60, 0.0
13, LOC_CITY_NAME_LISBON, 2.3, BUILDING_MONUMENT, 25.0, 60, 0.0
13, LOC_CITY_NAME_KANDY, 3.6, BUILDING_LYCEUM, 37.7, 60, 0.0
13, LOC_CITY_NAME_NGAZARGAMU, 2.3, BUILDING_MONUMENT, 25.0, 60, 0.0
13, LOC_CITY_NAME_HONG_KONG, 5.2, BUILDING_LYCEUM, 53.5, 60, 0.0
13, LOC_CITY_NAME_BRUSSELS, 4.1, BUILDING_LYCEUM, 44.3, 60, 0.0
14, LOC_CITY_NAME_MBANZA_KONGO, 8.9, DISTRICT_CAMPUS, 68.2, 78, 0.0
14, LOC_CITY_NAME_MBWILA, 5.4, DISTRICT_CAMPUS, 5.4, 83, 0.0
14, LOC_CITY_NAME_MBUMBI, 27.8, UNIT_SETTLER, 27.8, 140, 0.0
14, LOC_CITY_NAME_MBANZA_NSUNDI, 10.3, BUILDING_MONUMENT, 37.1, 60, 0.0
14, LOC_CITY_NAME_KWILA, 16.5, BUILDING_LYCEUM, 16.5, 60, 0.0
14, LOC_CITY_NAME_ISTANBUL, 24.3, BUILDING_STONEHENGE, 51.4, 180, 0.0
14, LOC_CITY_NAME_HALEP, 11.0, BUILDING_MONUMENT, 69.8, 60, 9.8
14, LOC_CITY_NAME_MEROE, 15.4, BUILDING_MONUMENT, 49.1, 60, 0.0
14, LOC_CITY_NAME_KERMA, 8.5, BUILDING_LYCEUM, 56.3, 60, 0.0
14, LOC_CITY_NAME_KAWA, 10.5, BUILDING_LYCEUM, 10.5, 60, 0.0
14, LOC_CITY_NAME_ANGKOR_THOM, 8.5, DISTRICT_HOLY_SITE, 31.1, 58, 0.0
14, LOC_CITY_NAME_ANGKOR_THOM, 23.0, DISTRICT_HOLY_SITE, 54.1, 58, 0.0
14, LOC_CITY_NAME_BUDA, 32.2, BUILDING_GRANARY, 32.2, 65, 0.0
14, LOC_CITY_NAME_AACHEN, 17.4, UNIT_SETTLER, 37.3, 140, 0.0
14, LOC_CITY_NAME_ULM, 8.3, BUILDING_MONUMENT, 58.1, 60, 0.0
14, LOC_CITY_NAME_HEIDELBERG, 12.3, BUILDING_MONUMENT, 36.8, 60, 0.0
14, LOC_CITY_NAME_QARAQORUM, 17.4, BUILDING_MONUMENT, 76.8, 60, 16.8
14, LOC_CITY_NAME_AKSU, 9.0, BUILDING_MONUMENT, 52.8, 60, 0.0
14, LOC_CITY_NAME_URUMQI, 8.3, BUILDING_LYCEUM, 33.0, 60, 0.0
14, LOC_CITY_NAME_ROME, 17.4, BUILDING_GRANARY, 64.1, 65, 0.0
14, LOC_CITY_NAME_OSTIA, 12.3, BUILDING_LYCEUM, 72.1, 60, 12.1
14, LOC_CITY_NAME_URUK, 25.6, BUILDING_GREAT_BATH, 87.8, 180, 0.0
14, LOC_CITY_NAME_BAD_TIBIRA, 11.0, UNIT_SUMERIAN_WAR_CART, 44.0, 55, 0.0
14, LOC_CITY_NAME_MEXICO_CITY, 4.5, BUILDING_MONUMENT, 24.2, 60, 0.0
14, LOC_CITY_NAME_NAN_MADOL, 3.9, BUILDING_LYCEUM, 20.9, 60, 0.0
14, LOC_CITY_NAME_BOLOGNA, 6.1, BUILDING_MONUMENT, 49.4, 60, 0.0
14, LOC_CITY_NAME_AKKAD, 4.1, BUILDING_LYCEUM, 48.4, 60, 0.0
14, LOC_CITY_NAME_BANDAR_BRUNEI, 3.6, BUILDING_LYCEUM, 37.4, 60, 0.0
14, LOC_CITY_NAME_VALLETTA, 3.4, BUILDING_LYCEUM, 43.8, 60, 0.0
14, LOC_CITY_NAME_BABYLON, 3.4, BUILDING_LYCEUM, 43.8, 60, 0.0
14, LOC_CITY_NAME_GENEVA, 5.2, BUILDING_LYCEUM, 55.0, 60, 0.0
14, LOC_CITY_NAME_ANTIOCH, 6.1, BUILDING_LYCEUM, 62.8, 60, 2.8
14, LOC_CITY_NAME_LA_VENTA, 4.1, BUILDING_LYCEUM, 44.6, 60, 0.0
14, LOC_CITY_NAME_CAHOKIA, 5.2, BUILDING_LYCEUM, 54.4, 60, 0.0
14, LOC_CITY_NAME_ANTANANARIVO, 3.4, BUILDING_LYCEUM, 43.8, 60, 0.0
14, LOC_CITY_NAME_VILNIUS, 3.6, BUILDING_LYCEUM, 40.2, 60, 0.0
14, LOC_CITY_NAME_GRANADA, 3.4, BUILDING_MONUMENT, 24.6, 60, 0.0
14, LOC_CITY_NAME_KABUL, 5.0, BUILDING_LYCEUM, 25.3, 60, 0.0
14, LOC_CITY_NAME_ZANZIBAR, 4.5, BUILDING_LYCEUM, 45.3, 60, 0.0
14, LOC_CITY_NAME_MOHENJO_DARO, 3.9, BUILDING_LYCEUM, 51.0, 60, 0.0
14, LOC_CITY_NAME_LISBON, 2.3, BUILDING_MONUMENT, 27.3, 60, 0.0
14, LOC_CITY_NAME_KANDY, 3.6, BUILDING_LYCEUM, 41.3, 60, 0.0
14, LOC_CITY_NAME_NGAZARGAMU, 2.3, BUILDING_MONUMENT, 27.3, 60, 0.0
14, LOC_CITY_NAME_HONG_KONG, 5.2, BUILDING_LYCEUM, 58.7, 60, 0.0
14, LOC_CITY_NAME_BRUSSELS, 4.1, BUILDING_LYCEUM, 48.4, 60, 0.0
15, LOC_CITY_NAME_MBANZA_KONGO, 8.9, DISTRICT_CAMPUS, 77.1, 78, 0.0
15, LOC_CITY_NAME_MBWILA, 5.4, DISTRICT_CAMPUS, 10.8, 83, 0.0
15, LOC_CITY_NAME_MBWILA, 30.0, DISTRICT_CAMPUS, 40.8, 83, 0.0
15, LOC_CITY_NAME_MBUMBI, 21.5, UNIT_SETTLER, 49.4, 140, 0.0
15, LOC_CITY_NAME_MBANZA_NSUNDI, 13.0, BUILDING_MONUMENT, 50.1, 60, 0.0
15, LOC_CITY_NAME_KWILA, 8.3, BUILDING_LYCEUM, 24.8, 60, 0.0
15, LOC_CITY_NAME_ISTANBUL, 24.3, BUILDING_STONEHENGE, 75.7, 180, 0.0
15, LOC_CITY_NAME_HALEP, 20.9, DISTRICT_HOLY_SITE, 20.9, 63, 0.0
15, LOC_CITY_NAME_MEROE, 15.4, BUILDING_MONUMENT, 64.5, 60, 4.5
15, LOC_CITY_NAME_KERMA, 13.3, BUILDING_LYCEUM, 69.6, 60, 9.6
15, LOC_CITY_NAME_KAWA, 10.5, BUILDING_LYCEUM, 21.0, 60, 0.0
15, LOC_CITY_NAME_ANGKOR_THOM, 10.5, DISTRICT_HOLY_SITE, 64.7, 58, 6.7
15, LOC_CITY_NAME_BUDA, 21.5, BUILDING_GRANARY, 53.7, 65, 0.0
15, LOC_CITY_NAME_AACHEN, 22.3, UNIT_SETTLER, 59.6, 140, 0.0
15, LOC_CITY_NAME_ULM, 11.0, BUILDING_MONUMENT, 69.1, 60, 9.1
15, LOC_CITY_NAME_HEIDELBERG, 12.3, BUILDING_MONUMENT, 49.0, 60, 0.0
15, LOC_CITY_NAME_QARAQORUM, 34.2, UNIT_SETTLER, 34.2, 140, 0.0
15, LOC_CITY_NAME_AKSU, 9.0, BUILDING_MONUMENT, 61.8, 60, 1.8
15, LOC_CITY_NAME_URUMQI, 8.3, BUILDING_LYCEUM, 41.3, 60, 0.0
15, LOC_CITY_NAME_ROME, 17.4, BUILDING_GRANARY, 81.5, 65, 16.5
15, LOC_CITY_NAME_OSTIA, 24.3, BUILDING_GRANARY, 24.3, 65, 0.0
15, LOC_CITY_NAME_URUK, 32.3, BUILDING_GREAT_BATH, 120.1, 180, 0.0
15, LOC_CITY_NAME_BAD_TIBIRA, 11.0, UNIT_SUMERIAN_WAR_CART, 55.1, 55, 0.1
15, LOC_CITY_NAME_MEXICO_CITY, 4.5, BUILDING_MONUMENT, 28.6, 60, 0.0
15, LOC_CITY_NAME_NAN_MADOL, 3.9, BUILDING_LYCEUM, 24.8, 60, 0.0
15, LOC_CITY_NAME_BOLOGNA, 6.1, BUILDING_MONUMENT, 55.5, 60, 0.0
15, LOC_CITY_NAME_AKKAD, 4.1, BUILDING_LYCEUM, 52.5, 60, 0.0
15, LOC_CITY_NAME_BANDAR_BRUNEI, 3.6, BUILDING_LYCEUM, 41.0, 60, 0.0
15, LOC_CITY_NAME_VALLETTA, 3.4, BUILDING_LYCEUM, 47.2, 60, 0.0
15, LOC_CITY_NAME_BABYLON, 3.4, BUILDING_LYCEUM, 47.2, 60, 0.0
15, LOC_CITY_NAME_GENEVA, 5.2, BUILDING_LYCEUM, 60.2, 60, 0.2
15, LOC_CITY_NAME_ANTIOCH, 26.8, UNIT_BUILDER, 26.8, 50, 0.0
15, LOC_CITY_NAME_LA_VENTA, 4.1, BUILDING_LYCEUM, 48.7, 60, 0.0
15, LOC_CITY_NAME_CAHOKIA, 5.2, BUILDING_LYCEUM, 59.7, 60, 0.0
15, LOC_CITY_NAME_ANTANANARIVO, 3.4, BUILDING_LYCEUM, 47.2, 60, 0.0
15, LOC_CITY_NAME_VILNIUS, 3.6, BUILDING_LYCEUM, 43.7, 60, 0.0
15, LOC_CITY_NAME_GRANADA, 3.4, BUILDING_MONUMENT, 28.0, 60, 0.0
15, LOC_CITY_NAME_KABUL, 5.0, BUILDING_LYCEUM, 30.3, 60, 0.0
15, LOC_CITY_NAME_ZANZIBAR, 4.5, BUILDING_LYCEUM, 49.8, 60, 0.0
15, LOC_CITY_NAME_MOHENJO_DARO, 3.9, BUILDING_LYCEUM, 54.9, 60, 0.0
15, LOC_CITY_NAME_LISBON, 2.3, BUILDING_MONUMENT, 29.6, 60, 0.0
15, LOC_CITY_NAME_KANDY, 3.6, BUILDING_LYCEUM, 44.8, 60, 0.0
15, LOC_CITY_NAME_NGAZARGAMU, 2.3, BUILDING_MONUMENT, 29.6, 60, 0.0
15, LOC_CITY_NAME_HONG_KONG, 5.2, BUILDING_LYCEUM, 63.9, 60, 3.9
15, LOC_CITY_NAME_BRUSSELS, 4.1, BUILDING_LYCEUM, 52.5, 60, 0.0
16, LOC_CITY_NAME_MBANZA_KONGO, 8.9, DISTRICT_CAMPUS, 86.1, 78, 8.1
16, LOC_CITY_NAME_MBWILA, 5.4, DISTRICT_CAMPUS, 46.1, 83, 0.0
16, LOC_CITY_NAME_MBUMBI, 21.5, UNIT_SETTLER, 70.9, 140, 0.0
16, LOC_CITY_NAME_MBANZA_NSUNDI, 13.0, BUILDING_MONUMENT, 63.1, 60, 3.1
16, LOC_CITY_NAME_KWILA, 8.3, BUILDING_LYCEUM, 33.0, 60, 0.0
16, LOC_CITY_NAME_ISTANBUL, 24.3, BUILDING_STONEHENGE, 99.9, 180, 0.0
16, LOC_CITY_NAME_HALEP, 15.0, DISTRICT_HOLY_SITE, 35.9, 63, 0.0
16, LOC_CITY_NAME_MEROE, 23.9, DISTRICT_HOLY_SITE, 23.9, 63, 0.0
16, LOC_CITY_NAME_KERMA, 22.9, UNIT_SETTLER, 22.9, 140, 0.0
16, LOC_CITY_NAME_KAWA, 10.5, BUILDING_LYCEUM, 31.5, 60, 0.0
16, LOC_CITY_NAME_ANGKOR_THOM, 17.2, BUILDING_SHRINE, 17.2, 70, 0.0
16, LOC_CITY_NAME_BUDA, 21.5, BUILDING_GRANARY, 75.3, 65, 10.3
16, LOC_CITY_NAME_AACHEN, 22.3, UNIT_SETTLER, 81.8, 140, 0.0
16, LOC_CITY_NAME_ULM, 22.1, BUILDING_STONEHENGE, 22.1, 180, 0.0
16, LOC_CITY_NAME_HEIDELBERG, 12.3, BUILDING_MONUMENT, 61.3, 60, 1.3
16, LOC_CITY_NAME_QARAQORUM, 17.4, UNIT_SETTLER, 51.7, 140, 0.0
16, LOC_CITY_NAME_AKSU, 10.9, BUILDING_LYCEUM, 15.1, 60, 0.0
16, LOC_CITY_NAME_URUMQI, 8.3, BUILDING_LYCEUM, 49.5, 60, 0.0
16, LOC_CITY_NAME_ROME, 57.1, UNIT_WARRIOR, 57.1, 40, 0.0
16, LOC_CITY_NAME_OSTIA, 12.3, BUILDING_GRANARY, 36.6, 65, 0.0
16, LOC_CITY_NAME_URUK, 32.3, BUILDING_GREAT_BATH, 152.3, 180, 0.0
16, LOC_CITY_NAME_BAD_TIBIRA, 11.1, UNIT_SCOUT, 11.1, 30, 0.0
16, LOC_CITY_NAME_MEXICO_CITY, 4.5, BUILDING_MONUMENT, 33.1, 60, 0.0
16, LOC_CITY_NAME_NAN_MADOL, 3.9, BUILDING_LYCEUM, 28.7, 60, 0.0
16, LOC_CITY_NAME_BOLOGNA, 6.1, BUILDING_MONUMENT, 61.7, 60, 1.7
16, LOC_CITY_NAME_AKKAD, 4.1, BUILDING_LYCEUM, 56.7, 60, 0.0
16, LOC_CITY_NAME_BANDAR_BRUNEI, 3.6, BUILDING_LYCEUM, 44.6, 60, 0.0
16, LOC_CITY_NAME_VALLETTA, 4.1, BUILDING_LYCEUM, 51.3, 60, 0.0
16, LOC_CITY_NAME_BABYLON, 4.7, BUILDING_LYCEUM, 51.9, 60, 0.0
16, LOC_CITY_NAME_GENEVA, 5.4, BUILDING_MONUMENT, 5.4, 60, 0.0
16, LOC_CITY_NAME_ANTIOCH, 18.4, UNIT_BUILDER, 45.2, 50, 0.0
16, LOC_CITY_NAME_LA_VENTA, 4.1, BUILDING_LYCEUM, 52.8, 60, 0.0
16, LOC_CITY_NAME_CAHOKIA, 5.2, BUILDING_LYCEUM, 64.9, 60, 4.9
16, LOC_CITY_NAME_ANTANANARIVO, 5.2, BUILDING_LYCEUM, 52.4, 60, 0.0
16, LOC_CITY_NAME_VILNIUS, 4.6, BUILDING_LYCEUM, 48.3, 60, 0.0
16, LOC_CITY_NAME_GRANADA, 4.1, BUILDING_MONUMENT, 32.1, 60, 0.0
16, LOC_CITY_NAME_KABUL, 5.0, BUILDING_LYCEUM, 35.3, 60, 0.0
16, LOC_CITY_NAME_ZANZIBAR, 4.5, BUILDING_LYCEUM, 54.2, 60, 0.0
16, LOC_CITY_NAME_MOHENJO_DARO, 5.8, BUILDING_LYCEUM, 60.7, 60, 0.7
16, LOC_CITY_NAME_LISBON, 3.0, BUILDING_MONUMENT, 32.6, 60, 0.0
16, LOC_CITY_NAME_KANDY, 3.6, BUILDING_LYCEUM, 48.4, 60, 0.0
16, LOC_CITY_NAME_NGAZARGAMU, 3.0, BUILDING_MONUMENT, 32.6, 60, 0.0
16, LOC_CITY_NAME_HONG_KONG, 9.2, BUILDING_MONUMENT, 9.2, 60, 0.0
16, LOC_CITY_NAME_BRUSSELS, 4.1, BUILDING_LYCEUM, 56.7, 60, 0.0
17, LOC_CITY_NAME_MBANZA_KONGO, 20.8, BUILDING_WALLS, 20.8, 80, 0.0
17, LOC_CITY_NAME_MBWILA, 5.4, DISTRICT_CAMPUS, 51.5, 83, 0.0
17, LOC_CITY_NAME_KINCHASSA, 5.4, DISTRICT_CAMPUS, 5.4, 83, 0.0
17, LOC_CITY_NAME_MBUMBI, 21.5, UNIT_SETTLER, 92.4, 140, 0.0
17, LOC_CITY_NAME_MBANZA_NSUNDI, 16.1, BUILDING_GRANARY, 16.1, 65, 0.0
17, LOC_CITY_NAME_KWILA, 8.3, BUILDING_LYCEUM, 41.3, 60, 0.0
17, LOC_CITY_NAME_ISTANBUL, 24.3, BUILDING_STONEHENGE, 124.2, 180, 0.0
17, LOC_CITY_NAME_HALEP, 17.8, DISTRICT_HOLY_SITE, 53.7, 63, 0.0
17, LOC_CITY_NAME_MEROE, 18.5, DISTRICT_HOLY_SITE, 42.3, 63, 0.0
17, LOC_CITY_NAME_KERMA, 13.3, UNIT_SETTLER, 36.3, 140, 0.0
17, LOC_CITY_NAME_KAWA, 10.5, BUILDING_LYCEUM, 42.0, 60, 0.0
17, LOC_CITY_NAME_ANGKOR_THOM, 14.6, BUILDING_SHRINE, 31.8, 70, 0.0
17, LOC_CITY_NAME_BUDA, 31.8, UNIT_WARRIOR, 31.8, 40, 0.0
17, LOC_CITY_NAME_AACHEN, 22.3, UNIT_SETTLER, 104.1, 140, 0.0
17, LOC_CITY_NAME_ULM, 13.0, BUILDING_STONEHENGE, 35.1, 180, 0.0
17, LOC_CITY_NAME_HEIDELBERG, 13.5, UNIT_BUILDER, 13.5, 58, 0.0
17, LOC_CITY_NAME_QARAQORUM, 17.4, UNIT_SETTLER, 69.1, 140, 0.0
17, LOC_CITY_NAME_AKSU, 9.0, BUILDING_LYCEUM, 24.1, 60, 0.0
17, LOC_CITY_NAME_URUMQI, 8.3, BUILDING_LYCEUM, 57.8, 60, 0.0
17, LOC_CITY_NAME_ROME, 26.9, UNIT_HEAVY_CHARIOT, 26.9, 65, 0.0
17, LOC_CITY_NAME_OSTIA, 12.3, BUILDING_GRANARY, 48.8, 65, 0.0
17, LOC_CITY_NAME_URUK, 32.3, BUILDING_GREAT_BATH, 184.6, 180, 0.6
17, LOC_CITY_NAME_BAD_TIBIRA, 11.0, UNIT_SCOUT, 22.1, 30, 0.0
17, LOC_CITY_NAME_MEXICO_CITY, 4.5, BUILDING_MONUMENT, 37.6, 60, 0.0
17, LOC_CITY_NAME_NAN_MADOL, 3.9, BUILDING_LYCEUM, 32.6, 60, 0.0
17, LOC_CITY_NAME_BOLOGNA, 23.3, UNIT_BUILDER, 23.3, 50, 0.0
17, LOC_CITY_NAME_AKKAD, 4.1, BUILDING_LYCEUM, 60.8, 60, 0.8
17, LOC_CITY_NAME_BANDAR_BRUNEI, 3.6, BUILDING_LYCEUM, 48.2, 60, 0.0
17, LOC_CITY_NAME_VALLETTA, 4.7, BUILDING_LYCEUM, 56.0, 60, 0.0
17, LOC_CITY_NAME_BABYLON, 4.7, BUILDING_LYCEUM, 56.6, 60, 0.0
17, LOC_CITY_NAME_GENEVA, 5.2, BUILDING_MONUMENT, 10.7, 60, 0.0
17, LOC_CITY_NAME_ANTIOCH, 18.4, UNIT_BUILDER, 63.5, 50, 1.3
17, LOC_CITY_NAME_LA_VENTA, 5.2, BUILDING_LYCEUM, 58.1, 60, 0.0
17, LOC_CITY_NAME_CAHOKIA, 30.4, UNIT_BUILDER, 30.4, 50, 0.0
17, LOC_CITY_NAME_ANTANANARIVO, 5.2, BUILDING_LYCEUM, 57.7, 60, 0.0
17, LOC_CITY_NAME_VILNIUS, 4.6, BUILDING_LYCEUM, 52.9, 60, 0.0
17, LOC_CITY_NAME_GRANADA, 5.2, BUILDING_MONUMENT, 37.3, 60, 0.0
17, LOC_CITY_NAME_GRANADA, 29.0, BUILDING_MONUMENT, 66.3, 60, 6.3
17, LOC_CITY_NAME_KABUL, 5.0, BUILDING_LYCEUM, 40.3, 60, 0.0
17, LOC_CITY_NAME_ZANZIBAR, 4.5, BUILDING_LYCEUM, 58.7, 60, 0.0
17, LOC_CITY_NAME_MOHENJO_DARO, 21.1, UNIT_BUILDER, 21.1, 50, 0.0
17, LOC_CITY_NAME_LISBON, 3.0, BUILDING_MONUMENT, 35.6, 60, 0.0
17, LOC_CITY_NAME_KANDY, 4.5, BUILDING_LYCEUM, 52.9, 60, 0.0
17, LOC_CITY_NAME_NGAZARGAMU, 3.6, BUILDING_MONUMENT, 36.2, 60, 0.0
17, LOC_CITY_NAME_HONG_KONG, 5.2, BUILDING_MONUMENT, 14.4, 60, 0.0
17, LOC_CITY_NAME_BRUSSELS, 4.1, BUILDING_LYCEUM, 60.8, 60, 0.8
18, LOC_CITY_NAME_MBANZA_KONGO, 12.7, BUILDING_WALLS, 33.5, 80, 0.0
18, LOC_CITY_NAME_MBWILA, 6.8, DISTRICT_CAMPUS, 58.4, 83, 0.0
18, LOC_CITY_NAME_KINCHASSA, 5.4, DISTRICT_CAMPUS, 10.8, 83, 0.0
18, LOC_CITY_NAME_MBUMBI, 28.3, UNIT_SETTLER, 120.7, 140, 0.0
18, LOC_CITY_NAME_MBANZA_NSUNDI, 15.0, BUILDING_GRANARY, 31.1, 65, 0.0
18, LOC_CITY_NAME_KWILA, 8.3, BUILDING_LYCEUM, 49.5, 60, 0.0
18, LOC_CITY_NAME_ISTANBUL, 24.3, BUILDING_STONEHENGE, 148.4, 180, 0.0
18, LOC_CITY_NAME_HALEP, 17.8, DISTRICT_HOLY_SITE, 71.5, 63, 8.5
18, LOC_CITY_NAME_MEROE, 24.9, DISTRICT_HOLY_SITE, 67.2, 63, 0.1
18, LOC_CITY_NAME_KERMA, 13.3, UNIT_SETTLER, 49.6, 140, 0.0
18, LOC_CITY_NAME_KAWA, 10.5, BUILDING_LYCEUM, 52.6, 60, 0.0
18, LOC_CITY_NAME_ANGKOR_THOM, 14.6, BUILDING_SHRINE, 46.4, 70, 0.0
18, LOC_CITY_NAME_BUDA, 21.5, UNIT_WARRIOR, 53.3, 40, 13.3
18, LOC_CITY_NAME_AACHEN, 22.3, UNIT_SETTLER, 126.3, 140, 0.0
18, LOC_CITY_NAME_ULM, 13.0, BUILDING_STONEHENGE, 48.1, 180, 0.0
18, LOC_CITY_NAME_HEIDELBERG, 12.3, BUILDING_LYCEUM, 24.5, 60, 0.0
18, LOC_CITY_NAME_QARAQORUM, 17.4, UNIT_SETTLER, 86.5, 140, 0.0
18, LOC_CITY_NAME_AKSU, 9.0, BUILDING_LYCEUM, 33.1, 60, 0.0
18, LOC_CITY_NAME_URUMQI, 8.3, BUILDING_LYCEUM, 66.1, 60, 6.1
18, LOC_CITY_NAME_ROME, 26.9, UNIT_HEAVY_CHARIOT, 53.8, 65, 0.0
18, LOC_CITY_NAME_OSTIA, 17.0, BUILDING_GRANARY, 65.9, 65, 0.9
18, LOC_CITY_NAME_URUK, 56.6, UNIT_SLINGER, 56.6, 35, 0.0
18, LOC_CITY_NAME_BAD_TIBIRA, 11.0, UNIT_SCOUT, 33.1, 30, 3.1
18, LOC_CITY_NAME_MEXICO_CITY, 4.5, BUILDING_MONUMENT, 42.0, 60, 0.0
18, LOC_CITY_NAME_NAN_MADOL, 3.9, BUILDING_LYCEUM, 36.6, 60, 0.0
18, LOC_CITY_NAME_BOLOGNA, 18.4, UNIT_BUILDER, 41.7, 50, 0.0
18, LOC_CITY_NAME_AKKAD, 14.8, UNIT_BUILDER, 14.8, 50, 0.0
18, LOC_CITY_NAME_BANDAR_BRUNEI, 3.6, BUILDING_LYCEUM, 51.7, 60, 0.0
18, LOC_CITY_NAME_VALLETTA, 4.7, BUILDING_LYCEUM, 60.7, 60, 0.7
18, LOC_CITY_NAME_BABYLON, 4.7, BUILDING_LYCEUM, 61.2, 60, 1.2
18, LOC_CITY_NAME_GENEVA, 5.2, BUILDING_MONUMENT, 15.9, 60, 0.0
18, LOC_CITY_NAME_ANTIOCH, 9.0, BUILDING_GRANARY, 9.0, 65, 0.0
18, LOC_CITY_NAME_LA_VENTA, 5.2, BUILDING_LYCEUM, 63.3, 60, 3.3
18, LOC_CITY_NAME_CAHOKIA, 15.7, UNIT_BUILDER, 46.1, 50, 0.0
18, LOC_CITY_NAME_ANTANANARIVO, 5.2, BUILDING_LYCEUM, 62.9, 60, 2.9
18, LOC_CITY_NAME_VILNIUS, 4.6, BUILDING_LYCEUM, 57.4, 60, 0.0
18, LOC_CITY_NAME_KABUL, 5.0, BUILDING_LYCEUM, 45.3, 60, 0.0
18, LOC_CITY_NAME_ZANZIBAR, 4.5, BUILDING_LYCEUM, 63.2, 60, 3.2
18, LOC_CITY_NAME_MOHENJO_DARO, 19.0, UNIT_BUILDER, 40.1, 50, 0.0
18, LOC_CITY_NAME_LISBON, 3.0, BUILDING_MONUMENT, 38.6, 60, 0.0
18, LOC_CITY_NAME_KANDY, 4.5, BUILDING_LYCEUM, 57.4, 60, 0.0
18, LOC_CITY_NAME_NGAZARGAMU, 3.6, BUILDING_MONUMENT, 39.8, 60, 0.0
18, LOC_CITY_NAME_HONG_KONG, 6.1, BUILDING_MONUMENT, 20.5, 60, 0.0
18, LOC_CITY_NAME_BRUSSELS, 4.9, BUILDING_GRANARY, 4.9, 65, 0.0
19, LOC_CITY_NAME_MBANZA_KONGO, 12.7, BUILDING_WALLS, 46.3, 80, 0.0
19, LOC_CITY_NAME_MBWILA, 6.8, DISTRICT_CAMPUS, 65.2, 83, 0.0
19, LOC_CITY_NAME_KINCHASSA, 5.4, DISTRICT_CAMPUS, 16.1, 83, 0.0
19, LOC_CITY_NAME_KINCHASSA, 32.0, DISTRICT_CAMPUS, 48.1, 83, 0.0
19, LOC_CITY_NAME_MBUMBI, 28.3, UNIT_SETTLER, 148.9, 140, 8.9
19, LOC_CITY_NAME_MBANZA_NSUNDI, 15.0, BUILDING_GRANARY, 46.1, 65, 0.0
19, LOC_CITY_NAME_KWILA, 8.3, BUILDING_LYCEUM, 57.8, 60, 0.0
19, LOC_CITY_NAME_ISTANBUL, 29.9, BUILDING_STONEHENGE, 178.4, 180, 0.0
19, LOC_CITY_NAME_HALEP, 28.2, BUILDING_LYCEUM, 32.5, 60, 0.0
19, LOC_CITY_NAME_MEROE, 22.9, BUILDING_SHRINE, 22.9, 70, 0.0
19, LOC_CITY_NAME_KERMA, 13.3, UNIT_SETTLER, 63.0, 140, 0.0
19, LOC_CITY_NAME_KAWA, 10.5, BUILDING_LYCEUM, 63.1, 60, 3.1
19, LOC_CITY_NAME_ANGKOR_THOM, 17.4, BUILDING_SHRINE, 63.8, 70, 0.0
19, LOC_CITY_NAME_BUDA, 34.9, UNIT_WARRIOR, 34.9, 40, 0.0
19, LOC_CITY_NAME_AACHEN, 22.3, UNIT_SETTLER, 148.6, 140, 8.6
19, LOC_CITY_NAME_ULM, 13.0, BUILDING_STONEHENGE, 61.1, 180, 0.0
19, LOC_CITY_NAME_HEIDELBERG, 12.3, BUILDING_LYCEUM, 36.8, 60, 0.0
19, LOC_CITY_NAME_QARAQORUM, 22.3, UNIT_SETTLER, 108.8, 140, 0.0
19, LOC_CITY_NAME_AKSU, 9.0, BUILDING_LYCEUM, 42.2, 60, 0.0
19, LOC_CITY_NAME_URUMQI, 21.1, BUILDING_STONEHENGE, 21.1, 180, 0.0
19, LOC_CITY_NAME_ROME, 26.9, UNIT_HEAVY_CHARIOT, 80.8, 65, 6.3
19, LOC_CITY_NAME_OSTIA, 27.3, UNIT_HEAVY_CHARIOT, 27.3, 65, 0.0
19, LOC_CITY_NAME_URUK, 33.1, BUILDING_MONUMENT, 33.1, 60, 0.0
19, LOC_CITY_NAME_BAD_TIBIRA, 14.1, BUILDING_LYCEUM, 22.4, 60, 0.0
19, LOC_CITY_NAME_UR, 6.3, BUILDING_LYCEUM, 6.3, 60, 0.0
19, LOC_CITY_NAME_MEXICO_CITY, 5.5, BUILDING_MONUMENT, 47.5, 60, 0.0
19, LOC_CITY_NAME_NAN_MADOL, 3.9, BUILDING_LYCEUM, 40.5, 60, 0.0
19, LOC_CITY_NAME_BOLOGNA, 18.4, UNIT_BUILDER, 60.1, 50, 0.0
19, LOC_CITY_NAME_AKKAD, 12.4, UNIT_BUILDER, 27.2, 50, 0.0
19, LOC_CITY_NAME_BANDAR_BRUNEI, 3.6, BUILDING_LYCEUM, 55.3, 60, 0.0
19, LOC_CITY_NAME_VALLETTA, 5.4, BUILDING_MONUMENT, 5.4, 60, 0.0
19, LOC_CITY_NAME_BABYLON, 5.9, BUILDING_MONUMENT, 5.9, 60, 0.0
19, LOC_CITY_NAME_GENEVA, 5.2, BUILDING_MONUMENT, 21.1, 60, 0.0
19, LOC_CITY_NAME_ANTIOCH, 7.7, BUILDING_GRANARY, 16.6, 65, 0.0
19, LOC_CITY_NAME_LA_VENTA, 25.6, UNIT_BUILDER, 25.6, 50, 0.0
19, LOC_CITY_NAME_CAHOKIA, 15.7, UNIT_BUILDER, 61.7, 50, 1.3
19, LOC_CITY_NAME_ANTANANARIVO, 8.1, BUILDING_MONUMENT, 8.1, 60, 0.0
19, LOC_CITY_NAME_VILNIUS, 4.6, BUILDING_LYCEUM, 62.0, 60, 2.0
19, LOC_CITY_NAME_GRANADA, 15.1, BUILDING_LYCEUM, 19.1, 60, 0.0
19, LOC_CITY_NAME_KABUL, 5.0, BUILDING_LYCEUM, 50.4, 60, 0.0
19, LOC_CITY_NAME_ZANZIBAR, 7.7, BUILDING_MONUMENT, 7.7, 60, 0.0
19, LOC_CITY_NAME_MOHENJO_DARO, 19.0, UNIT_BUILDER, 59.1, 50, 0.0
19, LOC_CITY_NAME_LISBON, 3.0, BUILDING_MONUMENT, 41.7, 60, 0.0
19, LOC_CITY_NAME_KANDY, 4.5, BUILDING_LYCEUM, 61.8, 60, 1.8
19, LOC_CITY_NAME_NGAZARGAMU, 3.6, BUILDING_MONUMENT, 43.3, 60, 0.0
19, LOC_CITY_NAME_HONG_KONG, 6.1, BUILDING_MONUMENT, 26.5, 60, 0.0
19, LOC_CITY_NAME_BRUSSELS, 4.1, BUILDING_GRANARY, 9.1, 65, 0.0
20, LOC_CITY_NAME_MBANZA_KONGO, 12.7, BUILDING_WALLS, 59.0, 80, 0.0
20, LOC_CITY_NAME_MBWILA, 6.8, DISTRICT_CAMPUS, 72.0, 83, 0.0
20, LOC_CITY_NAME_KINCHASSA, 7.9, DISTRICT_CAMPUS, 56.0, 83, 0.0
20, LOC_CITY_NAME_MBANZA_MBATA, 4.3, DISTRICT_CAMPUS, 4.3, 88, 0.0
20, LOC_CITY_NAME_MBUMBI, 45.7, UNIT_SPEARMAN, 45.7, 65, 0.0
20, LOC_CITY_NAME_MBANZA_NSUNDI, 15.0, BUILDING_GRANARY, 61.2, 65, 0.0
20, LOC_CITY_NAME_KWILA, 8.3, BUILDING_LYCEUM, 66.1, 60, 6.1
20, LOC_CITY_NAME_ISTANBUL, 29.9, BUILDING_STONEHENGE, 208.3, 180, 28.3
20, LOC_CITY_NAME_HALEP, 19.7, BUILDING_LYCEUM, 52.2, 60, 0.0
20, LOC_CITY_NAME_MEROE, 22.8, BUILDING_SHRINE, 45.7, 70, 0.0
20, LOC_CITY_NAME_KERMA, 13.3, UNIT_SETTLER, 76.3, 140, 0.0
20, LOC_CITY_NAME_KAWA, 13.6, UNIT_GALLEY, 13.6, 65, 0.0
20, LOC_CITY_NAME_ANGKOR_THOM, 17.4, BUILDING_SHRINE, 81.3, 70, 11.3
20, LOC_CITY_NAME_BUDA, 21.5, UNIT_WARRIOR, 56.4, 40, 16.4
20, LOC_CITY_NAME_AACHEN, 26.0, UNIT_BUILDER, 26.0, 58, 0.0
20, LOC_CITY_NAME_HEIDELBERG, 12.3, BUILDING_LYCEUM, 49.0, 60, 0.0
20, LOC_CITY_NAME_QARAQORUM, 22.3, UNIT_SETTLER, 131.0, 140, 0.0
20, LOC_CITY_NAME_AKSU, 9.0, BUILDING_LYCEUM, 51.2, 60, 0.0
20, LOC_CITY_NAME_ROME, 40.7, UNIT_HEAVY_CHARIOT, 40.7, 65, 0.0
20, LOC_CITY_NAME_OSTIA, 26.3, UNIT_HEAVY_CHARIOT, 53.6, 65, 0.0
20, LOC_CITY_NAME_URUK, 33.1, BUILDING_MONUMENT, 66.1, 60, 2.0
20, LOC_CITY_NAME_BAD_TIBIRA, 11.0, BUILDING_LYCEUM, 33.4, 60, 0.0
20, LOC_CITY_NAME_MEXICO_CITY, 5.5, BUILDING_MONUMENT, 53.0, 60, 0.0
20, LOC_CITY_NAME_NAN_MADOL, 3.9, BUILDING_LYCEUM, 44.4, 60, 0.0
20, LOC_CITY_NAME_BOLOGNA, 6.1, BUILDING_GRANARY, 6.1, 65, 0.0
20, LOC_CITY_NAME_AKKAD, 15.1, UNIT_BUILDER, 42.2, 50, 0.0
20, LOC_CITY_NAME_BANDAR_BRUNEI, 5.6, BUILDING_LYCEUM, 60.9, 60, 0.9
20, LOC_CITY_NAME_VALLETTA, 4.7, BUILDING_MONUMENT, 10.0, 60, 0.0
20, LOC_CITY_NAME_BABYLON, 4.7, BUILDING_MONUMENT, 10.6, 60, 0.0
20, LOC_CITY_NAME_GENEVA, 7.8, BUILDING_MONUMENT, 28.9, 60, 0.0
20, LOC_CITY_NAME_ANTIOCH, 7.7, BUILDING_GRANARY, 24.3, 65, 0.0
20, LOC_CITY_NAME_LA_VENTA, 15.7, UNIT_BUILDER, 41.3, 50, 0.0
20, LOC_CITY_NAME_CAHOKIA, 8.0, BUILDING_MONUMENT, 8.0, 60, 0.0
20, LOC_CITY_NAME_ANTANANARIVO, 5.2, BUILDING_MONUMENT, 13.3, 60, 0.0
20, LOC_CITY_NAME_VILNIUS, 6.6, BUILDING_GRANARY, 6.6, 65, 0.0
20, LOC_CITY_NAME_GRANADA, 4.1, BUILDING_LYCEUM, 23.2, 60, 0.0
20, LOC_CITY_NAME_KABUL, 6.6, BUILDING_LYCEUM, 57.0, 60, 0.0
20, LOC_CITY_NAME_ZANZIBAR, 4.5, BUILDING_MONUMENT, 12.1, 60, 0.0
20, LOC_CITY_NAME_MOHENJO_DARO, 6.3, BUILDING_MONUMENT, 6.3, 60, 0.0
20, LOC_CITY_NAME_LISBON, 3.0, BUILDING_MONUMENT, 44.7, 60, 0.0
20, LOC_CITY_NAME_KANDY, 6.3, BUILDING_MONUMENT, 6.3, 60, 0.0
20, LOC_CITY_NAME_NGAZARGAMU, 3.6, BUILDING_MONUMENT, 46.9, 60, 0.0
20, LOC_CITY_NAME_HONG_KONG, 6.1, BUILDING_MONUMENT, 32.6, 60, 0.0
20, LOC_CITY_NAME_BRUSSELS, 4.1, BUILDING_GRANARY, 13.2, 65, 0.0
21, LOC_CITY_NAME_MBANZA_KONGO, 12.7, BUILDING_WALLS, 71.7, 80, 0.0
21, LOC_CITY_NAME_MBWILA, 8.5, DISTRICT_CAMPUS, 80.6, 83, 0.0
21, LOC_CITY_NAME_KINCHASSA, 7.9, DISTRICT_CAMPUS, 63.9, 83, 0.0
21, LOC_CITY_NAME_MBANZA_MBATA, 4.3, DISTRICT_CAMPUS, 8.7, 88, 0.0
21, LOC_CITY_NAME_MBUMBI, 32.3, UNIT_SPEARMAN, 78.0, 65, 2.2
21, LOC_CITY_NAME_MBANZA_NSUNDI, 15.0, BUILDING_GRANARY, 76.2, 65, 11.2
21, LOC_CITY_NAME_KWILA, 14.3, BUILDING_MONUMENT, 22.6, 60, 0.0
21, LOC_CITY_NAME_ISTANBUL, 62.2, UNIT_HEAVY_CHARIOT, 62.2, 65, 0.0
21, LOC_CITY_NAME_HALEP, 19.7, BUILDING_LYCEUM, 71.9, 60, 11.9
21, LOC_CITY_NAME_MEROE, 22.8, BUILDING_SHRINE, 68.5, 70, 0.0
21, LOC_CITY_NAME_KERMA, 13.3, UNIT_SETTLER, 89.6, 140, 0.0
21, LOC_CITY_NAME_KAWA, 10.5, UNIT_GALLEY, 24.1, 65, 0.0
21, LOC_CITY_NAME_ANGKOR_THOM, 28.7, BUILDING_MONUMENT, 28.7, 60, 0.0
21, LOC_CITY_NAME_BUDA, 37.9, UNIT_BUILDER, 37.9, 54, 0.0
21, LOC_CITY_NAME_AACHEN, 22.3, UNIT_BUILDER, 48.2, 58, 0.0
21, LOC_CITY_NAME_ULM, 52.5, DISTRICT_HOLY_SITE, 52.5, 73, 0.0
21, LOC_CITY_NAME_HEIDELBERG, 12.3, BUILDING_LYCEUM, 61.3, 60, 1.3
21, LOC_CITY_NAME_QARAQORUM, 22.3, UNIT_SETTLER, 153.3, 140, 13.3
21, LOC_CITY_NAME_AKSU, 9.0, BUILDING_LYCEUM, 60.2, 60, 0.2
21, LOC_CITY_NAME_URUMQI, 36.5, UNIT_GALLEY, 36.5, 65, 0.0
21, LOC_CITY_NAME_ROME, 32.8, UNIT_HEAVY_CHARIOT, 73.5, 65, 0.0
21, LOC_CITY_NAME_OSTIA, 26.3, UNIT_HEAVY_CHARIOT, 79.9, 65, 9.6
21, LOC_CITY_NAME_URUK, 39.2, UNIT_SETTLER, 39.2, 140, 0.0
21, LOC_CITY_NAME_BAD_TIBIRA, 11.0, BUILDING_LYCEUM, 44.4, 60, 0.0
21, LOC_CITY_NAME_UR, 12.5, UNIT_BUILDER, 12.5, 58, 0.0
21, LOC_CITY_NAME_MEXICO_CITY, 5.5, BUILDING_MONUMENT, 58.5, 60, 0.0
21, LOC_CITY_NAME_NAN_MADOL, 3.9, BUILDING_LYCEUM, 48.3, 60, 0.0
21, LOC_CITY_NAME_BOLOGNA, 7.1, BUILDING_GRANARY, 13.3, 65, 0.0
21, LOC_CITY_NAME_AKKAD, 15.1, UNIT_BUILDER, 57.3, 50, 0.0
21, LOC_CITY_NAME_BANDAR_BRUNEI, 6.5, BUILDING_MONUMENT, 6.5, 60, 0.0
21, LOC_CITY_NAME_VALLETTA, 4.7, BUILDING_MONUMENT, 14.7, 60, 0.0
21, LOC_CITY_NAME_BABYLON, 4.7, BUILDING_MONUMENT, 15.3, 60, 0.0
21, LOC_CITY_NAME_GENEVA, 7.8, BUILDING_MONUMENT, 36.7, 60, 0.0
21, LOC_CITY_NAME_ANTIOCH, 7.7, BUILDING_GRANARY, 32.0, 65, 0.0
21, LOC_CITY_NAME_LA_VENTA, 15.7, UNIT_BUILDER, 57.0, 50, 0.0
21, LOC_CITY_NAME_CAHOKIA, 6.7, BUILDING_MONUMENT, 14.6, 60, 0.0
21, LOC_CITY_NAME_ANTANANARIVO, 5.2, BUILDING_MONUMENT, 18.6, 60, 0.0
21, LOC_CITY_NAME_VILNIUS, 5.1, BUILDING_GRANARY, 11.6, 65, 0.0
21, LOC_CITY_NAME_GRANADA, 4.7, BUILDING_LYCEUM, 27.9, 60, 0.0
21, LOC_CITY_NAME_KABUL, 6.6, BUILDING_LYCEUM, 63.5, 60, 3.5
21, LOC_CITY_NAME_ZANZIBAR, 4.5, BUILDING_MONUMENT, 16.6, 60, 0.0
21, LOC_CITY_NAME_MOHENJO_DARO, 6.3, BUILDING_MONUMENT, 12.7, 60, 0.0
21, LOC_CITY_NAME_LISBON, 3.0, BUILDING_MONUMENT, 47.7, 60, 0.0
21, LOC_CITY_NAME_KANDY, 4.5, BUILDING_MONUMENT, 10.8, 60, 0.0
21, LOC_CITY_NAME_NGAZARGAMU, 3.6, BUILDING_MONUMENT, 50.5, 60, 0.0
21, LOC_CITY_NAME_HONG_KONG, 6.1, BUILDING_MONUMENT, 38.6, 60, 0.0
21, LOC_CITY_NAME_BRUSSELS, 4.1, BUILDING_GRANARY, 17.3, 65, 0.0
22, LOC_CITY_NAME_MBANZA_KONGO, 12.7, BUILDING_WALLS, 84.5, 80, 4.5
22, LOC_CITY_NAME_MBWILA, 8.5, DISTRICT_CAMPUS, 89.1, 83, 6.1
22, LOC_CITY_NAME_KINCHASSA, 7.9, DISTRICT_CAMPUS, 71.8, 83, 0.0
22, LOC_CITY_NAME_MBANZA_MBATA, 4.3, DISTRICT_CAMPUS, 13.0, 88, 0.0
22, LOC_CITY_NAME_MBUMBI, 23.8, UNIT_SCOUT, 38.4, 30, 6.2
22, LOC_CITY_NAME_MBANZA_NSUNDI, 26.2, UNIT_SCOUT, 26.2, 30, 0.0
22, LOC_CITY_NAME_KWILA, 8.3, BUILDING_MONUMENT, 30.8, 60, 0.0
22, LOC_CITY_NAME_ISTANBUL, 33.9, UNIT_HEAVY_CHARIOT, 96.2, 65, 27.2
22, LOC_CITY_NAME_HALEP, 31.7, BUILDING_SHRINE, 31.7, 70, 0.0
22, LOC_CITY_NAME_MEROE, 22.8, BUILDING_SHRINE, 91.3, 70, 21.3
22, LOC_CITY_NAME_KERMA, 13.3, UNIT_SETTLER, 103.0, 140, 0.0
22, LOC_CITY_NAME_KAWA, 17.4, UNIT_GALLEY, 41.5, 65, 0.0
22, LOC_CITY_NAME_ANGKOR_THOM, 17.4, BUILDING_MONUMENT, 46.1, 60, 0.0
22, LOC_CITY_NAME_BUDA, 21.5, UNIT_BUILDER, 59.5, 54, 5.5
22, LOC_CITY_NAME_AACHEN, 22.3, UNIT_TRADER, 22.3, 44, 0.0
22, LOC_CITY_NAME_ULM, 11.0, DISTRICT_HOLY_SITE, 63.5, 73, 0.0
22, LOC_CITY_NAME_HEIDELBERG, 13.5, UNIT_BUILDER, 27.1, 58, 0.0
22, LOC_CITY_NAME_QARAQORUM, 28.7, DISTRICT_HOLY_SITE, 28.7, 78, 0.0
22, LOC_CITY_NAME_AKSU, 12.1, UNIT_BUILDER, 12.1, 62, 0.0
22, LOC_CITY_NAME_URUMQI, 13.0, UNIT_GALLEY, 49.5, 65, 0.0
22, LOC_CITY_NAME_ROME, 32.8, UNIT_HEAVY_CHARIOT, 32.8, 65, 0.0
22, LOC_CITY_NAME_OSTIA, 38.3, UNIT_HEAVY_CHARIOT, 38.3, 65, 0.0
22, LOC_CITY_NAME_URUK, 43.0, UNIT_SETTLER, 82.1, 140, 0.0
22, LOC_CITY_NAME_BAD_TIBIRA, 15.0, BUILDING_LYCEUM, 59.4, 60, 0.0
22, LOC_CITY_NAME_UR, 6.3, BUILDING_LYCEUM, 12.5, 60, 0.0
22, LOC_CITY_NAME_MEXICO_CITY, 5.5, BUILDING_MONUMENT, 64.0, 60, 4.0
22, LOC_CITY_NAME_NAN_MADOL, 4.9, BUILDING_LYCEUM, 53.3, 60, 0.0
22, LOC_CITY_NAME_BOLOGNA, 7.1, BUILDING_GRANARY, 20.4, 65, 0.0
22, LOC_CITY_NAME_AKKAD, 5.0, BUILDING_MONUMENT, 5.0, 60, 0.0
22, LOC_CITY_NAME_BANDAR_BRUNEI, 5.6, BUILDING_MONUMENT, 12.0, 60, 0.0
22, LOC_CITY_NAME_VALLETTA, 4.7, BUILDING_MONUMENT, 19.4, 60, 0.0
22, LOC_CITY_NAME_BABYLON, 4.7, BUILDING_MONUMENT, 20.0, 60, 0.0
22, LOC_CITY_NAME_GENEVA, 7.8, BUILDING_MONUMENT, 44.4, 60, 0.0
22, LOC_CITY_NAME_ANTIOCH, 7.7, BUILDING_GRANARY, 39.7, 65, 0.0
22, LOC_CITY_NAME_LA_VENTA, 5.2, BUILDING_MONUMENT, 5.2, 60, 0.0
22, LOC_CITY_NAME_CAHOKIA, 6.7, BUILDING_MONUMENT, 21.3, 60, 0.0
22, LOC_CITY_NAME_ANTANANARIVO, 5.2, BUILDING_MONUMENT, 23.8, 60, 0.0
22, LOC_CITY_NAME_VILNIUS, 5.1, BUILDING_GRANARY, 16.7, 65, 0.0
22, LOC_CITY_NAME_GRANADA, 4.1, BUILDING_LYCEUM, 32.0, 60, 0.0
22, LOC_CITY_NAME_KABUL, 10.1, BUILDING_MONUMENT, 10.1, 60, 0.0
22, LOC_CITY_NAME_ZANZIBAR, 4.5, BUILDING_MONUMENT, 21.1, 60, 0.0
22, LOC_CITY_NAME_MOHENJO_DARO, 6.3, BUILDING_MONUMENT, 19.0, 60, 0.0
22, LOC_CITY_NAME_LISBON, 3.0, BUILDING_MONUMENT, 50.8, 60, 0.0
22, LOC_CITY_NAME_KANDY, 4.5, BUILDING_MONUMENT, 15.2, 60, 0.0
22, LOC_CITY_NAME_NGAZARGAMU, 3.6, BUILDING_MONUMENT, 54.1, 60, 0.0
22, LOC_CITY_NAME_HONG_KONG, 6.1, BUILDING_MONUMENT, 44.7, 60, 0.0
22, LOC_CITY_NAME_BRUSSELS, 4.1, BUILDING_GRANARY, 21.5, 65, 0.0
23, LOC_CITY_NAME_MBANZA_KONGO, 17.2, UNIT_BUILDER, 17.2, 70, 0.0
23, LOC_CITY_NAME_MBWILA, 15.7, BUILDING_WALLS, 15.7, 80, 0.0
23, LOC_CITY_NAME_KINCHASSA, 7.9, DISTRICT_CAMPUS, 79.7, 83, 0.0
23, LOC_CITY_NAME_MBANZA_MBATA, 4.3, DISTRICT_CAMPUS, 17.3, 88, 0.0
23, LOC_CITY_NAME_SANGA, 4.3, DISTRICT_CAMPUS, 4.3, 97, 0.0
23, LOC_CITY_NAME_MBUMBI, 27.7, UNIT_SCOUT, 27.7, 30, 0.0
23, LOC_CITY_NAME_MBANZA_NSUNDI, 15.0, UNIT_SCOUT, 41.2, 30, 11.2
23, LOC_CITY_NAME_KWILA, 8.3, BUILDING_MONUMENT, 39.1, 60, 0.0
23, LOC_CITY_NAME_ISTANBUL, 57.1, DISTRICT_HOLY_SITE, 57.1, 73, 0.0
23, LOC_CITY_NAME_HALEP, 23.3, BUILDING_SHRINE, 55.0, 70, 0.0
23, LOC_CITY_NAME_MEROE, 84.1, UNIT_NUBIAN_PITATI, 84.1, 70, 0.0
23, LOC_CITY_NAME_KERMA, 13.3, UNIT_SETTLER, 116.3, 140, 0.0
23, LOC_CITY_NAME_KAWA, 17.4, UNIT_GALLEY, 59.0, 65, 0.0
23, LOC_CITY_NAME_ANGKOR_THOM, 17.4, BUILDING_MONUMENT, 63.6, 60, 3.6
23, LOC_CITY_NAME_BUDA, 27.0, UNIT_WARRIOR, 27.0, 40, 0.0
23, LOC_CITY_NAME_AACHEN, 22.3, UNIT_TRADER, 44.5, 44, 0.5
23, LOC_CITY_NAME_ULM, 11.0, DISTRICT_HOLY_SITE, 74.6, 73, 1.6
23, LOC_CITY_NAME_HEIDELBERG, 12.3, UNIT_BUILDER, 39.4, 58, 0.0
23, LOC_CITY_NAME_QARAQORUM, 15.4, DISTRICT_HOLY_SITE, 44.1, 78, 0.0
23, LOC_CITY_NAME_AKSU, 11.9, BUILDING_GRANARY, 11.9, 65, 0.0
23, LOC_CITY_NAME_URUMQI, 13.0, UNIT_GALLEY, 62.6, 65, 0.0
23, LOC_CITY_NAME_ROME, 32.8, UNIT_HEAVY_CHARIOT, 65.6, 65, 0.0
23, LOC_CITY_NAME_OSTIA, 26.3, UNIT_HEAVY_CHARIOT, 64.6, 65, 0.0
23, LOC_CITY_NAME_URUK, 43.0, UNIT_SETTLER, 125.1, 140, 0.0
23, LOC_CITY_NAME_BAD_TIBIRA, 15.0, BUILDING_LYCEUM, 74.4, 60, 14.4
23, LOC_CITY_NAME_UR, 6.3, BUILDING_LYCEUM, 18.8, 60, 0.0
23, LOC_CITY_NAME_MEXICO_CITY, 9.4, BUILDING_LYCEUM, 11.7, 60, 0.0
23, LOC_CITY_NAME_NAN_MADOL, 4.9, BUILDING_LYCEUM, 58.2, 60, 0.0
23, LOC_CITY_NAME_BOLOGNA, 7.1, BUILDING_GRANARY, 27.5, 65, 0.0
23, LOC_CITY_NAME_AKKAD, 5.0, BUILDING_MONUMENT, 10.0, 60, 0.0
23, LOC_CITY_NAME_BANDAR_BRUNEI, 5.6, BUILDING_MONUMENT, 17.6, 60, 0.0
23, LOC_CITY_NAME_VALLETTA, 4.7, BUILDING_MONUMENT, 24.1, 60, 0.0
23, LOC_CITY_NAME_BABYLON, 4.7, BUILDING_MONUMENT, 24.6, 60, 0.0
23, LOC_CITY_NAME_GENEVA, 7.8, BUILDING_MONUMENT, 52.2, 60, 0.0
23, LOC_CITY_NAME_ANTIOCH, 7.7, BUILDING_GRANARY, 47.4, 65, 0.0
23, LOC_CITY_NAME_LA_VENTA, 4.1, BUILDING_MONUMENT, 9.4, 60, 0.0
23, LOC_CITY_NAME_CAHOKIA, 6.7, BUILDING_MONUMENT, 28.0, 60, 0.0
23, LOC_CITY_NAME_ANTANANARIVO, 5.2, BUILDING_MONUMENT, 29.0, 60, 0.0
23, LOC_CITY_NAME_VILNIUS, 5.1, BUILDING_GRANARY, 21.7, 65, 0.0
23, LOC_CITY_NAME_GRANADA, 4.7, BUILDING_LYCEUM, 36.7, 60, 0.0
23, LOC_CITY_NAME_KABUL, 6.6, BUILDING_MONUMENT, 16.7, 60, 0.0
23, LOC_CITY_NAME_ZANZIBAR, 4.5, BUILDING_MONUMENT, 25.5, 60, 0.0
23, LOC_CITY_NAME_MOHENJO_DARO, 6.3, BUILDING_MONUMENT, 25.3, 60, 0.0
23, LOC_CITY_NAME_LISBON, 3.0, BUILDING_MONUMENT, 53.8, 60, 0.0
23, LOC_CITY_NAME_KANDY, 4.5, BUILDING_MONUMENT, 19.7, 60, 0.0
23, LOC_CITY_NAME_NGAZARGAMU, 3.6, BUILDING_MONUMENT, 57.7, 60, 0.0
23, LOC_CITY_NAME_HONG_KONG, 6.1, BUILDING_MONUMENT, 50.8, 60, 0.0
23, LOC_CITY_NAME_BRUSSELS, 4.1, BUILDING_GRANARY, 25.6, 65, 0.0
24, LOC_CITY_NAME_MBANZA_KONGO, 12.7, DISTRICT_AQUEDUCT, 12.7, 68, 0.0
24, LOC_CITY_NAME_MBWILA, 9.6, BUILDING_WALLS, 25.2, 80, 0.0
24, LOC_CITY_NAME_KINCHASSA, 7.9, DISTRICT_CAMPUS, 87.6, 83, 4.6
24, LOC_CITY_NAME_MBANZA_MBATA, 6.8, DISTRICT_CAMPUS, 24.2, 88, 0.0
24, LOC_CITY_NAME_SANGA, 4.3, DISTRICT_CAMPUS, 8.7, 97, 0.0
24, LOC_CITY_NAME_KINCHASSA, 42.6, BUILDING_HANGING_GARDENS, 42.6, 180, 0.0
24, LOC_CITY_NAME_MBUMBI, 21.5, UNIT_SCOUT, 49.2, 30, 19.2
24, LOC_CITY_NAME_MBANZA_NSUNDI, 49.3, UNIT_WARRIOR, 49.3, 40, 0.0
24, LOC_CITY_NAME_KWILA, 8.3, BUILDING_MONUMENT, 47.4, 60, 0.0
24, LOC_CITY_NAME_MBAMBA, 10.3, BUILDING_MONUMENT, 10.3, 60, 0.0
24, LOC_CITY_NAME_ISTANBUL, 29.9, DISTRICT_HOLY_SITE, 87.1, 73, 14.1
24, LOC_CITY_NAME_HALEP, 24.5, BUILDING_SHRINE, 79.6, 70, 9.6
24, LOC_CITY_NAME_MEROE, 41.5, UNIT_NUBIAN_PITATI, 41.5, 70, 0.0
24, LOC_CITY_NAME_KERMA, 13.3, UNIT_SETTLER, 129.7, 140, 0.0
24, LOC_CITY_NAME_KAWA, 17.4, UNIT_GALLEY, 76.4, 65, 11.4
24, LOC_CITY_NAME_ANGKOR_THOM, 21.0, UNIT_HEAVY_CHARIOT, 21.0, 65, 0.0
24, LOC_CITY_NAME_BUDA, 21.5, UNIT_WARRIOR, 48.6, 40, 8.6
24, LOC_CITY_NAME_AACHEN, 24.8, UNIT_BUILDER, 73.0, 58, 14.5
24, LOC_CITY_NAME_ULM, 14.6, BUILDING_SHRINE, 14.6, 70, 0.0
24, LOC_CITY_NAME_HEIDELBERG, 12.3, UNIT_BUILDER, 51.6, 62, 0.0
24, LOC_CITY_NAME_QARAQORUM, 15.4, DISTRICT_HOLY_SITE, 59.5, 78, 0.0
24, LOC_CITY_NAME_AKSU, 11.9, BUILDING_GRANARY, 23.9, 65, 0.0
24, LOC_CITY_NAME_URUMQI, 13.0, UNIT_GALLEY, 75.6, 65, 10.6
24, LOC_CITY_NAME_ROME, 32.8, UNIT_HEAVY_CHARIOT, 32.8, 65, 0.0
24, LOC_CITY_NAME_OSTIA, 26.3, UNIT_HEAVY_CHARIOT, 90.8, 65, 20.6
24, LOC_CITY_NAME_URUK, 43.0, UNIT_SETTLER, 168.1, 140, 19.9
24, LOC_CITY_NAME_BAD_TIBIRA, 29.5, UNIT_BUILDER, 29.5, 58, 0.0
24, LOC_CITY_NAME_UR, 13.0, BUILDING_LYCEUM, 31.8, 60, 0.0
24, LOC_CITY_NAME_MEXICO_CITY, 5.5, BUILDING_LYCEUM, 17.2, 60, 0.0
24, LOC_CITY_NAME_NAN_MADOL, 4.9, BUILDING_LYCEUM, 63.1, 60, 3.1
24, LOC_CITY_NAME_BOLOGNA, 7.1, BUILDING_GRANARY, 34.7, 65, 0.0
24, LOC_CITY_NAME_AKKAD, 5.0, BUILDING_MONUMENT, 15.1, 60, 0.0
24, LOC_CITY_NAME_BANDAR_BRUNEI, 5.6, BUILDING_MONUMENT, 23.2, 60, 0.0
24, LOC_CITY_NAME_VALLETTA, 4.7, BUILDING_MONUMENT, 28.8, 60, 0.0
24, LOC_CITY_NAME_BABYLON, 5.2, BUILDING_MONUMENT, 29.9, 60, 0.0
24, LOC_CITY_NAME_GENEVA, 7.8, BUILDING_MONUMENT, 60.0, 60, 0.0
24, LOC_CITY_NAME_ANTIOCH, 7.7, BUILDING_GRANARY, 55.1, 65, 0.0
24, LOC_CITY_NAME_LA_VENTA, 5.2, BUILDING_MONUMENT, 14.6, 60, 0.0
24, LOC_CITY_NAME_CAHOKIA, 6.7, BUILDING_MONUMENT, 34.6, 60, 0.0
24, LOC_CITY_NAME_ANTANANARIVO, 5.2, BUILDING_MONUMENT, 34.3, 60, 0.0
24, LOC_CITY_NAME_VILNIUS, 5.1, BUILDING_GRANARY, 26.8, 65, 0.0
24, LOC_CITY_NAME_GRANADA, 4.1, BUILDING_LYCEUM, 40.8, 60, 0.0
24, LOC_CITY_NAME_KABUL, 6.6, BUILDING_MONUMENT, 23.3, 60, 0.0
24, LOC_CITY_NAME_ZANZIBAR, 4.5, BUILDING_MONUMENT, 30.0, 60, 0.0
24, LOC_CITY_NAME_MOHENJO_DARO, 6.9, BUILDING_MONUMENT, 32.2, 60, 0.0
24, LOC_CITY_NAME_LISBON, 3.0, BUILDING_MONUMENT, 56.8, 60, 0.0
24, LOC_CITY_NAME_KANDY, 4.5, BUILDING_MONUMENT, 24.2, 60, 0.0
24, LOC_CITY_NAME_NGAZARGAMU, 3.6, BUILDING_MONUMENT, 61.2, 60, 1.2
24, LOC_CITY_NAME_HONG_KONG, 6.1, BUILDING_MONUMENT, 56.8, 60, 0.0
24, LOC_CITY_NAME_BRUSSELS, 5.1, BUILDING_GRANARY, 30.7, 65, 0.0
25, LOC_CITY_NAME_MBANZA_KONGO, 13.8, DISTRICT_AQUEDUCT, 26.5, 68, 0.0
25, LOC_CITY_NAME_MBWILA, 12.6, BUILDING_WALLS, 37.8, 80, 0.0
25, LOC_CITY_NAME_KINCHASSA, 13.8, BUILDING_HANGING_GARDENS, 56.3, 180, 0.0
25, LOC_CITY_NAME_MBANZA_MBATA, 6.8, DISTRICT_CAMPUS, 31.0, 88, 0.0
25, LOC_CITY_NAME_SANGA, 4.3, DISTRICT_CAMPUS, 13.0, 97, 0.0
25, LOC_CITY_NAME_MBUMBI, 47.5, UNIT_HEAVY_CHARIOT, 47.5, 65, 0.0
25, LOC_CITY_NAME_MBANZA_NSUNDI, 23.6, BUILDING_WATER_MILL, 23.6, 80, 0.0
25, LOC_CITY_NAME_KWILA, 8.3, BUILDING_MONUMENT, 55.6, 60, 0.0
25, LOC_CITY_NAME_MBAMBA, 10.3, BUILDING_MONUMENT, 20.5, 60, 0.0
25, LOC_CITY_NAME_ISTANBUL, 46.0, BUILDING_SHRINE, 46.0, 70, 0.0
25, LOC_CITY_NAME_HALEP, 34.1, BUILDING_WATER_MILL, 34.1, 80, 0.0
25, LOC_CITY_NAME_MEROE, 39.9, UNIT_NUBIAN_PITATI, 81.4, 70, 0.0
25, LOC_CITY_NAME_KERMA, 13.3, UNIT_SETTLER, 143.0, 140, 3.0
25, LOC_CITY_NAME_KAWA, 24.7, BUILDING_MONUMENT, 24.7, 60, 0.0
25, LOC_CITY_NAME_ANGKOR_THOM, 17.4, UNIT_HEAVY_CHARIOT, 38.5, 65, 0.0
25, LOC_CITY_NAME_BUDA, 30.1, DISTRICT_HOLY_SITE, 30.1, 78, 0.0
25, LOC_CITY_NAME_AACHEN, 38.7, UNIT_SCOUT, 51.3, 30, 6.8
25, LOC_CITY_NAME_ULM, 13.0, BUILDING_SHRINE, 27.6, 70, 0.0
25, LOC_CITY_NAME_HEIDELBERG, 12.3, UNIT_BUILDER, 63.9, 62, 1.9
25, LOC_CITY_NAME_FRANKFURT, 6.3, UNIT_GALLEY, 6.3, 65, 0.0
25, LOC_CITY_NAME_QARAQORUM, 15.4, DISTRICT_HOLY_SITE, 74.9, 78, 0.0
25, LOC_CITY_NAME_AKSU, 11.9, BUILDING_GRANARY, 35.8, 65, 0.0
25, LOC_CITY_NAME_URUMQI, 23.6, UNIT_BUILDER, 23.6, 62, 0.0
25, LOC_CITY_NAME_QARAQOTO, 6.3, BUILDING_LYCEUM, 6.3, 60, 0.0
25, LOC_CITY_NAME_ROME, 32.8, UNIT_HEAVY_CHARIOT, 65.6, 65, 0.0
25, LOC_CITY_NAME_OSTIA, 52.0, UNIT_HEAVY_CHARIOT, 52.0, 65, 0.0
25, LOC_CITY_NAME_URUK, 57.1, UNIT_BUILDER, 82.2, 58, 0.0
25, LOC_CITY_NAME_BAD_TIBIRA, 15.0, UNIT_BUILDER, 44.5, 62, 0.0
25, LOC_CITY_NAME_UR, 13.0, BUILDING_LYCEUM, 44.8, 60, 0.0
25, LOC_CITY_NAME_MEXICO_CITY, 5.5, BUILDING_LYCEUM, 22.7, 60, 0.0
25, LOC_CITY_NAME_NAN_MADOL, 8.1, BUILDING_GRANARY, 8.1, 65, 0.0
25, LOC_CITY_NAME_BOLOGNA, 7.1, BUILDING_GRANARY, 41.8, 65, 0.0
25, LOC_CITY_NAME_AKKAD, 5.0, BUILDING_MONUMENT, 20.1, 60, 0.0
25, LOC_CITY_NAME_BANDAR_BRUNEI, 5.6, BUILDING_MONUMENT, 28.7, 60, 0.0
25, LOC_CITY_NAME_VALLETTA, 4.7, BUILDING_MONUMENT, 33.4, 60, 0.0
25, LOC_CITY_NAME_BABYLON, 5.2, BUILDING_MONUMENT, 35.1, 60, 0.0
25, LOC_CITY_NAME_GENEVA, 7.8, BUILDING_MONUMENT, 67.8, 60, 7.8
25, LOC_CITY_NAME_ANTIOCH, 7.7, BUILDING_GRANARY, 62.7, 65, 0.0
25, LOC_CITY_NAME_LA_VENTA, 4.1, BUILDING_MONUMENT, 18.7, 60, 0.0
25, LOC_CITY_NAME_CAHOKIA, 6.7, BUILDING_MONUMENT, 41.3, 60, 0.0
25, LOC_CITY_NAME_ANTANANARIVO, 5.2, BUILDING_MONUMENT, 39.5, 60, 0.0
25, LOC_CITY_NAME_VILNIUS, 5.1, BUILDING_GRANARY, 31.9, 65, 0.0
25, LOC_CITY_NAME_GRANADA, 4.7, BUILDING_LYCEUM, 45.5, 60, 0.0
25, LOC_CITY_NAME_KABUL, 6.6, BUILDING_MONUMENT, 29.9, 60, 0.0
25, LOC_CITY_NAME_ZANZIBAR, 4.5, BUILDING_MONUMENT, 34.5, 60, 0.0
25, LOC_CITY_NAME_MOHENJO_DARO, 6.9, BUILDING_MONUMENT, 39.1, 60, 0.0
25, LOC_CITY_NAME_LISBON, 3.0, BUILDING_MONUMENT, 59.9, 60, 0.0
25, LOC_CITY_NAME_KANDY, 4.5, BUILDING_MONUMENT, 28.6, 60, 0.0
25, LOC_CITY_NAME_NGAZARGAMU, 14.5, UNIT_BUILDER, 14.5, 50, 0.0
25, LOC_CITY_NAME_HONG_KONG, 6.1, BUILDING_MONUMENT, 62.9, 60, 2.9
25, LOC_CITY_NAME_BRUSSELS, 5.1, BUILDING_GRANARY, 35.7, 65, 0.0
26, LOC_CITY_NAME_MBANZA_KONGO, 13.8, DISTRICT_AQUEDUCT, 40.3, 68, 0.0
26, LOC_CITY_NAME_MBWILA, 12.6, BUILDING_WALLS, 50.4, 80, 0.0
26, LOC_CITY_NAME_KINCHASSA, 13.8, BUILDING_HANGING_GARDENS, 70.1, 180, 0.0
26, LOC_CITY_NAME_MBANZA_MBATA, 6.8, DISTRICT_CAMPUS, 37.8, 88, 0.0
26, LOC_CITY_NAME_SANGA, 4.3, DISTRICT_CAMPUS, 17.3, 97, 0.0
26, LOC_CITY_NAME_MPINDA, 2.2, DISTRICT_AQUEDUCT, 2.2, 71, 0.0
26, LOC_CITY_NAME_MBUMBI, 28.3, UNIT_HEAVY_CHARIOT, 75.7, 65, 10.7
26, LOC_CITY_NAME_MBANZA_NSUNDI, 23.6, BUILDING_WATER_MILL, 47.3, 80, 0.0
26, LOC_CITY_NAME_KWILA, 8.3, BUILDING_MONUMENT, 63.9, 60, 3.9
26, LOC_CITY_NAME_MBAMBA, 10.3, BUILDING_MONUMENT, 30.8, 60, 0.0
26, LOC_CITY_NAME_ISTANBUL, 31.9, BUILDING_SHRINE, 77.9, 70, 7.9
26, LOC_CITY_NAME_HALEP, 24.5, BUILDING_WATER_MILL, 58.6, 80, 0.0
26, LOC_CITY_NAME_MEROE, 26.6, UNIT_GALLEY, 26.6, 65, 0.0
26, LOC_CITY_NAME_KERMA, 16.3, BUILDING_MONUMENT, 16.3, 60, 0.0
26, LOC_CITY_NAME_KAWA, 13.3, BUILDING_MONUMENT, 38.1, 60, 0.0
26, LOC_CITY_NAME_ANGKOR_THOM, 17.4, UNIT_HEAVY_CHARIOT, 55.9, 65, 0.0
26, LOC_CITY_NAME_BUDA, 28.3, DISTRICT_HOLY_SITE, 58.4, 78, 0.0
26, LOC_CITY_NAME_AACHEN, 31.1, UNIT_SCOUT, 31.1, 30, 0.0
26, LOC_CITY_NAME_ULM, 13.0, BUILDING_SHRINE, 40.6, 70, 0.0
26, LOC_CITY_NAME_HEIDELBERG, 14.1, DISTRICT_HOLY_SITE, 14.1, 83, 0.0
26, LOC_CITY_NAME_QARAQORUM, 15.4, DISTRICT_HOLY_SITE, 90.3, 78, 12.3
26, LOC_CITY_NAME_AKSU, 11.9, BUILDING_GRANARY, 47.8, 65, 0.0
26, LOC_CITY_NAME_URUMQI, 13.0, UNIT_BUILDER, 36.6, 62, 0.0
26, LOC_CITY_NAME_ROME, 32.8, UNIT_HEAVY_CHARIOT, 32.8, 65, 0.0
26, LOC_CITY_NAME_OSTIA, 26.3, UNIT_HEAVY_CHARIOT, 78.3, 65, 8.0
26, LOC_CITY_NAME_URUK, 33.1, DISTRICT_CAMPUS, 33.1, 88, 0.0
26, LOC_CITY_NAME_BAD_TIBIRA, 15.0, UNIT_BUILDER, 59.5, 62, 0.0
26, LOC_CITY_NAME_UR, 13.0, BUILDING_LYCEUM, 57.8, 60, 0.0
26, LOC_CITY_NAME_MEXICO_CITY, 5.5, BUILDING_LYCEUM, 28.2, 60, 0.0
26, LOC_CITY_NAME_NAN_MADOL, 4.9, BUILDING_GRANARY, 13.0, 65, 0.0
26, LOC_CITY_NAME_BOLOGNA, 7.1, BUILDING_GRANARY, 48.9, 65, 0.0
26, LOC_CITY_NAME_AKKAD, 5.0, BUILDING_MONUMENT, 25.1, 60, 0.0
26, LOC_CITY_NAME_BANDAR_BRUNEI, 5.6, BUILDING_MONUMENT, 34.3, 60, 0.0
26, LOC_CITY_NAME_VALLETTA, 4.7, BUILDING_MONUMENT, 38.1, 60, 0.0
26, LOC_CITY_NAME_BABYLON, 5.2, BUILDING_MONUMENT, 40.3, 60, 0.0
26, LOC_CITY_NAME_GENEVA, 46.6, UNIT_ARCHER, 46.6, 60, 0.0
26, LOC_CITY_NAME_ANTIOCH, 8.5, BUILDING_GRANARY, 71.3, 65, 6.3
26, LOC_CITY_NAME_LA_VENTA, 4.1, BUILDING_MONUMENT, 22.9, 60, 0.0
26, LOC_CITY_NAME_CAHOKIA, 6.7, BUILDING_MONUMENT, 48.0, 60, 0.0
26, LOC_CITY_NAME_ANTANANARIVO, 5.2, BUILDING_MONUMENT, 44.7, 60, 0.0
26, LOC_CITY_NAME_VILNIUS, 5.1, BUILDING_GRANARY, 36.9, 65, 0.0
26, LOC_CITY_NAME_GRANADA, 4.1, BUILDING_LYCEUM, 49.6, 60, 0.0
26, LOC_CITY_NAME_KABUL, 6.6, BUILDING_MONUMENT, 36.5, 60, 0.0
26, LOC_CITY_NAME_ZANZIBAR, 4.5, BUILDING_MONUMENT, 38.9, 60, 0.0
26, LOC_CITY_NAME_MOHENJO_DARO, 6.9, BUILDING_MONUMENT, 46.0, 60, 0.0
26, LOC_CITY_NAME_LISBON, 3.0, BUILDING_MONUMENT, 62.9, 60, 2.9
26, LOC_CITY_NAME_KANDY, 4.5, BUILDING_MONUMENT, 33.1, 60, 0.0
26, LOC_CITY_NAME_NGAZARGAMU, 10.7, UNIT_BUILDER, 25.2, 50, 0.0
26, LOC_CITY_NAME_HONG_KONG, 9.0, BUILDING_GRANARY, 9.0, 65, 0.0
26, LOC_CITY_NAME_BRUSSELS, 5.1, BUILDING_GRANARY, 40.8, 65, 0.0
27, LOC_CITY_NAME_MBANZA_KONGO, 17.8, DISTRICT_AQUEDUCT, 58.1, 68, 0.0
27, LOC_CITY_NAME_MBWILA, 12.6, BUILDING_WALLS, 62.9, 80, 0.0
27, LOC_CITY_NAME_KINCHASSA, 12.7, BUILDING_HANGING_GARDENS, 82.9, 180, 0.0
27, LOC_CITY_NAME_MBANZA_MBATA, 6.8, DISTRICT_CAMPUS, 44.7, 88, 0.0
27, LOC_CITY_NAME_SANGA, 7.9, DISTRICT_CAMPUS, 25.2, 97, 0.0
27, LOC_CITY_NAME_MPINDA, 2.2, DISTRICT_AQUEDUCT, 4.5, 71, 0.0
27, LOC_CITY_NAME_MBUMBI, 39.0, UNIT_SETTLER, 39.0, 170, 0.0
27, LOC_CITY_NAME_MBANZA_NSUNDI, 23.6, BUILDING_WATER_MILL, 70.9, 80, 0.0
27, LOC_CITY_NAME_KWILA, 16.9, BUILDING_GRANARY, 16.9, 65, 0.0
27, LOC_CITY_NAME_MBAMBA, 10.3, BUILDING_MONUMENT, 41.0, 60, 0.0
27, LOC_CITY_NAME_ISTANBUL, 39.9, DISTRICT_ENCAMPMENT, 39.9, 83, 0.0
27, LOC_CITY_NAME_HALEP, 24.5, BUILDING_WATER_MILL, 83.2, 80, 3.2
27, LOC_CITY_NAME_MEROE, 26.6, UNIT_GALLEY, 53.2, 65, 0.0
27, LOC_CITY_NAME_KERMA, 13.3, BUILDING_MONUMENT, 29.7, 60, 0.0
27, LOC_CITY_NAME_KAWA, 13.3, BUILDING_MONUMENT, 51.4, 60, 0.0
27, LOC_CITY_NAME_ANGKOR_THOM, 17.4, UNIT_HEAVY_CHARIOT, 73.3, 65, 8.3
27, LOC_CITY_NAME_BUDA, 28.3, DISTRICT_HOLY_SITE, 86.6, 78, 8.6
27, LOC_CITY_NAME_AACHEN, 27.9, UNIT_BUILDER, 27.9, 66, 0.0
27, LOC_CITY_NAME_ULM, 13.0, BUILDING_SHRINE, 53.6, 70, 0.0
27, LOC_CITY_NAME_HEIDELBERG, 12.3, DISTRICT_HOLY_SITE, 26.4, 83, 0.0
27, LOC_CITY_NAME_FRANKFURT, 12.5, DISTRICT_HOLY_SITE, 12.5, 83, 0.0
27, LOC_CITY_NAME_QARAQORUM, 34.5, UNIT_SETTLER, 34.5, 170, 0.0
27, LOC_CITY_NAME_AKSU, 11.9, BUILDING_GRANARY, 59.7, 65, 0.0
27, LOC_CITY_NAME_URUMQI, 13.0, UNIT_GALLEY, 13.0, 65, 0.0
27, LOC_CITY_NAME_QARAQOTO, 12.5, DISTRICT_HOLY_SITE, 12.5, 92, 0.0
27, LOC_CITY_NAME_ROME, 32.8, UNIT_HEAVY_CHARIOT, 65.6, 65, 0.0
27, LOC_CITY_NAME_OSTIA, 36.3, UNIT_HEAVY_CHARIOT, 36.3, 65, 0.0
27, LOC_CITY_NAME_URUK, 33.1, DISTRICT_CAMPUS, 66.1, 88, 0.0
27, LOC_CITY_NAME_BAD_TIBIRA, 15.0, BUILDING_MONUMENT, 15.0, 60, 0.0
27, LOC_CITY_NAME_UR, 13.0, BUILDING_LYCEUM, 70.8, 60, 10.8
27, LOC_CITY_NAME_MEXICO_CITY, 5.5, BUILDING_LYCEUM, 33.7, 60, 0.0
27, LOC_CITY_NAME_NAN_MADOL, 4.9, BUILDING_GRANARY, 17.9, 65, 0.0
27, LOC_CITY_NAME_BOLOGNA, 7.1, BUILDING_GRANARY, 56.1, 65, 0.0
27, LOC_CITY_NAME_AKKAD, 5.0, BUILDING_MONUMENT, 30.1, 60, 0.0
27, LOC_CITY_NAME_BANDAR_BRUNEI, 5.6, BUILDING_MONUMENT, 39.9, 60, 0.0
27, LOC_CITY_NAME_VALLETTA, 4.7, BUILDING_MONUMENT, 42.8, 60, 0.0
27, LOC_CITY_NAME_BABYLON, 5.2, BUILDING_MONUMENT, 45.6, 60, 0.0
27, LOC_CITY_NAME_GENEVA, 23.3, UNIT_ARCHER, 69.9, 60, 0.0
27, LOC_CITY_NAME_ANTIOCH, 14.8, PROJECT_REPAIR_OUTER_DEFENSES, 14.8, 4, 4.5
27, LOC_CITY_NAME_LA_VENTA, 4.1, BUILDING_MONUMENT, 27.0, 60, 0.0
27, LOC_CITY_NAME_CAHOKIA, 6.7, BUILDING_MONUMENT, 54.7, 60, 0.0
27, LOC_CITY_NAME_ANTANANARIVO, 5.2, BUILDING_MONUMENT, 50.0, 60, 0.0
27, LOC_CITY_NAME_VILNIUS, 5.1, BUILDING_GRANARY, 42.0, 65, 0.0
27, LOC_CITY_NAME_GRANADA, 4.7, BUILDING_LYCEUM, 54.3, 60, 0.0
27, LOC_CITY_NAME_KABUL, 6.6, BUILDING_MONUMENT, 43.1, 60, 0.0
27, LOC_CITY_NAME_ZANZIBAR, 4.5, BUILDING_MONUMENT, 43.4, 60, 0.0
27, LOC_CITY_NAME_MOHENJO_DARO, 6.9, BUILDING_MONUMENT, 52.9, 60, 0.0
27, LOC_CITY_NAME_LISBON, 5.9, BUILDING_GRANARY, 5.9, 65, 0.0
27, LOC_CITY_NAME_KANDY, 4.5, BUILDING_MONUMENT, 37.6, 60, 0.0
27, LOC_CITY_NAME_NGAZARGAMU, 10.7, UNIT_BUILDER, 36.0, 50, 0.0
27, LOC_CITY_NAME_HONG_KONG, 6.1, BUILDING_GRANARY, 15.0, 65, 0.0
27, LOC_CITY_NAME_BRUSSELS, 5.1, BUILDING_GRANARY, 45.8, 65, 0.0
28, LOC_CITY_NAME_MBANZA_KONGO, 17.8, DISTRICT_AQUEDUCT, 75.9, 68, 7.9
28, LOC_CITY_NAME_MBWILA, 12.6, BUILDING_WALLS, 75.5, 80, 0.0
28, LOC_CITY_NAME_KINCHASSA, 12.7, BUILDING_HANGING_GARDENS, 95.6, 180, 0.0
28, LOC_CITY_NAME_MBANZA_MBATA, 6.8, DISTRICT_CAMPUS, 51.5, 88, 0.0
28, LOC_CITY_NAME_SANGA, 7.9, DISTRICT_CAMPUS, 33.1, 97, 0.0
28, LOC_CITY_NAME_MPINDA, 3.7, DISTRICT_AQUEDUCT, 8.1, 71, 0.0
28, LOC_CITY_NAME_MBUMBI, 28.3, UNIT_SETTLER, 67.2, 170, 0.0
28, LOC_CITY_NAME_MBANZA_NSUNDI, 23.6, BUILDING_WATER_MILL, 94.6, 80, 14.6
28, LOC_CITY_NAME_KWILA, 13.0, BUILDING_GRANARY, 29.9, 65, 0.0
28, LOC_CITY_NAME_MBAMBA, 10.3, BUILDING_MONUMENT, 51.3, 60, 0.0
28, LOC_CITY_NAME_ISTANBUL, 31.9, DISTRICT_ENCAMPMENT, 71.8, 83, 0.0
28, LOC_CITY_NAME_HALEP, 33.2, UNIT_SCOUT, 33.2, 30, 0.1
28, LOC_CITY_NAME_MEROE, 26.6, UNIT_GALLEY, 79.8, 65, 14.8
28, LOC_CITY_NAME_KERMA, 13.3, BUILDING_MONUMENT, 43.0, 60, 0.0
28, LOC_CITY_NAME_KAWA, 13.3, BUILDING_MONUMENT, 64.8, 60, 4.8
28, LOC_CITY_NAME_KAWA, 40.8, UNIT_HEAVY_CHARIOT, 40.8, 65, 0.0
28, LOC_CITY_NAME_ANGKOR_THOM, 25.8, UNIT_HEAVY_CHARIOT, 25.8, 65, 0.0
28, LOC_CITY_NAME_BUDA, 40.9, BUILDING_SHRINE, 40.9, 70, 0.0
28, LOC_CITY_NAME_AACHEN, 27.9, UNIT_BUILDER, 55.9, 66, 0.0
28, LOC_CITY_NAME_ULM, 13.0, BUILDING_SHRINE, 66.6, 70, 0.0
28, LOC_CITY_NAME_HEIDELBERG, 12.3, DISTRICT_HOLY_SITE, 38.6, 83, 0.0
28, LOC_CITY_NAME_FRANKFURT, 11.0, DISTRICT_HOLY_SITE, 23.5, 83, 0.0
28, LOC_CITY_NAME_QARAQORUM, 22.3, UNIT_SETTLER, 56.8, 170, 0.0
28, LOC_CITY_NAME_AKSU, 11.9, BUILDING_GRANARY, 71.6, 65, 6.6
28, LOC_CITY_NAME_URUMQI, 13.0, UNIT_GALLEY, 26.0, 65, 0.0
28, LOC_CITY_NAME_QARAQOTO, 6.3, DISTRICT_HOLY_SITE, 18.8, 92, 0.0
28, LOC_CITY_NAME_ROME, 39.9, UNIT_HEAVY_CHARIOT, 39.9, 65, 0.0
28, LOC_CITY_NAME_OSTIA, 26.3, UNIT_HEAVY_CHARIOT, 62.5, 65, 0.0
28, LOC_CITY_NAME_URUK, 33.1, DISTRICT_CAMPUS, 99.2, 88, 7.1
28, LOC_CITY_NAME_BAD_TIBIRA, 17.8, BUILDING_MONUMENT, 32.8, 60, 0.0
28, LOC_CITY_NAME_UR, 23.9, BUILDING_GRANARY, 23.9, 65, 0.0
28, LOC_CITY_NAME_MEXICO_CITY, 5.5, BUILDING_LYCEUM, 39.1, 60, 0.0
28, LOC_CITY_NAME_NAN_MADOL, 4.9, BUILDING_GRANARY, 22.9, 65, 0.0
28, LOC_CITY_NAME_BOLOGNA, 7.1, BUILDING_GRANARY, 63.2, 65, 0.0
28, LOC_CITY_NAME_AKKAD, 6.0, BUILDING_MONUMENT, 36.2, 60, 0.0
28, LOC_CITY_NAME_BANDAR_BRUNEI, 5.6, BUILDING_MONUMENT, 45.4, 60, 0.0
28, LOC_CITY_NAME_VALLETTA, 4.7, BUILDING_MONUMENT, 47.5, 60, 0.0
28, LOC_CITY_NAME_BABYLON, 5.2, BUILDING_MONUMENT, 50.8, 60, 0.0
28, LOC_CITY_NAME_GENEVA, 23.3, UNIT_ARCHER, 23.3, 60, 0.0
28, LOC_CITY_NAME_ANTIOCH, 39.1, UNIT_ARCHER, 39.1, 60, 0.0
28, LOC_CITY_NAME_LA_VENTA, 4.1, BUILDING_MONUMENT, 31.1, 60, 0.0
28, LOC_CITY_NAME_CAHOKIA, 6.7, BUILDING_MONUMENT, 61.3, 60, 1.3
28, LOC_CITY_NAME_ANTANANARIVO, 5.2, BUILDING_MONUMENT, 55.2, 60, 0.0
28, LOC_CITY_NAME_VILNIUS, 5.1, BUILDING_GRANARY, 47.1, 65, 0.0
28, LOC_CITY_NAME_GRANADA, 4.1, BUILDING_LYCEUM, 58.4, 60, 0.0
28, LOC_CITY_NAME_KABUL, 6.6, BUILDING_MONUMENT, 49.6, 60, 0.0
28, LOC_CITY_NAME_ZANZIBAR, 5.5, BUILDING_MONUMENT, 48.9, 60, 0.0
28, LOC_CITY_NAME_MOHENJO_DARO, 6.9, BUILDING_MONUMENT, 59.7, 60, 0.0
28, LOC_CITY_NAME_LISBON, 3.0, BUILDING_GRANARY, 9.0, 65, 0.0
28, LOC_CITY_NAME_KANDY, 4.5, BUILDING_MONUMENT, 42.1, 60, 0.0
28, LOC_CITY_NAME_NGAZARGAMU, 10.7, UNIT_BUILDER, 46.7, 50, 0.0
28, LOC_CITY_NAME_HONG_KONG, 6.1, BUILDING_GRANARY, 21.1, 65, 0.0
28, LOC_CITY_NAME_BRUSSELS, 5.1, BUILDING_GRANARY, 50.9, 65, 0.0
29, LOC_CITY_NAME_MBANZA_KONGO, 24.7, BUILDING_PUBLIC_BATHS, 24.7, 105, 0.0
29, LOC_CITY_NAME_MBWILA, 15.0, BUILDING_WALLS, 90.5, 80, 10.5
29, LOC_CITY_NAME_KINCHASSA, 16.8, BUILDING_HANGING_GARDENS, 112.4, 180, 0.0
29, LOC_CITY_NAME_MBANZA_MBATA, 8.5, DISTRICT_CAMPUS, 60.0, 88, 0.0
29, LOC_CITY_NAME_SANGA, 7.9, DISTRICT_CAMPUS, 41.0, 97, 0.0
29, LOC_CITY_NAME_MPINDA, 3.5, DISTRICT_AQUEDUCT, 11.7, 71, 0.0
29, LOC_CITY_NAME_MBANZA_MPANGU, 5.1, DISTRICT_HARBOR, 5.1, 72, 0.0
29, LOC_CITY_NAME_KINCHASSA, 70.0, BUILDING_HANGING_GARDENS, 182.4, 180, 2.4
29, LOC_CITY_NAME_MBUMBI, 28.3, UNIT_SETTLER, 95.5, 170, 0.0
29, LOC_CITY_NAME_MBANZA_NSUNDI, 40.2, UNIT_HEAVY_CHARIOT, 40.2, 65, 0.0
29, LOC_CITY_NAME_KWILA, 13.0, BUILDING_GRANARY, 42.9, 65, 0.0
29, LOC_CITY_NAME_MBAMBA, 10.3, BUILDING_MONUMENT, 61.5, 60, 1.5
29, LOC_CITY_NAME_ISTANBUL, 31.9, DISTRICT_ENCAMPMENT, 103.7, 83, 20.7
29, LOC_CITY_NAME_HALEP, 30.1, UNIT_BUILDER, 30.1, 58, 0.0
29, LOC_CITY_NAME_MEROE, 62.0, UNIT_NUBIAN_PITATI, 62.0, 70, 0.0
29, LOC_CITY_NAME_KERMA, 13.3, BUILDING_MONUMENT, 56.4, 60, 0.0
29, LOC_CITY_NAME_KAWA, 13.3, UNIT_HEAVY_CHARIOT, 54.1, 65, 0.0
29, LOC_CITY_NAME_ANGKOR_THOM, 17.4, UNIT_HEAVY_CHARIOT, 43.2, 65, 0.0
29, LOC_CITY_NAME_BUDA, 32.3, BUILDING_SHRINE, 73.1, 70, 3.1
29, LOC_CITY_NAME_AACHEN, 27.9, UNIT_BUILDER, 83.8, 66, 17.8
29, LOC_CITY_NAME_ULM, 13.0, BUILDING_SHRINE, 79.7, 70, 9.7
29, LOC_CITY_NAME_HEIDELBERG, 12.3, DISTRICT_HOLY_SITE, 50.9, 83, 0.0
29, LOC_CITY_NAME_FRANKFURT, 11.0, DISTRICT_HOLY_SITE, 34.5, 83, 0.0
29, LOC_CITY_NAME_QARAQORUM, 22.3, UNIT_SETTLER, 79.0, 170, 0.0
29, LOC_CITY_NAME_AKSU, 18.6, UNIT_BUILDER, 30.7, 62, 0.0
29, LOC_CITY_NAME_URUMQI, 13.0, UNIT_GALLEY, 39.0, 65, 0.0
29, LOC_CITY_NAME_QARAQOTO, 6.3, DISTRICT_HOLY_SITE, 25.0, 92, 0.0
29, LOC_CITY_NAME_ROME, 39.9, UNIT_HEAVY_CHARIOT, 79.8, 65, 2.9
29, LOC_CITY_NAME_OSTIA, 26.3, UNIT_HEAVY_CHARIOT, 88.8, 65, 18.6
29, LOC_CITY_NAME_URUK, 46.3, UNIT_BUILDER, 46.3, 62, 0.0
29, LOC_CITY_NAME_BAD_TIBIRA, 17.8, BUILDING_MONUMENT, 50.6, 60, 0.0
29, LOC_CITY_NAME_UR, 13.0, BUILDING_GRANARY, 36.9, 65, 0.0
29, LOC_CITY_NAME_MEXICO_CITY, 6.0, BUILDING_LYCEUM, 45.2, 60, 0.0
29, LOC_CITY_NAME_NAN_MADOL, 5.5, BUILDING_GRANARY, 28.4, 65, 0.0
29, LOC_CITY_NAME_BOLOGNA, 7.5, BUILDING_GRANARY, 70.7, 65, 5.7
29, LOC_CITY_NAME_AKKAD, 6.0, BUILDING_MONUMENT, 42.2, 60, 0.0
29, LOC_CITY_NAME_BANDAR_BRUNEI, 5.6, BUILDING_MONUMENT, 51.0, 60, 0.0
29, LOC_CITY_NAME_VALLETTA, 4.7, BUILDING_MONUMENT, 52.2, 60, 0.0
29, LOC_CITY_NAME_BABYLON, 5.2, BUILDING_MONUMENT, 56.0, 60, 0.0
29, LOC_CITY_NAME_GENEVA, 23.3, UNIT_ARCHER, 46.6, 60, 0.0
29, LOC_CITY_NAME_ANTIOCH, 25.5, UNIT_ARCHER, 64.6, 60, 0.0
29, LOC_CITY_NAME_LA_VENTA, 4.1, BUILDING_MONUMENT, 35.3, 60, 0.0
29, LOC_CITY_NAME_CAHOKIA, 8.0, BUILDING_GRANARY, 8.0, 65, 0.0
29, LOC_CITY_NAME_ANTANANARIVO, 5.2, BUILDING_MONUMENT, 60.4, 60, 0.4
29, LOC_CITY_NAME_VILNIUS, 5.1, BUILDING_GRANARY, 52.1, 65, 0.0
29, LOC_CITY_NAME_GRANADA, 4.7, BUILDING_LYCEUM, 63.1, 60, 3.1
29, LOC_CITY_NAME_KABUL, 6.6, BUILDING_MONUMENT, 56.2, 60, 0.0
29, LOC_CITY_NAME_ZANZIBAR, 5.5, BUILDING_MONUMENT, 54.4, 60, 0.0
29, LOC_CITY_NAME_MOHENJO_DARO, 6.9, BUILDING_MONUMENT, 66.6, 60, 6.6
29, LOC_CITY_NAME_LISBON, 3.6, BUILDING_GRANARY, 12.5, 65, 0.0
29, LOC_CITY_NAME_KANDY, 4.5, BUILDING_MONUMENT, 46.5, 60, 0.0
29, LOC_CITY_NAME_NGAZARGAMU, 10.7, UNIT_BUILDER, 57.5, 50, 0.3
29, LOC_CITY_NAME_HONG_KONG, 6.1, BUILDING_GRANARY, 27.1, 65, 0.0
29, LOC_CITY_NAME_BRUSSELS, 5.1, BUILDING_GRANARY, 56.0, 65, 0.0
30, LOC_CITY_NAME_MBANZA_KONGO, 21.0, BUILDING_PUBLIC_BATHS, 45.7, 105, 0.0
30, LOC_CITY_NAME_MBWILA, 26.6, DISTRICT_AQUEDUCT, 26.6, 84, 0.0
30, LOC_CITY_NAME_KINCHASSA, 19.1, DISTRICT_AQUEDUCT, 19.1, 84, 0.0
30, LOC_CITY_NAME_MBANZA_MBATA, 6.8, DISTRICT_CAMPUS, 66.9, 88, 0.0
30, LOC_CITY_NAME_SANGA, 7.9, DISTRICT_CAMPUS, 48.9, 97, 0.0
30, LOC_CITY_NAME_MPINDA, 4.5, DISTRICT_AQUEDUCT, 16.2, 71, 0.0
30, LOC_CITY_NAME_MBANZA_MPANGU, 5.1, DISTRICT_HARBOR, 10.3, 72, 0.0
30, LOC_CITY_NAME_MBUMBI, 28.3, UNIT_SETTLER, 123.7, 170, 0.0
30, LOC_CITY_NAME_MBANZA_NSUNDI, 25.6, UNIT_HEAVY_CHARIOT, 65.8, 65, 0.8
30, LOC_CITY_NAME_KWILA, 13.0, BUILDING_GRANARY, 55.9, 65, 0.0
30, LOC_CITY_NAME_MBAMBA, 11.8, BUILDING_LYCEUM, 11.8, 60, 0.0
30, LOC_CITY_NAME_ISTANBUL, 54.7, BUILDING_BARRACKS, 54.7, 90, 0.0
30, LOC_CITY_NAME_HALEP, 30.1, UNIT_BUILDER, 60.2, 58, 2.2
30, LOC_CITY_NAME_MEROE, 39.9, UNIT_NUBIAN_PITATI, 101.9, 70, 18.6
30, LOC_CITY_NAME_KERMA, 13.3, BUILDING_MONUMENT, 69.7, 60, 9.7
30, LOC_CITY_NAME_KAWA, 13.3, UNIT_HEAVY_CHARIOT, 67.4, 65, 2.4
30, LOC_CITY_NAME_ANGKOR_THOM, 17.4, UNIT_HEAVY_CHARIOT, 60.6, 65, 0.0
30, LOC_CITY_NAME_BUDA, 35.4, PROJECT_ENHANCE_DISTRICT_HOLY_SITE, 35.4, 46, 0.0
30, LOC_CITY_NAME_AACHEN, 45.8, UNIT_SETTLER, 45.8, 170, 0.0
30, LOC_CITY_NAME_ULM, 22.7, UNIT_BUILDER, 22.7, 70, 0.0
30, LOC_CITY_NAME_HEIDELBERG, 12.3, DISTRICT_HOLY_SITE, 63.2, 83, 0.0
30, LOC_CITY_NAME_FRANKFURT, 11.0, DISTRICT_HOLY_SITE, 45.6, 83, 0.0
30, LOC_CITY_NAME_QARAQORUM, 22.3, UNIT_SETTLER, 101.3, 170, 0.0
30, LOC_CITY_NAME_AKSU, 11.9, UNIT_BUILDER, 42.7, 62, 0.0
30, LOC_CITY_NAME_URUMQI, 13.0, UNIT_GALLEY, 52.1, 65, 0.0
30, LOC_CITY_NAME_QARAQOTO, 11.0, DISTRICT_HOLY_SITE, 36.0, 92, 0.0
30, LOC_CITY_NAME_ROME, 43.5, UNIT_HEAVY_CHARIOT, 43.5, 65, 0.0
30, LOC_CITY_NAME_OSTIA, 49.5, UNIT_HEAVY_CHARIOT, 49.5, 65, 0.0
30, LOC_CITY_NAME_URUK, 45.0, UNIT_BUILDER, 91.3, 62, 21.1
30, LOC_CITY_NAME_BAD_TIBIRA, 21.7, BUILDING_MONUMENT, 72.3, 60, 12.3
30, LOC_CITY_NAME_UR, 13.0, BUILDING_GRANARY, 49.9, 65, 0.0
30, LOC_CITY_NAME_ERIDU, 10.3, BUILDING_LYCEUM, 10.3, 60, 0.0
30, LOC_CITY_NAME_MEXICO_CITY, 6.0, BUILDING_LYCEUM, 51.2, 60, 0.0
30, LOC_CITY_NAME_NAN_MADOL, 5.5, BUILDING_GRANARY, 33.9, 65, 0.0
30, LOC_CITY_NAME_BOLOGNA, 41.1, UNIT_BUILDER, 41.1, 54, 0.0
30, LOC_CITY_NAME_AKKAD, 6.0, BUILDING_MONUMENT, 48.2, 60, 0.0
30, LOC_CITY_NAME_BANDAR_BRUNEI, 5.6, BUILDING_MONUMENT, 56.6, 60, 0.0
30, LOC_CITY_NAME_VALLETTA, 4.7, BUILDING_MONUMENT, 56.8, 60, 0.0
30, LOC_CITY_NAME_BABYLON, 5.2, BUILDING_MONUMENT, 61.2, 60, 1.2
30, LOC_CITY_NAME_GENEVA, 23.3, UNIT_ARCHER, 69.9, 60, 0.0
30, LOC_CITY_NAME_ANTIOCH, 25.5, UNIT_ARCHER, 25.5, 60, 0.0
30, LOC_CITY_NAME_LA_VENTA, 4.1, BUILDING_MONUMENT, 39.4, 60, 0.0
30, LOC_CITY_NAME_CAHOKIA, 6.7, BUILDING_GRANARY, 14.7, 65, 0.0
30, LOC_CITY_NAME_ANTANANARIVO, 17.0, UNIT_GALLEY, 17.0, 65, 0.0
30, LOC_CITY_NAME_VILNIUS, 5.1, BUILDING_GRANARY, 57.2, 65, 0.0
30, LOC_CITY_NAME_GRANADA, 7.2, UNIT_TRADER, 7.2, 49, 0.0
30, LOC_CITY_NAME_KABUL, 7.0, BUILDING_MONUMENT, 63.2, 60, 3.2
30, LOC_CITY_NAME_ZANZIBAR, 5.5, BUILDING_MONUMENT, 59.9, 60, 0.0
30, LOC_CITY_NAME_MOHENJO_DARO, 13.5, UNIT_TRADER, 13.5, 49, 0.0
30, LOC_CITY_NAME_LISBON, 3.6, BUILDING_GRANARY, 16.1, 65, 0.0
30, LOC_CITY_NAME_KANDY, 4.5, BUILDING_MONUMENT, 51.0, 60, 0.0
30, LOC_CITY_NAME_NGAZARGAMU, 3.9, BUILDING_LYCEUM, 6.1, 60, 0.0
30, LOC_CITY_NAME_HONG_KONG, 6.1, BUILDING_GRANARY, 33.2, 65, 0.0
30, LOC_CITY_NAME_BRUSSELS, 5.1, BUILDING_GRANARY, 61.0, 65, 0.0
31, LOC_CITY_NAME_MBANZA_KONGO, 21.0, BUILDING_PUBLIC_BATHS, 66.7, 105, 0.0
31, LOC_CITY_NAME_MBWILA, 16.0, DISTRICT_AQUEDUCT, 42.6, 84, 0.0
31, LOC_CITY_NAME_KINCHASSA, 16.8, DISTRICT_AQUEDUCT, 35.9, 84, 0.0
31, LOC_CITY_NAME_MBANZA_MBATA, 6.5, DISTRICT_CAMPUS, 73.4, 88, 0.0
31, LOC_CITY_NAME_SANGA, 10.1, DISTRICT_CAMPUS, 59.0, 97, 0.0
31, LOC_CITY_NAME_MPINDA, 7.1, DISTRICT_AQUEDUCT, 23.3, 71, 0.0
31, LOC_CITY_NAME_MBANZA_MPANGU, 5.1, DISTRICT_HARBOR, 15.4, 72, 0.0
31, LOC_CITY_NAME_MBUMBI, 28.3, UNIT_SETTLER, 152.0, 170, 0.0
31, LOC_CITY_NAME_MBANZA_NSUNDI, 26.3, UNIT_TRADER, 26.3, 49, 0.0
31, LOC_CITY_NAME_KWILA, 13.0, BUILDING_GRANARY, 68.9, 65, 3.9
31, LOC_CITY_NAME_MBAMBA, 10.3, BUILDING_LYCEUM, 22.1, 60, 0.0
31, LOC_CITY_NAME_ISTANBUL, 33.9, BUILDING_BARRACKS, 88.6, 90, 0.0
31, LOC_CITY_NAME_HALEP, 32.2, UNIT_TRADER, 32.2, 49, 0.0
31, LOC_CITY_NAME_MEROE, 73.9, UNIT_NUBIAN_PITATI, 73.9, 70, 0.0
31, LOC_CITY_NAME_KERMA, 27.6, DISTRICT_HOLY_SITE, 27.6, 97, 0.0
31, LOC_CITY_NAME_KAWA, 15.8, UNIT_BUILDER, 15.8, 66, 0.0
31, LOC_CITY_NAME_KERMA, 21.6, DISTRICT_HOLY_SITE, 49.2, 97, 0.0
31, LOC_CITY_NAME_ANGKOR_THOM, 17.4, UNIT_HEAVY_CHARIOT, 78.1, 65, 13.1
31, LOC_CITY_NAME_BUDA, 32.3, PROJECT_ENHANCE_DISTRICT_HOLY_SITE, 67.6, 49, 18.6
31, LOC_CITY_NAME_AACHEN, 27.9, UNIT_SETTLER, 73.7, 170, 0.0
31, LOC_CITY_NAME_ULM, 13.0, UNIT_WARRIOR, 13.0, 40, 0.0
31, LOC_CITY_NAME_HEIDELBERG, 12.3, DISTRICT_HOLY_SITE, 75.4, 83, 0.0
31, LOC_CITY_NAME_FRANKFURT, 11.0, DISTRICT_HOLY_SITE, 56.6, 83, 0.0
31, LOC_CITY_NAME_QARAQORUM, 22.3, UNIT_SETTLER, 123.5, 170, 0.0
31, LOC_CITY_NAME_AKSU, 15.5, UNIT_BUILDER, 58.2, 66, 0.0
31, LOC_CITY_NAME_URUMQI, 15.0, UNIT_GALLEY, 67.1, 65, 2.1
31, LOC_CITY_NAME_QARAQOTO, 11.0, DISTRICT_HOLY_SITE, 47.1, 92, 0.0
31, LOC_CITY_NAME_ROME, 39.9, UNIT_HEAVY_CHARIOT, 83.4, 65, 6.4
31, LOC_CITY_NAME_OSTIA, 26.3, UNIT_HEAVY_CHARIOT, 75.7, 65, 5.5
31, LOC_CITY_NAME_URUK, 62.0, BUILDING_LIBRARY, 62.0, 90, 0.0
31, LOC_CITY_NAME_BAD_TIBIRA, 34.0, BUILDING_GRANARY, 34.0, 65, 0.0
31, LOC_CITY_NAME_UR, 13.0, BUILDING_GRANARY, 62.9, 65, 0.0
31, LOC_CITY_NAME_MEXICO_CITY, 6.0, BUILDING_LYCEUM, 57.2, 60, 0.0
31, LOC_CITY_NAME_NAN_MADOL, 5.5, BUILDING_GRANARY, 39.4, 65, 0.0
31, LOC_CITY_NAME_BOLOGNA, 24.0, UNIT_BUILDER, 65.2, 54, 0.0
31, LOC_CITY_NAME_AKKAD, 6.0, BUILDING_MONUMENT, 54.3, 60, 0.0
31, LOC_CITY_NAME_BANDAR_BRUNEI, 5.6, BUILDING_MONUMENT, 62.2, 60, 2.2
31, LOC_CITY_NAME_VALLETTA, 4.7, BUILDING_MONUMENT, 61.5, 60, 1.5
31, LOC_CITY_NAME_BABYLON, 38.9, DISTRICT_CAMPUS, 38.9, 92, 0.0
31, LOC_CITY_NAME_GENEVA, 23.3, UNIT_BUILDER, 23.3, 50, 0.0
31, LOC_CITY_NAME_ANTIOCH, 25.5, UNIT_ARCHER, 51.1, 60, 0.0
31, LOC_CITY_NAME_LA_VENTA, 4.1, BUILDING_MONUMENT, 43.5, 60, 0.0
31, LOC_CITY_NAME_CAHOKIA, 8.2, BUILDING_GRANARY, 22.9, 65, 0.0
31, LOC_CITY_NAME_ANTANANARIVO, 15.7, UNIT_GALLEY, 32.6, 65, 0.0
31, LOC_CITY_NAME_VILNIUS, 5.1, BUILDING_GRANARY, 62.2, 65, 0.0
31, LOC_CITY_NAME_GRANADA, 4.7, UNIT_TRADER, 11.9, 49, 0.0
31, LOC_CITY_NAME_KABUL, 30.8, UNIT_BUILDER, 30.8, 54, 0.0
31, LOC_CITY_NAME_ZANZIBAR, 5.5, BUILDING_MONUMENT, 65.3, 60, 5.3
31, LOC_CITY_NAME_MOHENJO_DARO, 6.9, UNIT_TRADER, 20.4, 49, 0.0
31, LOC_CITY_NAME_LISBON, 3.6, BUILDING_GRANARY, 19.6, 65, 0.0
31, LOC_CITY_NAME_KANDY, 4.5, BUILDING_MONUMENT, 55.5, 60, 0.0
31, LOC_CITY_NAME_NGAZARGAMU, 3.6, BUILDING_LYCEUM, 9.7, 60, 0.0
31, LOC_CITY_NAME_HONG_KONG, 6.1, BUILDING_GRANARY, 39.3, 65, 0.0
31, LOC_CITY_NAME_BRUSSELS, 5.1, BUILDING_GRANARY, 66.1, 65, 1.1
32, LOC_CITY_NAME_MBANZA_KONGO, 22.1, BUILDING_PUBLIC_BATHS, 88.8, 105, 0.0
32, LOC_CITY_NAME_MBWILA, 17.9, DISTRICT_AQUEDUCT, 60.5, 84, 0.0
32, LOC_CITY_NAME_KINCHASSA, 17.8, DISTRICT_AQUEDUCT, 53.7, 84, 0.0
32, LOC_CITY_NAME_MBANZA_MBATA, 7.5, DISTRICT_CAMPUS, 80.9, 88, 0.0
32, LOC_CITY_NAME_SANGA, 11.7, DISTRICT_CAMPUS, 70.7, 97, 0.0
32, LOC_CITY_NAME_MPINDA, 8.5, DISTRICT_AQUEDUCT, 31.8, 71, 0.0
32, LOC_CITY_NAME_MBANZA_MPANGU, 9.5, DISTRICT_HARBOR, 24.9, 72, 0.0
32, LOC_CITY_NAME_MBUMBI, 28.3, UNIT_SETTLER, 180.2, 170, 10.2
32, LOC_CITY_NAME_MBANZA_NSUNDI, 25.6, , 0.0, 49, 0.0
32, LOC_CITY_NAME_KWILA, 17.0, UNIT_BUILDER, 17.0, 62, 0.0
32, LOC_CITY_NAME_MBAMBA, 10.3, BUILDING_LYCEUM, 32.3, 60, 0.0
32, LOC_CITY_NAME_ISTANBUL, 39.1, BUILDING_BARRACKS, 127.7, 90, 37.7
32, LOC_CITY_NAME_HALEP, 34.6, UNIT_TRADER, 66.8, 49, 17.8
32, LOC_CITY_NAME_MEROE, 46.0, UNIT_NUBIAN_PITATI, 46.0, 70, 0.0
32, LOC_CITY_NAME_KERMA, 24.3, DISTRICT_HOLY_SITE, 73.5, 97, 0.0
32, LOC_CITY_NAME_KAWA, 13.3, UNIT_BUILDER, 29.1, 66, 0.0
32, LOC_CITY_NAME_ANGKOR_THOM, 30.5, UNIT_TRADER, 30.5, 49, 0.0
32, LOC_CITY_NAME_BUDA, 50.9, UNIT_ARCHER, 50.9, 60, 0.0
32, LOC_CITY_NAME_BUDA, 32.0, UNIT_ARCHER, 82.9, 60, 22.9
32, LOC_CITY_NAME_AACHEN, 27.9, UNIT_SETTLER, 101.6, 170, 0.0
32, LOC_CITY_NAME_ULM, 13.0, UNIT_WARRIOR, 26.0, 40, 0.0
32, LOC_CITY_NAME_HEIDELBERG, 11.0, DISTRICT_HOLY_SITE, 86.4, 83, 3.4
32, LOC_CITY_NAME_FRANKFURT, 15.0, DISTRICT_HOLY_SITE, 71.6, 83, 0.0
32, LOC_CITY_NAME_QARAQORUM, 22.3, UNIT_SETTLER, 145.8, 170, 0.0
32, LOC_CITY_NAME_AKSU, 15.5, UNIT_BUILDER, 73.7, 66, 7.7
32, LOC_CITY_NAME_URUMQI, 17.1, UNIT_QUADRIREME, 17.1, 120, 0.0
32, LOC_CITY_NAME_QARAQOTO, 11.0, DISTRICT_HOLY_SITE, 58.1, 92, 0.0
32, LOC_CITY_NAME_ROME, 48.0, UNIT_CATAPULT, 48.0, 120, 0.0
32, LOC_CITY_NAME_OSTIA, 33.1, UNIT_GALLEY, 33.1, 65, 0.0
32, LOC_CITY_NAME_URUK, 40.9, BUILDING_LIBRARY, 103.0, 90, 8.9
32, LOC_CITY_NAME_BAD_TIBIRA, 25.3, BUILDING_GRANARY, 59.3, 65, 0.0
32, LOC_CITY_NAME_UR, 13.0, BUILDING_GRANARY, 75.9, 65, 10.9
32, LOC_CITY_NAME_ERIDU, 20.5, DISTRICT_CAMPUS, 20.5, 97, 0.0
32, LOC_CITY_NAME_MEXICO_CITY, 6.0, BUILDING_LYCEUM, 63.2, 60, 3.2
32, LOC_CITY_NAME_NAN_MADOL, 5.5, BUILDING_GRANARY, 44.9, 65, 0.0
32, LOC_CITY_NAME_BOLOGNA, 8.0, BUILDING_LYCEUM, 10.8, 60, 0.0
32, LOC_CITY_NAME_BOLOGNA, 36.0, BUILDING_LYCEUM, 46.8, 60, 0.0
32, LOC_CITY_NAME_AKKAD, 6.0, BUILDING_MONUMENT, 60.3, 60, 0.3
32, LOC_CITY_NAME_BANDAR_BRUNEI, 23.2, UNIT_ARCHER, 23.2, 60, 0.0
32, LOC_CITY_NAME_VALLETTA, 6.2, UNIT_TRADER, 6.2, 49, 0.0
32, LOC_CITY_NAME_BABYLON, 31.4, DISTRICT_CAMPUS, 70.2, 92, 0.0
32, LOC_CITY_NAME_GENEVA, 23.3, UNIT_BUILDER, 46.6, 50, 0.0
32, LOC_CITY_NAME_ANTIOCH, 25.5, UNIT_ARCHER, 76.6, 60, 0.0
32, LOC_CITY_NAME_LA_VENTA, 4.1, BUILDING_MONUMENT, 47.7, 60, 0.0
32, LOC_CITY_NAME_CAHOKIA, 8.2, BUILDING_GRANARY, 31.1, 65, 0.0
32, LOC_CITY_NAME_ANTANANARIVO, 15.7, UNIT_GALLEY, 48.3, 65, 0.0
32, LOC_CITY_NAME_VILNIUS, 5.1, BUILDING_GRANARY, 67.3, 65, 2.3
32, LOC_CITY_NAME_GRANADA, 4.1, UNIT_TRADER, 16.1, 49, 0.0
32, LOC_CITY_NAME_KABUL, 21.0, UNIT_BUILDER, 51.8, 54, 0.0
32, LOC_CITY_NAME_ZANZIBAR, 32.5, UNIT_ARCHER, 32.5, 60, 0.0
32, LOC_CITY_NAME_MOHENJO_DARO, 6.9, UNIT_TRADER, 27.3, 49, 0.0
32, LOC_CITY_NAME_LISBON, 3.6, BUILDING_GRANARY, 23.2, 65, 0.0
32, LOC_CITY_NAME_KANDY, 4.5, BUILDING_MONUMENT, 59.9, 60, 0.0
32, LOC_CITY_NAME_NGAZARGAMU, 3.6, BUILDING_LYCEUM, 13.3, 60, 0.0
32, LOC_CITY_NAME_HONG_KONG, 6.1, BUILDING_GRANARY, 45.3, 65, 0.0
32, LOC_CITY_NAME_BRUSSELS, 6.2, UNIT_TRADER, 6.2, 50, 0.0
33, LOC_CITY_NAME_MBANZA_KONGO, 25.3, BUILDING_PUBLIC_BATHS, 114.1, 105, 9.1
33, LOC_CITY_NAME_MBWILA, 17.9, DISTRICT_AQUEDUCT, 78.3, 84, 0.0
33, LOC_CITY_NAME_KINCHASSA, 20.0, DISTRICT_AQUEDUCT, 73.7, 84, 0.0
33, LOC_CITY_NAME_MBANZA_MBATA, 7.5, DISTRICT_CAMPUS, 88.4, 88, 0.4
33, LOC_CITY_NAME_SANGA, 11.7, DISTRICT_CAMPUS, 82.3, 97, 0.0
33, LOC_CITY_NAME_MPINDA, 11.5, DISTRICT_AQUEDUCT, 43.3, 71, 0.0
33, LOC_CITY_NAME_MBANZA_MPANGU, 9.5, DISTRICT_HARBOR, 34.4, 72, 0.0
