Game Turn, Player, Score, CATEGORY_CIVICS, CATEGORY_EMPIRE, CATEGORY_GREAT_PEOPLE, CATEGORY_RELIGION, CATEGORY_TECH, CATEGORY_WONDER, CATEGORY_TRADE, CATEGORY_PILLAGE, CATEGORY_INCOME, CATEGORY_SCENARIO1, CATEGORY_SCENARIO2, CATEGORY_SCENARIO3, CATEGORY_E
5, 0, 18, 3, 10, 0, 0, 4, 0, 0, 0, 0, 0, 0, 0, 1
5, 1, 7, 0, 7, 0, 0, 0, 0, 0, 0, 0, 0, 0, 0, 0
5, 2, 14, 0, 13, 0, 0, 0, 0, 0, 0, 0, 0, 0, 0, 1
5, 3, 9, 0, 7, 0, 0, 0, 0, 0, 0, 0, 0, 0, 0, 2
5, 4, 13, 0, 7, 0, 0, 0, 0, 0, 0, 0, 0, 0, 0, 6
5, 5, 11, 0, 7, 0, 0, 0, 0, 0, 0, 0, 0, 0, 0, 4
5, 6, 9, 0, 7, 0, 0, 0, 0, 0, 0, 0, 0, 0, 0, 2
5, 7, 8, 0, 7, 0, 0, 0, 0, 0, 0, 0, 0, 0, 0, 1
5, 8, 14, 0, 8, 0, 0, 0, 0, 0, 0, 0, 0, 0, 0, 6
5, 9, 8, 0, 7, 0, 0, 0, 0, 0, 0, 0, 0, 0, 0, 1
5, 10, 8, 0, 8, 0, 0, 0, 0, 0, 0, 0, 0, 0, 0, 0
5, 11, 8, 0, 8, 0, 0, 0, 0, 0, 0, 0, 0, 0, 0, 0
5, 12, 8, 0, 8, 0, 0, 0, 0, 0, 0, 0, 0, 0, 0, 0
5, 13, 8, 0, 8, 0, 0, 0, 0, 0, 0, 0, 0, 0, 0, 0
5, 14, 8, 0, 8, 0, 0, 0, 0, 0, 0, 0, 0, 0, 0, 0
5, 15, 8, 0, 8, 0, 0, 0, 0, 0, 0, 0, 0, 0, 0, 0
5, 16, 8, 0, 8, 0, 0, 0, 0, 0, 0, 0, 0, 0, 0, 0
5, 17, 8, 0, 8, 0, 0, 0, 0, 0, 0, 0, 0, 0, 0, 0
5, 18, 8, 0, 8, 0, 0, 0, 0, 0, 0, 0, 0, 0, 0, 0
5, 19, 8, 0, 8, 0, 0, 0, 0, 0, 0, 0, 0, 0, 0, 0
5, 20, 8, 0, 8, 0, 0, 0, 0, 0, 0, 0, 0, 0, 0, 0
5, 21, 8, 0, 8, 0, 0, 0, 0, 0, 0, 0, 0, 0, 0, 0
5, 22, 8, 0, 8, 0, 0, 0, 0, 0, 0, 0, 0, 0, 0, 0
5, 23, 8, 0, 8, 0, 0, 0, 0, 0, 0, 0, 0, 0, 0, 0
5, 24, 8, 0, 8, 0, 0, 0, 0, 0, 0, 0, 0, 0, 0, 0
5, 25, 8, 0, 8, 0, 0, 0, 0, 0, 0, 0, 0, 0, 0, 0
5, 26, 8, 0, 8, 0, 0, 0, 0, 0, 0, 0, 0, 0, 0, 0
5, 27, 8, 0, 8, 0, 0, 0, 0, 0, 0, 0, 0, 0, 0, 0
5, 28, 8, 0, 8, 0, 0, 0, 0, 0, 0, 0, 0, 0, 0, 0
5, 29, 8, 0, 8, 0, 0, 0, 0, 0, 0, 0, 0, 0, 0, 0
5, 30, 8, 0, 8, 0, 0, 0, 0, 0, 0, 0, 0, 0, 0, 0
5, 31, 8, 0, 8, 0, 0, 0, 0, 0, 0, 0, 0, 0, 0, 0
5, 62, 0, 0, 0, 0, 0, 0, 0, 0, 0, 0, 0, 0, 0, 0
5, 63, 6, 0, 0, 0, 0, 6, 0, 0, 0, 0, 0, 0, 0, 0
6, 0, 22, 3, 10, 0, 0, 8, 0, 0, 0, 0, 0, 0, 0, 1
6, 1, 8, 0, 7, 0, 0, 0, 0, 0, 0, 0, 0, 0, 0, 1
6, 2, 16, 0, 13, 0, 0, 0, 0, 0, 0, 0, 0, 0, 0, 3
6, 3, 9, 0, 7, 0, 0, 0, 0, 0, 0, 0, 0, 0, 0, 2
6, 4, 13, 0, 7, 0, 0, 0, 0, 0, 0, 0, 0, 0, 0, 6
6, 5, 11, 0, 7, 0, 0, 0, 0, 0, 0, 0, 0, 0, 0, 4
6, 6, 15, 0, 13, 0, 0, 0, 0, 0, 0, 0, 0, 0, 0, 2
6, 7, 15, 0, 13, 0, 0, 0, 0, 0, 0, 0, 0, 0, 0, 2
6, 8, 14, 0, 8, 0, 0, 0, 0, 0, 0, 0, 0, 0, 0, 6
6, 9, 8, 0, 7, 0, 0, 0, 0, 0, 0, 0, 0, 0, 0, 1
6, 10, 9, 0, 9, 0, 0, 0, 0, 0, 0, 0, 0, 0, 0, 0
6, 11, 9, 0, 9, 0, 0, 0, 0, 0, 0, 0, 0, 0, 0, 0
6, 12, 8, 0, 8, 0, 0, 0, 0, 0, 0, 0, 0, 0, 0, 0
6, 13, 8, 0, 8, 0, 0, 0, 0, 0, 0, 0, 0, 0, 0, 0
6, 14, 8, 0, 8, 0, 0, 0, 0, 0, 0, 0, 0, 0, 0, 0
6, 15, 8, 0, 8, 0, 0, 0, 0, 0, 0, 0, 0, 0, 0, 0
6, 16, 8, 0, 8, 0, 0, 0, 0, 0, 0, 0, 0, 0, 0, 0
6, 17, 8, 0, 8, 0, 0, 0, 0, 0, 0, 0, 0, 0, 0, 0
6, 18, 9, 0, 9, 0, 0, 0, 0, 0, 0, 0, 0, 0, 0, 0
6, 19, 8, 0, 8, 0, 0, 0, 0, 0, 0, 0, 0, 0, 0, 0
6, 20, 8, 0, 8, 0, 0, 0, 0, 0, 0, 0, 0, 0, 0, 0
6, 21, 8, 0, 8, 0, 0, 0, 0, 0, 0, 0, 0, 0, 0, 0
6, 22, 8, 0, 8, 0, 0, 0, 0, 0, 0, 0, 0, 0, 0, 0
6, 23, 8, 0, 8, 0, 0, 0, 0, 0, 0, 0, 0, 0, 0, 0
6, 24, 9, 0, 9, 0, 0, 0, 0, 0, 0, 0, 0, 0, 0, 0
6, 25, 9, 0, 9, 0, 0, 0, 0, 0, 0, 0, 0, 0, 0, 0
6, 26, 8, 0, 8, 0, 0, 0, 0, 0, 0, 0, 0, 0, 0, 0
6, 27, 8, 0, 8, 0, 0, 0, 0, 0, 0, 0, 0, 0, 0, 0
6, 28, 8, 0, 8, 0, 0, 0, 0, 0, 0, 0, 0, 0, 0, 0
6, 29, 8, 0, 8, 0, 0, 0, 0, 0, 0, 0, 0, 0, 0, 0
6, 30, 8, 0, 8, 0, 0, 0, 0, 0, 0, 0, 0, 0, 0, 0
6, 31, 8, 0, 8, 0, 0, 0, 0, 0, 0, 0, 0, 0, 0, 0
6, 62, 0, 0, 0, 0, 0, 0, 0, 0, 0, 0, 0, 0, 0, 0
6, 63, 6, 0, 0, 0, 0, 6, 0, 0, 0, 0, 0, 0, 0, 0
7, 0, 27, 3, 11, 0, 0, 8, 0, 0, 0, 0, 0, 0, 0, 5
7, 1, 15, 0, 13, 0, 0, 0, 0, 0, 0, 0, 0, 0, 0, 2
7, 2, 16, 0, 13, 0, 0, 0, 0, 0, 0, 0, 0, 0, 0, 3
7, 3, 16, 0, 13, 0, 0, 0, 0, 0, 0, 0, 0, 0, 0, 3
7, 4, 16, 3, 7, 0, 0, 0, 0, 0, 0, 0, 0, 0, 0, 6
7, 5, 13, 0, 7, 0, 0, 2, 0, 0, 0, 0, 0, 0, 0, 4
7, 6, 15, 0, 13, 0, 0, 0, 0, 0, 0, 0, 0, 0, 0, 2
7, 7, 15, 0, 13, 0, 0, 0, 0, 0, 0, 0, 0, 0, 0, 2
7, 8, 21, 0, 15, 0, 0, 0, 0, 0, 0, 0, 0, 0, 0, 6
7, 9, 11, 0, 7, 0, 0, 0, 0, 0, 0, 0, 0, 0, 0, 4
7, 10, 9, 0, 9, 0, 0, 0, 0, 0, 0, 0, 0, 0, 0, 0
7, 11, 9, 0, 9, 0, 0, 0, 0, 0, 0, 0, 0, 0, 0, 0
7, 12, 8, 0, 8, 0, 0, 0, 0, 0, 0, 0, 0, 0, 0, 0
7, 13, 8, 0, 8, 0, 0, 0, 0, 0, 0, 0, 0, 0, 0, 0
7, 14, 8, 0, 8, 0, 0, 0, 0, 0, 0, 0, 0, 0, 0, 0
7, 15, 8, 0, 8, 0, 0, 0, 0, 0, 0, 0, 0, 0, 0, 0
7, 16, 8, 0, 8, 0, 0, 0, 0, 0, 0, 0, 0, 0, 0, 0
7, 17, 8, 0, 8, 0, 0, 0, 0, 0, 0, 0, 0, 0, 0, 0
7, 18, 9, 0, 9, 0, 0, 0, 0, 0, 0, 0, 0, 0, 0, 0
7, 19, 8, 0, 8, 0, 0, 0, 0, 0, 0, 0, 0, 0, 0, 0
7, 20, 8, 0, 8, 0, 0, 0, 0, 0, 0, 0, 0, 0, 0, 0
7, 21, 8, 0, 8, 0, 0, 0, 0, 0, 0, 0, 0, 0, 0, 0
7, 22, 8, 0, 8, 0, 0, 0, 0, 0, 0, 0, 0, 0, 0, 0
7, 23, 8, 0, 8, 0, 0, 0, 0, 0, 0, 0, 0, 0, 0, 0
7, 24, 9, 0, 9, 0, 0, 0, 0, 0, 0, 0, 0, 0, 0, 0
7, 25, 9, 0, 9, 0, 0, 0, 0, 0, 0, 0, 0, 0, 0, 0
7, 26, 8, 0, 8, 0, 0, 0, 0, 0, 0, 0, 0, 0, 0, 0
7, 27, 8, 0, 8, 0, 0, 0, 0, 0, 0, 0, 0, 0, 0, 0
7, 28, 8, 0, 8, 0, 0, 0, 0, 0, 0, 0, 0, 0, 0, 0
7, 29, 8, 0, 8, 0, 0, 0, 0, 0, 0, 0, 0, 0, 0, 0
7, 30, 9, 0, 9, 0, 0, 0, 0, 0, 0, 0, 0, 0, 0, 0
7, 31, 8, 0, 8, 0, 0, 0, 0, 0, 0, 0, 0, 0, 0, 0
7, 62, 0, 0, 0, 0, 0, 0, 0, 0, 0, 0, 0, 0, 0, 0
7, 63, 6, 0, 0, 0, 0, 6, 0, 0, 0, 0, 0, 0, 0, 0
8, 0, 28, 3, 12, 0, 0, 8, 0, 0, 0, 0, 0, 0, 0, 5
8, 1, 16, 0, 14, 0, 0, 0, 0, 0, 0, 0, 0, 0, 0, 2
8, 2, 17, 0, 14, 0, 0, 0, 0, 0, 0, 0, 0, 0, 0, 3
8, 3, 16, 0, 13, 0, 0, 0, 0, 0, 0, 0, 0, 0, 0, 3
8, 4, 16, 3, 7, 0, 0, 0, 0, 0, 0, 0, 0, 0, 0, 6
8, 5, 13, 0, 7, 0, 0, 2, 0, 0, 0, 0, 0, 0, 0, 4
8, 6, 16, 0, 14, 0, 0, 0, 0, 0, 0, 0, 0, 0, 0, 2
8, 7, 19, 3, 13, 0, 0, 0, 0, 0, 0, 0, 0, 0, 0, 3
8, 8, 26, 3, 15, 0, 0, 2, 0, 0, 0, 0, 0, 0, 0, 6
8, 9, 12, 0, 8, 0, 0, 0, 0, 0, 0, 0, 0, 0, 0, 4
8, 10, 9, 0, 9, 0, 0, 0, 0, 0, 0, 0, 0, 0, 0, 0
8, 11, 9, 0, 9, 0, 0, 0, 0, 0, 0, 0, 0, 0, 0, 0
8, 12, 9, 0, 9, 0, 0, 0, 0, 0, 0, 0, 0, 0, 0, 0
8, 13, 8, 0, 8, 0, 0, 0, 0, 0, 0, 0, 0, 0, 0, 0
8, 14, 10, 0, 8, 0, 0, 2, 0, 0, 0, 0, 0, 0, 0, 0
8, 15, 8, 0, 8, 0, 0, 0, 0, 0, 0, 0, 0, 0, 0, 0
8, 16, 8, 0, 8, 0, 0, 0, 0, 0, 0, 0, 0, 0, 0, 0
8, 17, 8, 0, 8, 0, 0, 0, 0, 0, 0, 0, 0, 0, 0, 0
8, 18, 9, 0, 9, 0, 0, 0, 0, 0, 0, 0, 0, 0, 0, 0
8, 19, 8, 0, 8, 0, 0, 0, 0, 0, 0, 0, 0, 0, 0, 0
8, 20, 8, 0, 8, 0, 0, 0, 0, 0, 0, 0, 0, 0, 0, 0
8, 21, 8, 0, 8, 0, 0, 0, 0, 0, 0, 0, 0, 0, 0, 0
8, 22, 8, 0, 8, 0, 0, 0, 0, 0, 0, 0, 0, 0, 0, 0
8, 23, 8, 0, 8, 0, 0, 0, 0, 0, 0, 0, 0, 0, 0, 0
8, 24, 9, 0, 9, 0, 0, 0, 0, 0, 0, 0, 0, 0, 0, 0
8, 25, 9, 0, 9, 0, 0, 0, 0, 0, 0, 0, 0, 0, 0, 0
8, 26, 8, 0, 8, 0, 0, 0, 0, 0, 0, 0, 0, 0, 0, 0
8, 27, 8, 0, 8, 0, 0, 0, 0, 0, 0, 0, 0, 0, 0, 0
8, 28, 8, 0, 8, 0, 0, 0, 0, 0, 0, 0, 0, 0, 0, 0
8, 29, 8, 0, 8, 0, 0, 0, 0, 0, 0, 0, 0, 0, 0, 0
8, 30, 9, 0, 9, 0, 0, 0, 0, 0, 0, 0, 0, 0, 0, 0
8, 31, 8, 0, 8, 0, 0, 0, 0, 0, 0, 0, 0, 0, 0, 0
8, 62, 0, 0, 0, 0, 0, 0, 0, 0, 0, 0, 0, 0, 0, 0
8, 63, 6, 0, 0, 0, 0, 6, 0, 0, 0, 0, 0, 0, 0, 0
9, 0, 27, 3, 11, 0, 0, 8, 0, 0, 0, 0, 0, 0, 0, 5
9, 1, 19, 0, 15, 0, 0, 2, 0, 0, 0, 0, 0, 0, 0, 2
9, 2, 18, 0, 15, 0, 0, 0, 0, 0, 0, 0, 0, 0, 0, 3
9, 3, 18, 0, 13, 0, 0, 2, 0, 0, 0, 0, 0, 0, 0, 3
9, 4, 17, 3, 8, 0, 0, 0, 0, 0, 0, 0, 0, 0, 0, 6
9, 5, 14, 0, 8, 0, 0, 2, 0, 0, 0, 0, 0, 0, 0, 4
9, 6, 17, 0, 15, 0, 0, 0, 0, 0, 0, 0, 0, 0, 0, 2
9, 7, 23, 3, 15, 0, 0, 2, 0, 0, 0, 0, 0, 0, 0, 3
9, 8, 26, 3, 15, 0, 0, 2, 0, 0, 0, 0, 0, 0, 0, 6
9, 9, 22, 3, 14, 0, 0, 0, 0, 0, 0, 0, 0, 0, 0, 5
9, 10, 14, 3, 9, 0, 0, 2, 0, 0, 0, 0, 0, 0, 0, 0
9, 11, 14, 3, 9, 0, 0, 2, 0, 0, 0, 0, 0, 0, 0, 0
9, 12, 14, 3, 9, 0, 0, 2, 0, 0, 0, 0, 0, 0, 0, 0
9, 13, 14, 3, 9, 0, 0, 2, 0, 0, 0, 0, 0, 0, 0, 0
9, 14, 14, 3, 9, 0, 0, 2, 0, 0, 0, 0, 0, 0, 0, 0
9, 15, 13, 3, 8, 0, 0, 2, 0, 0, 0, 0, 0, 0, 0, 0
9, 16, 13, 3, 8, 0, 0, 2, 0, 0, 0, 0, 0, 0, 0, 0
9, 17, 14, 3, 9, 0, 0, 2, 0, 0, 0, 0, 0, 0, 0, 0
9, 18, 14, 3, 9, 0, 0, 2, 0, 0, 0, 0, 0, 0, 0, 0
9, 19, 14, 3, 9, 0, 0, 2, 0, 0, 0, 0, 0, 0, 0, 0
9, 20, 14, 3, 9, 0, 0, 2, 0, 0, 0, 0, 0, 0, 0, 0
9, 21, 13, 3, 8, 0, 0, 2, 0, 0, 0, 0, 0, 0, 0, 0
9, 22, 14, 3, 9, 0, 0, 2, 0, 0, 0, 0, 0, 0, 0, 0
9, 23, 13, 3, 8, 0, 0, 2, 0, 0, 0, 0, 0, 0, 0, 0
9, 24, 14, 3, 9, 0, 0, 2, 0, 0, 0, 0, 0, 0, 0, 0
9, 25, 14, 3, 9, 0, 0, 2, 0, 0, 0, 0, 0, 0, 0, 0
9, 26, 13, 3, 8, 0, 0, 2, 0, 0, 0, 0, 0, 0, 0, 0
9, 27, 13, 3, 8, 0, 0, 2, 0, 0, 0, 0, 0, 0, 0, 0
9, 28, 14, 3, 9, 0, 0, 2, 0, 0, 0, 0, 0, 0, 0, 0
9, 29, 13, 3, 8, 0, 0, 2, 0, 0, 0, 0, 0, 0, 0, 0
9, 30, 14, 3, 9, 0, 0, 2, 0, 0, 0, 0, 0, 0, 0, 0
9, 31, 14, 3, 9, 0, 0, 2, 0, 0, 0, 0, 0, 0, 0, 0
9, 62, 0, 0, 0, 0, 0, 0, 0, 0, 0, 0, 0, 0, 0, 0
9, 63, 11, 3, 0, 0, 0, 8, 0, 0, 0, 0, 0, 0, 0, 0
10, 0, 27, 3, 11, 0, 0, 8, 0, 0, 0, 0, 0, 0, 0, 5
10, 1, 19, 0, 15, 0, 0, 2, 0, 0, 0, 0, 0, 0, 0, 2
10, 2, 18, 0, 15, 0, 0, 0, 0, 0, 0, 0, 0, 0, 0, 3
10, 3, 20, 0, 15, 0, 0, 2, 0, 0, 0, 0, 0, 0, 0, 3
10, 4, 17, 3, 8, 0, 0, 0, 0, 0, 0, 0, 0, 0, 0, 6
10, 5, 14, 0, 8, 0, 0, 2, 0, 0, 0, 0, 0, 0, 0, 4
10, 6, 17, 0, 15, 0, 0, 0, 0, 0, 0, 0, 0, 0, 0, 2
10, 7, 23, 3, 15, 0, 0, 2, 0, 0, 0, 0, 0, 0, 0, 3
10, 8, 26, 3, 15, 0, 0, 2, 0, 0, 0, 0, 0, 0, 0, 6
10, 9, 26, 3, 15, 0, 0, 2, 0, 0, 0, 0, 0, 0, 0, 6
10, 10, 14, 3, 9, 0, 0, 2, 0, 0, 0, 0, 0, 0, 0, 0
10, 11, 14, 3, 9, 0, 0, 2, 0, 0, 0, 0, 0, 0, 0, 0
10, 12, 14, 3, 9, 0, 0, 2, 0, 0, 0, 0, 0, 0, 0, 0
10, 13, 14, 3, 9, 0, 0, 2, 0, 0, 0, 0, 0, 0, 0, 0
10, 14, 14, 3, 9, 0, 0, 2, 0, 0, 0, 0, 0, 0, 0, 0
10, 15, 13, 3, 8, 0, 0, 2, 0, 0, 0, 0, 0, 0, 0, 0
10, 16, 13, 3, 8, 0, 0, 2, 0, 0, 0, 0, 0, 0, 0, 0
10, 17, 14, 3, 9, 0, 0, 2, 0, 0, 0, 0, 0, 0, 0, 0
10, 18, 15, 3, 10, 0, 0, 2, 0, 0, 0, 0, 0, 0, 0, 0
10, 19, 14, 3, 9, 0, 0, 2, 0, 0, 0, 0, 0, 0, 0, 0
10, 20, 14, 3, 9, 0, 0, 2, 0, 0, 0, 0, 0, 0, 0, 0
10, 21, 13, 3, 8, 0, 0, 2, 0, 0, 0, 0, 0, 0, 0, 0
10, 22, 14, 3, 9, 0, 0, 2, 0, 0, 0, 0, 0, 0, 0, 0
10, 23, 13, 3, 8, 0, 0, 2, 0, 0, 0, 0, 0, 0, 0, 0
10, 24, 14, 3, 9, 0, 0, 2, 0, 0, 0, 0, 0, 0, 0, 0
10, 25, 14, 3, 9, 0, 0, 2, 0, 0, 0, 0, 0, 0, 0, 0
10, 26, 13, 3, 8, 0, 0, 2, 0, 0, 0, 0, 0, 0, 0, 0
10, 27, 13, 3, 8, 0, 0, 2, 0, 0, 0, 0, 0, 0, 0, 0
10, 28, 14, 3, 9, 0, 0, 2, 0, 0, 0, 0, 0, 0, 0, 0
10, 29, 13, 3, 8, 0, 0, 2, 0, 0, 0, 0, 0, 0, 0, 0
10, 30, 14, 3, 9, 0, 0, 2, 0, 0, 0, 0, 0, 0, 0, 0
10, 31, 14, 3, 9, 0, 0, 2, 0, 0, 0, 0, 0, 0, 0, 0
10, 62, 0, 0, 0, 0, 0, 0, 0, 0, 0, 0, 0, 0, 0, 0
10, 63, 11, 3, 0, 0, 0, 8, 0, 0, 0, 0, 0, 0, 0, 0
11, 0, 30, 3, 12, 0, 0, 8, 0, 0, 0, 0, 0, 0, 0, 7
11, 1, 20, 0, 16, 0, 0, 2, 0, 0, 0, 0, 0, 0, 0, 2
11, 2, 23, 3, 15, 0, 0, 2, 0, 0, 0, 0, 0, 0, 0, 3
11, 3, 21, 0, 15, 0, 0, 2, 0, 0, 0, 0, 0, 0, 0, 4
11, 4, 19, 3, 8, 0, 0, 2, 0, 0, 0, 0, 0, 0, 0, 6
11, 5, 15, 0, 9, 0, 0, 2, 0, 0, 0, 0, 0, 0, 0, 4
11, 6, 26, 0, 21, 0, 0, 2, 0, 0, 0, 0, 0, 0, 0, 3
11, 7, 29, 3, 21, 0, 0, 2, 0, 0, 0, 0, 0, 0, 0, 3
11, 8, 32, 6, 15, 0, 0, 4, 0, 0, 0, 0, 0, 0, 0, 7
11, 9, 30, 3, 15, 0, 0, 2, 0, 0, 0, 0, 0, 0, 0, 10
11, 10, 14, 3, 9, 0, 0, 2, 0, 0, 0, 0, 0, 0, 0, 0
11, 11, 14, 3, 9, 0, 0, 2, 0, 0, 0, 0, 0, 0, 0, 0
11, 12, 14, 3, 9, 0, 0, 2, 0, 0, 0, 0, 0, 0, 0, 0
11, 13, 14, 3, 9, 0, 0, 2, 0, 0, 0, 0, 0, 0, 0, 0
11, 14, 14, 3, 9, 0, 0, 2, 0, 0, 0, 0, 0, 0, 0, 0
11, 15, 13, 3, 8, 0, 0, 2, 0, 0, 0, 0, 0, 0, 0, 0
11, 16, 13, 3, 8, 0, 0, 2, 0, 0, 0, 0, 0, 0, 0, 0
11, 17, 14, 3, 9, 0, 0, 2, 0, 0, 0, 0, 0, 0, 0, 0
11, 18, 15, 3, 10, 0, 0, 2, 0, 0, 0, 0, 0, 0, 0, 0
11, 19, 14, 3, 9, 0, 0, 2, 0, 0, 0, 0, 0, 0, 0, 0
11, 20, 14, 3, 9, 0, 0, 2, 0, 0, 0, 0, 0, 0, 0, 0
11, 21, 13, 3, 8, 0, 0, 2, 0, 0, 0, 0, 0, 0, 0, 0
11, 22, 14, 3, 9, 0, 0, 2, 0, 0, 0, 0, 0, 0, 0, 0
11, 23, 13, 3, 8, 0, 0, 2, 0, 0, 0, 0, 0, 0, 0, 0
11, 24, 14, 3, 9, 0, 0, 2, 0, 0, 0, 0, 0, 0, 0, 0
11, 25, 14, 3, 9, 0, 0, 2, 0, 0, 0, 0, 0, 0, 0, 0
11, 26, 13, 3, 8, 0, 0, 2, 0, 0, 0, 0, 0, 0, 0, 0
11, 27, 13, 3, 8, 0, 0, 2, 0, 0, 0, 0, 0, 0, 0, 0
11, 28, 14, 3, 9, 0, 0, 2, 0, 0, 0, 0, 0, 0, 0, 0
11, 29, 13, 3, 8, 0, 0, 2, 0, 0, 0, 0, 0, 0, 0, 0
11, 30, 14, 3, 9, 0, 0, 2, 0, 0, 0, 0, 0, 0, 0, 0
11, 31, 14, 3, 9, 0, 0, 2, 0, 0, 0, 0, 0, 0, 0, 0
11, 62, 0, 0, 0, 0, 0, 0, 0, 0, 0, 0, 0, 0, 0, 0
11, 63, 11, 3, 0, 0, 0, 8, 0, 0, 0, 0, 0, 0, 0, 0
12, 0, 31, 3, 12, 0, 0, 8, 0, 0, 0, 0, 0, 0, 0, 8
12, 1, 31, 3, 22, 0, 0, 4, 0, 0, 0, 0, 0, 0, 0, 2
12, 2, 23, 3, 15, 0, 0, 2, 0, 0, 0, 0, 0, 0, 0, 3
12, 3, 21, 0, 15, 0, 0, 2, 0, 0, 0, 0, 0, 0, 0, 4
12, 4, 19, 3, 8, 0, 0, 2, 0, 0, 0, 0, 0, 0, 0, 6
12, 5, 18, 3, 9, 0, 0, 2, 0, 0, 0, 0, 0, 0, 0, 4
12, 6, 29, 3, 21, 0, 0, 2, 0, 0, 0, 0, 0, 0, 0, 3
12, 7, 31, 3, 21, 0, 0, 4, 0, 0, 0, 0, 0, 0, 0, 3
12, 8, 34, 6, 17, 0, 0, 4, 0, 0, 0, 0, 0, 0, 0, 7
12, 9, 34, 3, 15, 0, 0, 2, 0, 0, 0, 0, 0, 0, 0, 14
12, 10, 15, 3, 10, 0, 0, 2, 0, 0, 0, 0, 0, 0, 0, 0
12, 11, 15, 3, 10, 0, 0, 2, 0, 0, 0, 0, 0, 0, 0, 0
12, 12, 14, 3, 9, 0, 0, 2, 0, 0, 0, 0, 0, 0, 0, 0
12, 13, 14, 3, 9, 0, 0, 2, 0, 0, 0, 0, 0, 0, 0, 0
12, 14, 14, 3, 9, 0, 0, 2, 0, 0, 0, 0, 0, 0, 0, 0
12, 15, 13, 3, 8, 0, 0, 2, 0, 0, 0, 0, 0, 0, 0, 0
12, 16, 13, 3, 8, 0, 0, 2, 0, 0, 0, 0, 0, 0, 0, 0
12, 17, 14, 3, 9, 0, 0, 2, 0, 0, 0, 0, 0, 0, 0, 0
12, 18, 15, 3, 10, 0, 0, 2, 0, 0, 0, 0, 0, 0, 0, 0
12, 19, 14, 3, 9, 0, 0, 2, 0, 0, 0, 0, 0, 0, 0, 0
12, 20, 14, 3, 9, 0, 0, 2, 0, 0, 0, 0, 0, 0, 0, 0
12, 21, 13, 3, 8, 0, 0, 2, 0, 0, 0, 0, 0, 0, 0, 0
12, 22, 14, 3, 9, 0, 0, 2, 0, 0, 0, 0, 0, 0, 0, 0
12, 23, 13, 3, 8, 0, 0, 2, 0, 0, 0, 0, 0, 0, 0, 0
12, 24, 15, 3, 10, 0, 0, 2, 0, 0, 0, 0, 0, 0, 0, 0
12, 25, 14, 3, 9, 0, 0, 2, 0, 0, 0, 0, 0, 0, 0, 0
12, 26, 13, 3, 8, 0, 0, 2, 0, 0, 0, 0, 0, 0, 0, 0
12, 27, 13, 3, 8, 0, 0, 2, 0, 0, 0, 0, 0, 0, 0, 0
12, 28, 14, 3, 9, 0, 0, 2, 0, 0, 0, 0, 0, 0, 0, 0
12, 29, 13, 3, 8, 0, 0, 2, 0, 0, 0, 0, 0, 0, 0, 0
12, 30, 14, 3, 9, 0, 0, 2, 0, 0, 0, 0, 0, 0, 0, 0
12, 31, 14, 3, 9, 0, 0, 2, 0, 0, 0, 0, 0, 0, 0, 0
12, 62, 0, 0, 0, 0, 0, 0, 0, 0, 0, 0, 0, 0, 0, 0
12, 63, 11, 3, 0, 0, 0, 8, 0, 0, 0, 0, 0, 0, 0, 0
13, 0, 31, 3, 12, 0, 0, 8, 0, 0, 0, 0, 0, 0, 0, 8
13, 1, 33, 3, 23, 0, 0, 4, 0, 0, 0, 0, 0, 0, 0, 3
13, 2, 28, 3, 17, 0, 0, 4, 0, 0, 0, 0, 0, 0, 0, 4
13, 3, 26, 3, 15, 0, 0, 4, 0, 0, 0, 0, 0, 0, 0, 4
13, 4, 19, 3, 8, 0, 0, 2, 0, 0, 0, 0, 0, 0, 0, 6
13, 5, 18, 3, 9, 0, 0, 2, 0, 0, 0, 0, 0, 0, 0, 4
13, 6, 30, 3, 22, 0, 0, 2, 0, 0, 0, 0, 0, 0, 0, 3
13, 7, 34, 6, 21, 0, 0, 4, 0, 0, 0, 0, 0, 0, 0, 3
13, 8, 34, 6, 17, 0, 0, 4, 0, 0, 0, 0, 0, 0, 0, 7
13, 9, 40, 6, 15, 0, 0, 4, 0, 0, 0, 0, 0, 0, 0, 15
13, 10, 15, 3, 10, 0, 0, 2, 0, 0, 0, 0, 0, 0, 0, 0
13, 11, 15, 3, 10, 0, 0, 2, 0, 0, 0, 0, 0, 0, 0, 0
13, 12, 14, 3, 9, 0, 0, 2, 0, 0, 0, 0, 0, 0, 0, 0
13, 13, 14, 3, 9, 0, 0, 2, 0, 0, 0, 0, 0, 0, 0, 0
13, 14, 14, 3, 9, 0, 0, 2, 0, 0, 0, 0, 0, 0, 0, 0
13, 15, 13, 3, 8, 0, 0, 2, 0, 0, 0, 0, 0, 0, 0, 0
13, 16, 13, 3, 8, 0, 0, 2, 0, 0, 0, 0, 0, 0, 0, 0
13, 17, 14, 3, 9, 0, 0, 2, 0, 0, 0, 0, 0, 0, 0, 0
13, 18, 15, 3, 10, 0, 0, 2, 0, 0, 0, 0, 0, 0, 0, 0
13, 19, 14, 3, 9, 0, 0, 2, 0, 0, 0, 0, 0, 0, 0, 0
13, 20, 14, 3, 9, 0, 0, 2, 0, 0, 0, 0, 0, 0, 0, 0
13, 21, 13, 3, 8, 0, 0, 2, 0, 0, 0, 0, 0, 0, 0, 0
13, 22, 14, 3, 9, 0, 0, 2, 0, 0, 0, 0, 0, 0, 0, 0
13, 23, 13, 3, 8, 0, 0, 2, 0, 0, 0, 0, 0, 0, 0, 0
13, 24, 15, 3, 10, 0, 0, 2, 0, 0, 0, 0, 0, 0, 0, 0
13, 25, 15, 3, 10, 0, 0, 2, 0, 0, 0, 0, 0, 0, 0, 0
13, 26, 13, 3, 8, 0, 0, 2, 0, 0, 0, 0, 0, 0, 0, 0
13, 27, 13, 3, 8, 0, 0, 2, 0, 0, 0, 0, 0, 0, 0, 0
13, 28, 14, 3, 9, 0, 0, 2, 0, 0, 0, 0, 0, 0, 0, 0
13, 29, 13, 3, 8, 0, 0, 2, 0, 0, 0, 0, 0, 0, 0, 0
13, 30, 14, 3, 9, 0, 0, 2, 0, 0, 0, 0, 0, 0, 0, 0
13, 31, 14, 3, 9, 0, 0, 2, 0, 0, 0, 0, 0, 0, 0, 0
13, 62, 0, 0, 0, 0, 0, 0, 0, 0, 0, 0, 0, 0, 0, 0
13, 63, 11, 3, 0, 0, 0, 8, 0, 0, 0, 0, 0, 0, 0, 0
14, 0, 43, 3, 22, 0, 0, 10, 0, 0, 0, 0, 0, 0, 0, 8
14, 1, 34, 3, 24, 0, 0, 4, 0, 0, 0, 0, 0, 0, 0, 3
14, 2, 29, 3, 18, 0, 0, 4, 0, 0, 0, 0, 0, 0, 0, 4
14, 3, 34, 3, 21, 0, 0, 4, 0, 0, 0, 0, 0, 0, 0, 6
14, 4, 19, 3, 8, 0, 0, 2, 0, 0, 0, 0, 0, 0, 0, 6
14, 5, 19, 3, 10, 0, 0, 2, 0, 0, 0, 0, 0, 0, 0, 4
14, 6, 30, 3, 22, 0, 0, 2, 0, 0, 0, 0, 0, 0, 0, 3
14, 7, 38, 6, 22, 0, 0, 4, 0, 0, 0, 0, 0, 0, 0, 6
14, 8, 34, 6, 17, 0, 0, 4, 0, 0, 0, 0, 0, 0, 0, 7
14, 9, 41, 6, 16, 0, 0, 4, 0, 0, 0, 0, 0, 0, 0, 15
14, 10, 15, 3, 10, 0, 0, 2, 0, 0, 0, 0, 0, 0, 0, 0
14, 11, 15, 3, 10, 0, 0, 2, 0, 0, 0, 0, 0, 0, 0, 0
14, 12, 15, 3, 10, 0, 0, 2, 0, 0, 0, 0, 0, 0, 0, 0
14, 13, 14, 3, 9, 0, 0, 2, 0, 0, 0, 0, 0, 0, 0, 0
14, 14, 14, 3, 9, 0, 0, 2, 0, 0, 0, 0, 0, 0, 0, 0
14, 15, 13, 3, 8, 0, 0, 2, 0, 0, 0, 0, 0, 0, 0, 0
14, 16, 13, 3, 8, 0, 0, 2, 0, 0, 0, 0, 0, 0, 0, 0
14, 17, 14, 3, 9, 0, 0, 2, 0, 0, 0, 0, 0, 0, 0, 0
14, 18, 15, 3, 10, 0, 0, 2, 0, 0, 0, 0, 0, 0, 0, 0
14, 19, 14, 3, 9, 0, 0, 2, 0, 0, 0, 0, 0, 0, 0, 0
14, 20, 14, 3, 9, 0, 0, 2, 0, 0, 0, 0, 0, 0, 0, 0
14, 21, 13, 3, 8, 0, 0, 2, 0, 0, 0, 0, 0, 0, 0, 0
14, 22, 14, 3, 9, 0, 0, 2, 0, 0, 0, 0, 0, 0, 0, 0
14, 23, 13, 3, 8, 0, 0, 2, 0, 0, 0, 0, 0, 0, 0, 0
14, 24, 15, 3, 10, 0, 0, 2, 0, 0, 0, 0, 0, 0, 0, 0
14, 25, 15, 3, 10, 0, 0, 2, 0, 0, 0, 0, 0, 0, 0, 0
14, 26, 13, 3, 8, 0, 0, 2, 0, 0, 0, 0, 0, 0, 0, 0
14, 27, 13, 3, 8, 0, 0, 2, 0, 0, 0, 0, 0, 0, 0, 0
14, 28, 14, 3, 9, 0, 0, 2, 0, 0, 0, 0, 0, 0, 0, 0
14, 29, 13, 3, 8, 0, 0, 2, 0, 0, 0, 0, 0, 0, 0, 0
14, 30, 14, 3, 9, 0, 0, 2, 0, 0, 0, 0, 0, 0, 0, 0
14, 31, 14, 3, 9, 0, 0, 2, 0, 0, 0, 0, 0, 0, 0, 0
14, 62, 0, 0, 0, 0, 0, 0, 0, 0, 0, 0, 0, 0, 0, 0
14, 63, 11, 3, 0, 0, 0, 8, 0, 0, 0, 0, 0, 0, 0, 0
15, 0, 43, 3, 22, 0, 0, 10, 0, 0, 0, 0, 0, 0, 0, 8
15, 1, 38, 3, 25, 0, 0, 4, 0, 0, 0, 0, 0, 0, 0, 6
15, 2, 30, 3, 19, 0, 0, 4, 0, 0, 0, 0, 0, 0, 0, 4
15, 3, 38, 3, 22, 0, 0, 4, 0, 0, 0, 0, 0, 0, 0, 9
15, 4, 21, 3, 8, 0, 0, 4, 0, 0, 0, 0, 0, 0, 0, 6
15, 5, 21, 3, 10, 0, 0, 4, 0, 0, 0, 0, 0, 0, 0, 4
15, 6, 32, 3, 24, 0, 0, 2, 0, 0, 0, 0, 0, 0, 0, 3
15, 7, 39, 6, 23, 0, 0, 4, 0, 0, 0, 0, 0, 0, 0, 6
15, 8, 35, 6, 18, 0, 0, 4, 0, 0, 0, 0, 0, 0, 0, 7
15, 9, 42, 6, 17, 0, 0, 4, 0, 0, 0, 0, 0, 0, 0, 15
15, 10, 15, 3, 10, 0, 0, 2, 0, 0, 0, 0, 0, 0, 0, 0
15, 11, 17, 3, 10, 0, 0, 4, 0, 0, 0, 0, 0, 0, 0, 0
15, 12, 15, 3, 10, 0, 0, 2, 0, 0, 0, 0, 0, 0, 0, 0
15, 13, 16, 3, 9, 0, 0, 4, 0, 0, 0, 0, 0, 0, 0, 0
15, 14, 16, 3, 9, 0, 0, 4, 0, 0, 0, 0, 0, 0, 0, 0
15, 15, 13, 3, 8, 0, 0, 2, 0, 0, 0, 0, 0, 0, 0, 0
15, 16, 13, 3, 8, 0, 0, 2, 0, 0, 0, 0, 0, 0, 0, 0
15, 17, 14, 3, 9, 0, 0, 2, 0, 0, 0, 0, 0, 0, 0, 0
15, 18, 16, 3, 11, 0, 0, 2, 0, 0, 0, 0, 0, 0, 0, 0
15, 19, 16, 3, 9, 0, 0, 4, 0, 0, 0, 0, 0, 0, 0, 0
15, 20, 16, 3, 9, 0, 0, 4, 0, 0, 0, 0, 0, 0, 0, 0
15, 21, 15, 3, 8, 0, 0, 4, 0, 0, 0, 0, 0, 0, 0, 0
15, 22, 16, 3, 9, 0, 0, 4, 0, 0, 0, 0, 0, 0, 0, 0
15, 23, 13, 3, 8, 0, 0, 2, 0, 0, 0, 0, 0, 0, 0, 0
15, 24, 17, 3, 10, 0, 0, 4, 0, 0, 0, 0, 0, 0, 0, 0
15, 25, 15, 3, 10, 0, 0, 2, 0, 0, 0, 0, 0, 0, 0, 0
15, 26, 13, 3, 8, 0, 0, 2, 0, 0, 0, 0, 0, 0, 0, 0
15, 27, 15, 3, 8, 0, 0, 4, 0, 0, 0, 0, 0, 0, 0, 0
15, 28, 16, 3, 9, 0, 0, 4, 0, 0, 0, 0, 0, 0, 0, 0
15, 29, 13, 3, 8, 0, 0, 2, 0, 0, 0, 0, 0, 0, 0, 0
15, 30, 16, 3, 9, 0, 0, 4, 0, 0, 0, 0, 0, 0, 0, 0
15, 31, 14, 3, 9, 0, 0, 2, 0, 0, 0, 0, 0, 0, 0, 0
15, 62, 0, 0, 0, 0, 0, 0, 0, 0, 0, 0, 0, 0, 0, 0
15, 63, 15, 3, 0, 0, 0, 12, 0, 0, 0, 0, 0, 0, 0, 0
16, 0, 47, 6, 22, 0, 0, 10, 0, 0, 0, 0, 0, 0, 0, 9
16, 1, 38, 3, 25, 0, 0, 4, 0, 0, 0, 0, 0, 0, 0, 6
16, 2, 33, 6, 19, 0, 0, 4, 0, 0, 0, 0, 0, 0, 0, 4
16, 3, 40, 3, 24, 0, 0, 4, 0, 0, 0, 0, 0, 0, 0, 9
16, 4, 28, 3, 10, 0, 0, 4, 0, 0, 0, 0, 0, 0, 0, 11
16, 5, 21, 3, 10, 0, 0, 4, 0, 0, 0, 0, 0, 0, 0, 4
16, 6, 36, 6, 25, 0, 0, 2, 0, 0, 0, 0, 0, 0, 0, 3
16, 7, 42, 6, 24, 0, 0, 6, 0, 0, 0, 0, 0, 0, 0, 6
16, 8, 36, 6, 19, 0, 0, 4, 0, 0, 0, 0, 0, 0, 0, 7
16, 9, 44, 6, 17, 0, 0, 6, 0, 0, 0, 0, 0, 0, 0, 15
16, 10, 20, 6, 10, 0, 0, 4, 0, 0, 0, 0, 0, 0, 0, 0
16, 11, 20, 6, 10, 0, 0, 4, 0, 0, 0, 0, 0, 0, 0, 0
16, 12, 20, 6, 10, 0, 0, 4, 0, 0, 0, 0, 0, 0, 0, 0
16, 13, 19, 6, 9, 0, 0, 4, 0, 0, 0, 0, 0, 0, 0, 0
16, 14, 21, 6, 9, 0, 0, 6, 0, 0, 0, 0, 0, 0, 0, 0
16, 15, 17, 6, 9, 0, 0, 2, 0, 0, 0, 0, 0, 0, 0, 0
16, 16, 17, 6, 9, 0, 0, 2, 0, 0, 0, 0, 0, 0, 0, 0
16, 17, 18, 6, 10, 0, 0, 2, 0, 0, 0, 0, 0, 0, 0, 0
16, 18, 21, 6, 11, 0, 0, 4, 0, 0, 0, 0, 0, 0, 0, 0
16, 19, 19, 6, 9, 0, 0, 4, 0, 0, 0, 0, 0, 0, 0, 0
16, 20, 19, 6, 9, 0, 0, 4, 0, 0, 0, 0, 0, 0, 0, 0
16, 21, 19, 6, 9, 0, 0, 4, 0, 0, 0, 0, 0, 0, 0, 0
16, 22, 20, 6, 10, 0, 0, 4, 0, 0, 0, 0, 0, 0, 0, 0
16, 23, 19, 6, 9, 0, 0, 4, 0, 0, 0, 0, 0, 0, 0, 0
16, 24, 20, 6, 10, 0, 0, 4, 0, 0, 0, 0, 0, 0, 0, 0
16, 25, 20, 6, 10, 0, 0, 4, 0, 0, 0, 0, 0, 0, 0, 0
16, 26, 17, 6, 9, 0, 0, 2, 0, 0, 0, 0, 0, 0, 0, 0
16, 27, 19, 6, 9, 0, 0, 4, 0, 0, 0, 0, 0, 0, 0, 0
16, 28, 19, 6, 9, 0, 0, 4, 0, 0, 0, 0, 0, 0, 0, 0
16, 29, 17, 6, 9, 0, 0, 2, 0, 0, 0, 0, 0, 0, 0, 0
16, 30, 20, 6, 10, 0, 0, 4, 0, 0, 0, 0, 0, 0, 0, 0
16, 31, 17, 6, 9, 0, 0, 2, 0, 0, 0, 0, 0, 0, 0, 0
16, 62, 0, 0, 0, 0, 0, 0, 0, 0, 0, 0, 0, 0, 0, 0
16, 63, 18, 6, 0, 0, 0, 12, 0, 0, 0, 0, 0, 0, 0, 0
17, 0, 62, 6, 36, 0, 0, 10, 0, 0, 0, 0, 0, 0, 0, 10
17, 1, 39, 3, 26, 0, 0, 4, 0, 0, 0, 0, 0, 0, 0, 6
17, 2, 34, 6, 20, 0, 0, 4, 0, 0, 0, 0, 0, 0, 0, 4
17, 3, 42, 3, 24, 0, 0, 6, 0, 0, 0, 0, 0, 0, 0, 9
17, 4, 31, 6, 10, 0, 0, 4, 0, 0, 0, 0, 0, 0, 0, 11
17, 5, 22, 3, 11, 0, 0, 4, 0, 0, 0, 0, 0, 0, 0, 4
17, 6, 39, 6, 26, 0, 0, 4, 0, 0, 0, 0, 0, 0, 0, 3
17, 7, 42, 6, 24, 0, 0, 6, 0, 0, 0, 0, 0, 0, 0, 6
17, 8, 42, 9, 19, 0, 0, 6, 0, 0, 0, 0, 0, 0, 0, 8
17, 9, 44, 6, 17, 0, 0, 6, 0, 0, 0, 0, 0, 0, 0, 15
17, 10, 22, 6, 10, 0, 0, 6, 0, 0, 0, 0, 0, 0, 0, 0
17, 11, 20, 6, 10, 0, 0, 4, 0, 0, 0, 0, 0, 0, 0, 0
17, 12, 21, 6, 11, 0, 0, 4, 0, 0, 0, 0, 0, 0, 0, 0
17, 13, 19, 6, 9, 0, 0, 4, 0, 0, 0, 0, 0, 0, 0, 0
17, 14, 21, 6, 9, 0, 0, 6, 0, 0, 0, 0, 0, 0, 0, 0
17, 15, 17, 6, 9, 0, 0, 2, 0, 0, 0, 0, 0, 0, 0, 0
17, 16, 17, 6, 9, 0, 0, 2, 0, 0, 0, 0, 0, 0, 0, 0
17, 17, 20, 6, 10, 0, 0, 4, 0, 0, 0, 0, 0, 0, 0, 0
17, 18, 21, 6, 11, 0, 0, 4, 0, 0, 0, 0, 0, 0, 0, 0
17, 19, 19, 6, 9, 0, 0, 4, 0, 0, 0, 0, 0, 0, 0, 0
17, 20, 20, 6, 10, 0, 0, 4, 0, 0, 0, 0, 0, 0, 0, 0
17, 21, 19, 6, 9, 0, 0, 4, 0, 0, 0, 0, 0, 0, 0, 0
17, 22, 20, 6, 10, 0, 0, 4, 0, 0, 0, 0, 0, 0, 0, 0
17, 23, 21, 6, 9, 0, 0, 6, 0, 0, 0, 0, 0, 0, 0, 0
17, 24, 20, 6, 10, 0, 0, 4, 0, 0, 0, 0, 0, 0, 0, 0
17, 25, 20, 6, 10, 0, 0, 4, 0, 0, 0, 0, 0, 0, 0, 0
17, 26, 18, 6, 10, 0, 0, 2, 0, 0, 0, 0, 0, 0, 0, 0
17, 27, 19, 6, 9, 0, 0, 4, 0, 0, 0, 0, 0, 0, 0, 0
17, 28, 20, 6, 10, 0, 0, 4, 0, 0, 0, 0, 0, 0, 0, 0
17, 29, 17, 6, 9, 0, 0, 2, 0, 0, 0, 0, 0, 0, 0, 0
17, 30, 20, 6, 10, 0, 0, 4, 0, 0, 0, 0, 0, 0, 0, 0
17, 31, 19, 6, 9, 0, 0, 4, 0, 0, 0, 0, 0, 0, 0, 0
17, 62, 0, 0, 0, 0, 0, 0, 0, 0, 0, 0, 0, 0, 0, 0
17, 63, 18, 6, 0, 0, 0, 12, 0, 0, 0, 0, 0, 0, 0, 0
18, 0, 63, 6, 37, 0, 0, 10, 0, 0, 0, 0, 0, 0, 0, 10
18, 1, 43, 6, 27, 0, 0, 4, 0, 0, 0, 0, 0, 0, 0, 6
18, 2, 34, 6, 20, 0, 0, 4, 0, 0, 0, 0, 0, 0, 0, 4
18, 3, 43, 3, 25, 0, 0, 6, 0, 0, 0, 0, 0, 0, 0, 9
18, 4, 32, 6, 10, 0, 0, 4, 0, 0, 0, 0, 0, 0, 0, 12
18, 5, 22, 3, 11, 0, 0, 4, 0, 0, 0, 0, 0, 0, 0, 4
18, 6, 39, 6, 26, 0, 0, 4, 0, 0, 0, 0, 0, 0, 0, 3
18, 7, 46, 9, 24, 0, 0, 6, 0, 0, 0, 0, 0, 0, 0, 7
18, 8, 43, 9, 20, 0, 0, 6, 0, 0, 0, 0, 0, 0, 0, 8
18, 9, 64, 6, 18, 0, 0, 6, 15, 0, 0, 0, 0, 0, 0, 19
18, 10, 22, 6, 10, 0, 0, 6, 0, 0, 0, 0, 0, 0, 0, 0
18, 11, 20, 6, 10, 0, 0, 4, 0, 0, 0, 0, 0, 0, 0, 0
18, 12, 21, 6, 11, 0, 0, 4, 0, 0, 0, 0, 0, 0, 0, 0
18, 13, 20, 6, 10, 0, 0, 4, 0, 0, 0, 0, 0, 0, 0, 0
18, 14, 21, 6, 9, 0, 0, 6, 0, 0, 0, 0, 0, 0, 0, 0
18, 15, 19, 6, 9, 0, 0, 4, 0, 0, 0, 0, 0, 0, 0, 0
18, 16, 17, 6, 9, 0, 0, 2, 0, 0, 0, 0, 0, 0, 0, 0
18, 17, 22, 6, 10, 0, 0, 6, 0, 0, 0, 0, 0, 0, 0, 0
18, 18, 22, 6, 12, 0, 0, 4, 0, 0, 0, 0, 0, 0, 0, 0
18, 19, 19, 6, 9, 0, 0, 4, 0, 0, 0, 0, 0, 0, 0, 0
18, 20, 20, 6, 10, 0, 0, 4, 0, 0, 0, 0, 0, 0, 0, 0
18, 21, 19, 6, 9, 0, 0, 4, 0, 0, 0, 0, 0, 0, 0, 0
18, 22, 20, 6, 10, 0, 0, 4, 0, 0, 0, 0, 0, 0, 0, 0
18, 23, 24, 6, 10, 0, 0, 8, 0, 0, 0, 0, 0, 0, 0, 0
18, 24, 20, 6, 10, 0, 0, 4, 0, 0, 0, 0, 0, 0, 0, 0
18, 25, 20, 6, 10, 0, 0, 4, 0, 0, 0, 0, 0, 0, 0, 0
18, 26, 20, 6, 10, 0, 0, 4, 0, 0, 0, 0, 0, 0, 0, 0
18, 27, 19, 6, 9, 0, 0, 4, 0, 0, 0, 0, 0, 0, 0, 0
18, 28, 20, 6, 10, 0, 0, 4, 0, 0, 0, 0, 0, 0, 0, 0
18, 29, 19, 6, 9, 0, 0, 4, 0, 0, 0, 0, 0, 0, 0, 0
18, 30, 21, 6, 11, 0, 0, 4, 0, 0, 0, 0, 0, 0, 0, 0
18, 31, 20, 6, 10, 0, 0, 4, 0, 0, 0, 0, 0, 0, 0, 0
18, 62, 0, 0, 0, 0, 0, 0, 0, 0, 0, 0, 0, 0, 0, 0
18, 63, 18, 6, 0, 0, 0, 12, 0, 0, 0, 0, 0, 0, 0, 0
19, 0, 66, 9, 37, 0, 0, 10, 0, 0, 0, 0, 0, 0, 0, 10
19, 1, 45, 6, 27, 0, 0, 6, 0, 0, 0, 0, 0, 0, 0, 6
19, 2, 37, 6, 23, 0, 0, 4, 0, 0, 0, 0, 0, 0, 0, 4
19, 3, 50, 6, 27, 0, 0, 8, 0, 0, 0, 0, 0, 0, 0, 9
19, 4, 33, 6, 11, 0, 0, 4, 0, 0, 0, 0, 0, 0, 0, 12
19, 5, 22, 3, 11, 0, 0, 4, 0, 0, 0, 0, 0, 0, 0, 4
19, 6, 39, 6, 26, 0, 0, 4, 0, 0, 0, 0, 0, 0, 0, 3
19, 7, 51, 9, 27, 0, 0, 8, 0, 0, 0, 0, 0, 0, 0, 7
19, 8, 44, 9, 21, 0, 0, 6, 0, 0, 0, 0, 0, 0, 0, 8
19, 9, 73, 6, 24, 0, 0, 6, 15, 0, 0, 0, 0, 0, 0, 22
19, 10, 23, 6, 11, 0, 0, 6, 0, 0, 0, 0, 0, 0, 0, 0
19, 11, 20, 6, 10, 0, 0, 4, 0, 0, 0, 0, 0, 0, 0, 0
19, 12, 21, 6, 11, 0, 0, 4, 0, 0, 0, 0, 0, 0, 0, 0
19, 13, 20, 6, 10, 0, 0, 4, 0, 0, 0, 0, 0, 0, 0, 0
19, 14, 21, 6, 9, 0, 0, 6, 0, 0, 0, 0, 0, 0, 0, 0
19, 15, 22, 6, 10, 0, 0, 6, 0, 0, 0, 0, 0, 0, 0, 0
19, 16, 18, 6, 10, 0, 0, 2, 0, 0, 0, 0, 0, 0, 0, 0
19, 17, 22, 6, 10, 0, 0, 6, 0, 0, 0, 0, 0, 0, 0, 0
19, 18, 22, 6, 12, 0, 0, 4, 0, 0, 0, 0, 0, 0, 0, 0
19, 19, 20, 6, 10, 0, 0, 4, 0, 0, 0, 0, 0, 0, 0, 0
19, 20, 20, 6, 10, 0, 0, 4, 0, 0, 0, 0, 0, 0, 0, 0
19, 21, 20, 6, 10, 0, 0, 4, 0, 0, 0, 0, 0, 0, 0, 0
19, 22, 20, 6, 10, 0, 0, 4, 0, 0, 0, 0, 0, 0, 0, 0
19, 23, 24, 6, 10, 0, 0, 8, 0, 0, 0, 0, 0, 0, 0, 0
19, 24, 20, 6, 10, 0, 0, 4, 0, 0, 0, 0, 0, 0, 0, 0
19, 25, 21, 6, 11, 0, 0, 4, 0, 0, 0, 0, 0, 0, 0, 0
19, 26, 24, 6, 10, 0, 0, 8, 0, 0, 0, 0, 0, 0, 0, 0
19, 27, 19, 6, 9, 0, 0, 4, 0, 0, 0, 0, 0, 0, 0, 0
19, 28, 20, 6, 10, 0, 0, 4, 0, 0, 0, 0, 0, 0, 0, 0
19, 29, 21, 6, 9, 0, 0, 6, 0, 0, 0, 0, 0, 0, 0, 0
19, 30, 21, 6, 11, 0, 0, 4, 0, 0, 0, 0, 0, 0, 0, 0
19, 31, 20, 6, 10, 0, 0, 4, 0, 0, 0, 0, 0, 0, 0, 0
19, 62, 0, 0, 0, 0, 0, 0, 0, 0, 0, 0, 0, 0, 0, 0
19, 63, 18, 6, 0, 0, 0, 12, 0, 0, 0, 0, 0, 0, 0, 0
20, 0, 79, 9, 48, 0, 0, 12, 0, 0, 0, 0, 0, 0, 0, 10
20, 1, 44, 6, 26, 0, 0, 6, 0, 0, 0, 0, 0, 0, 0, 6
20, 2, 40, 6, 23, 0, 0, 6, 0, 0, 0, 0, 0, 0, 0, 5
20, 3, 53, 6, 28, 0, 0, 10, 0, 0, 0, 0, 0, 0, 0, 9
20, 4, 33, 6, 11, 0, 0, 4, 0, 0, 0, 0, 0, 0, 0, 12
20, 5, 24, 3, 11, 0, 0, 6, 0, 0, 0, 0, 0, 0, 0, 4
20, 6, 41, 9, 25, 0, 0, 4, 0, 0, 0, 0, 0, 0, 0, 3
20, 7, 51, 9, 27, 0, 0, 8, 0, 0, 0, 0, 0, 0, 0, 7
20, 8, 45, 9, 22, 0, 0, 6, 0, 0, 0, 0, 0, 0, 0, 8
20, 9, 75, 6, 24, 0, 0, 8, 15, 0, 0, 0, 0, 0, 0, 22
20, 10, 23, 6, 11, 0, 0, 6, 0, 0, 0, 0, 0, 0, 0, 0
20, 11, 20, 6, 10, 0, 0, 4, 0, 0, 0, 0, 0, 0, 0, 0
20, 12, 21, 6, 11, 0, 0, 4, 0, 0, 0, 0, 0, 0, 0, 0
20, 13, 21, 6, 11, 0, 0, 4, 0, 0, 0, 0, 0, 0, 0, 0
20, 14, 24, 6, 10, 0, 0, 8, 0, 0, 0, 0, 0, 0, 0, 0
20, 15, 24, 6, 10, 0, 0, 8, 0, 0, 0, 0, 0, 0, 0, 0
20, 16, 18, 6, 10, 0, 0, 2, 0, 0, 0, 0, 0, 0, 0, 0
20, 17, 23, 6, 11, 0, 0, 6, 0, 0, 0, 0, 0, 0, 0, 0
20, 18, 22, 6, 12, 0, 0, 4, 0, 0, 0, 0, 0, 0, 0, 0
20, 19, 20, 6, 10, 0, 0, 4, 0, 0, 0, 0, 0, 0, 0, 0
20, 20, 21, 6, 11, 0, 0, 4, 0, 0, 0, 0, 0, 0, 0, 0
20, 21, 20, 6, 10, 0, 0, 4, 0, 0, 0, 0, 0, 0, 0, 0
20, 22, 21, 6, 11, 0, 0, 4, 0, 0, 0, 0, 0, 0, 0, 0
20, 23, 24, 6, 10, 0, 0, 8, 0, 0, 0, 0, 0, 0, 0, 0
20, 24, 21, 6, 11, 0, 0, 4, 0, 0, 0, 0, 0, 0, 0, 0
20, 25, 21, 6, 11, 0, 0, 4, 0, 0, 0, 0, 0, 0, 0, 0
20, 26, 24, 6, 10, 0, 0, 8, 0, 0, 0, 0, 0, 0, 0, 0
20, 27, 19, 6, 9, 0, 0, 4, 0, 0, 0, 0, 0, 0, 0, 0
20, 28, 21, 6, 11, 0, 0, 4, 0, 0, 0, 0, 0, 0, 0, 0
20, 29, 23, 6, 9, 0, 0, 8, 0, 0, 0, 0, 0, 0, 0, 0
20, 30, 23, 6, 11, 0, 0, 6, 0, 0, 0, 0, 0, 0, 0, 0
20, 31, 20, 6, 10, 0, 0, 4, 0, 0, 0, 0, 0, 0, 0, 0
20, 62, 0, 0, 0, 0, 0, 0, 0, 0, 0, 0, 0, 0, 0, 0
20, 63, 18, 6, 0, 0, 0, 12, 0, 0, 0, 0, 0, 0, 0, 0
21, 0, 83, 9, 49, 0, 0, 12, 0, 0, 0, 0, 0, 0, 0, 13
21, 1, 48, 9, 27, 0, 0, 6, 0, 0, 0, 0, 0, 0, 0, 6
21, 2, 66, 6, 24, 5, 0, 6, 15, 0, 0, 0, 0, 0, 0, 10
21, 3, 53, 6, 28, 0, 0, 10, 0, 0, 0, 0, 0, 0, 0, 9
21, 4, 34, 6, 12, 0, 0, 4, 0, 0, 0, 0, 0, 0, 0, 12
21, 5, 27, 6, 11, 0, 0, 6, 0, 0, 0, 0, 0, 0, 0, 4
21, 6, 42, 9, 26, 0, 0, 4, 0, 0, 0, 0, 0, 0, 0, 3
21, 7, 51, 9, 27, 0, 0, 8, 0, 0, 0, 0, 0, 0, 0, 7
21, 8, 47, 9, 22, 0, 0, 8, 0, 0, 0, 0, 0, 0, 0, 8
21, 9, 79, 9, 25, 0, 0, 8, 15, 0, 0, 0, 0, 0, 0, 22
21, 10, 23, 6, 11, 0, 0, 6, 0, 0, 0, 0, 0, 0, 0, 0
21, 11, 20, 6, 10, 0, 0, 4, 0, 0, 0, 0, 0, 0, 0, 0
21, 12, 22, 6, 12, 0, 0, 4, 0, 0, 0, 0, 0, 0, 0, 0
21, 13, 21, 6, 11, 0, 0, 4, 0, 0, 0, 0, 0, 0, 0, 0
21, 14, 25, 6, 11, 0, 0, 8, 0, 0, 0, 0, 0, 0, 0, 0
21, 15, 24, 6, 10, 0, 0, 8, 0, 0, 0, 0, 0, 0, 0, 0
21, 16, 18, 6, 10, 0, 0, 2, 0, 0, 0, 0, 0, 0, 0, 0
21, 17, 23, 6, 11, 0, 0, 6, 0, 0, 0, 0, 0, 0, 0, 0
21, 18, 22, 6, 12, 0, 0, 4, 0, 0, 0, 0, 0, 0, 0, 0
21, 19, 20, 6, 10, 0, 0, 4, 0, 0, 0, 0, 0, 0, 0, 0
21, 20, 21, 6, 11, 0, 0, 4, 0, 0, 0, 0, 0, 0, 0, 0
21, 21, 20, 6, 10, 0, 0, 4, 0, 0, 0, 0, 0, 0, 0, 0
21, 22, 21, 6, 11, 0, 0, 4, 0, 0, 0, 0, 0, 0, 0, 0
21, 23, 24, 6, 10, 0, 0, 8, 0, 0, 0, 0, 0, 0, 0, 0
21, 24, 21, 6, 11, 0, 0, 4, 0, 0, 0, 0, 0, 0, 0, 0
21, 25, 21, 6, 11, 0, 0, 4, 0, 0, 0, 0, 0, 0, 0, 0
21, 26, 24, 6, 10, 0, 0, 8, 0, 0, 0, 0, 0, 0, 0, 0
21, 27, 19, 6, 9, 0, 0, 4, 0, 0, 0, 0, 0, 0, 0, 0
21, 28, 21, 6, 11, 0, 0, 4, 0, 0, 0, 0, 0, 0, 0, 0
21, 29, 23, 6, 9, 0, 0, 8, 0, 0, 0, 0, 0, 0, 0, 0
21, 30, 25, 6, 11, 0, 0, 8, 0, 0, 0, 0, 0, 0, 0, 0
21, 31, 20, 6, 10, 0, 0, 4, 0, 0, 0, 0, 0, 0, 0, 0
21, 62, 0, 0, 0, 0, 0, 0, 0, 0, 0, 0, 0, 0, 0, 0
21, 63, 18, 6, 0, 0, 0, 12, 0, 0, 0, 0, 0, 0, 0, 0
22, 0, 83, 9, 49, 0, 0, 12, 0, 0, 0, 0, 0, 0, 0, 13
22, 1, 49, 9, 28, 0, 0, 6, 0, 0, 0, 0, 0, 0, 0, 6
22, 2, 70, 9, 25, 5, 0, 6, 15, 0, 0, 0, 0, 0, 0, 10
22, 3, 57, 9, 29, 0, 0, 10, 0, 0, 0, 0, 0, 0, 0, 9
22, 4, 36, 6, 12, 0, 0, 6, 0, 0, 0, 0, 0, 0, 0, 12
22, 5, 27, 6, 11, 0, 0, 6, 0, 0, 0, 0, 0, 0, 0, 4
22, 6, 43, 9, 27, 0, 0, 4, 0, 0, 0, 0, 0, 0, 0, 3
22, 7, 52, 9, 28, 0, 0, 8, 0, 0, 0, 0, 0, 0, 0, 7
22, 8, 47, 9, 22, 0, 0, 8, 0, 0, 0, 0, 0, 0, 0, 8
22, 9, 80, 9, 26, 0, 0, 8, 15, 0, 0, 0, 0, 0, 0, 22
22, 10, 26, 9, 11, 0, 0, 6, 0, 0, 0, 0, 0, 0, 0, 0
22, 11, 24, 9, 11, 0, 0, 4, 0, 0, 0, 0, 0, 0, 0, 0
22, 12, 25, 9, 12, 0, 0, 4, 0, 0, 0, 0, 0, 0, 0, 0
22, 13, 26, 9, 11, 0, 0, 6, 0, 0, 0, 0, 0, 0, 0, 0
22, 14, 28, 9, 11, 0, 0, 8, 0, 0, 0, 0, 0, 0, 0, 0
22, 15, 27, 9, 10, 0, 0, 8, 0, 0, 0, 0, 0, 0, 0, 0
22, 16, 21, 9, 10, 0, 0, 2, 0, 0, 0, 0, 0, 0, 0, 0
22, 17, 26, 9, 11, 0, 0, 6, 0, 0, 0, 0, 0, 0, 0, 0
22, 18, 25, 9, 12, 0, 0, 4, 0, 0, 0, 0, 0, 0, 0, 0
22, 19, 23, 9, 10, 0, 0, 4, 0, 0, 0, 0, 0, 0, 0, 0
22, 20, 26, 9, 11, 0, 0, 6, 0, 0, 0, 0, 0, 0, 0, 0
22, 21, 23, 9, 10, 0, 0, 4, 0, 0, 0, 0, 0, 0, 0, 0
22, 22, 26, 9, 11, 0, 0, 6, 0, 0, 0, 0, 0, 0, 0, 0
22, 23, 27, 9, 10, 0, 0, 8, 0, 0, 0, 0, 0, 0, 0, 0
22, 24, 25, 9, 12, 0, 0, 4, 0, 0, 0, 0, 0, 0, 0, 0
22, 25, 24, 9, 11, 0, 0, 4, 0, 0, 0, 0, 0, 0, 0, 0
22, 26, 27, 9, 10, 0, 0, 8, 0, 0, 0, 0, 0, 0, 0, 0
22, 27, 22, 9, 9, 0, 0, 4, 0, 0, 0, 0, 0, 0, 0, 0
22, 28, 26, 9, 11, 0, 0, 6, 0, 0, 0, 0, 0, 0, 0, 0
22, 29, 26, 9, 9, 0, 0, 8, 0, 0, 0, 0, 0, 0, 0, 0
22, 30, 28, 9, 11, 0, 0, 8, 0, 0, 0, 0, 0, 0, 0, 0
22, 31, 23, 9, 10, 0, 0, 4, 0, 0, 0, 0, 0, 0, 0, 0
22, 62, 0, 0, 0, 0, 0, 0, 0, 0, 0, 0, 0, 0, 0, 0
22, 63, 21, 9, 0, 0, 0, 12, 0, 0, 0, 0, 0, 0, 0, 0
23, 0, 106, 12, 62, 0, 0, 14, 0, 0, 0, 0, 0, 0, 0, 18
23, 1, 49, 9, 28, 0, 0, 6, 0, 0, 0, 0, 0, 0, 0, 6
23, 2, 71, 9, 26, 5, 0, 6, 15, 0, 0, 0, 0, 0, 0, 10
23, 3, 58, 9, 30, 0, 0, 10, 0, 0, 0, 0, 0, 0, 0, 9
23, 4, 39, 9, 12, 0, 0, 6, 0, 0, 0, 0, 0, 0, 0, 12
23, 5, 29, 6, 11, 0, 0, 8, 0, 0, 0, 0, 0, 0, 0, 4
23, 6, 43, 9, 27, 0, 0, 4, 0, 0, 0, 0, 0, 0, 0, 3
23, 7, 52, 9, 28, 0, 0, 8, 0, 0, 0, 0, 0, 0, 0, 7
23, 8, 47, 9, 22, 0, 0, 8, 0, 0, 0, 0, 0, 0, 0, 8
23, 9, 80, 9, 26, 0, 0, 8, 15, 0, 0, 0, 0, 0, 0, 22
23, 10, 27, 9, 12, 0, 0, 6, 0, 0, 0, 0, 0, 0, 0, 0
23, 11, 26, 9, 11, 0, 0, 6, 0, 0, 0, 0, 0, 0, 0, 0
23, 12, 25, 9, 12, 0, 0, 4, 0, 0, 0, 0, 0, 0, 0, 0
23, 13, 26, 9, 11, 0, 0, 6, 0, 0, 0, 0, 0, 0, 0, 0
23, 14, 28, 9, 11, 0, 0, 8, 0, 0, 0, 0, 0, 0, 0, 0
23, 15, 27, 9, 10, 0, 0, 8, 0, 0, 0, 0, 0, 0, 0, 0
23, 16, 23, 9, 10, 0, 0, 4, 0, 0, 0, 0, 0, 0, 0, 0
23, 17, 26, 9, 11, 0, 0, 6, 0, 0, 0, 0, 0, 0, 0, 0
23, 18, 25, 9, 12, 0, 0, 4, 0, 0, 0, 0, 0, 0, 0, 0
23, 19, 23, 9, 10, 0, 0, 4, 0, 0, 0, 0, 0, 0, 0, 0
23, 20, 26, 9, 11, 0, 0, 6, 0, 0, 0, 0, 0, 0, 0, 0
23, 21, 25, 9, 10, 0, 0, 6, 0, 0, 0, 0, 0, 0, 0, 0
23, 22, 28, 9, 11, 0, 0, 8, 0, 0, 0, 0, 0, 0, 0, 0
23, 23, 27, 9, 10, 0, 0, 8, 0, 0, 0, 0, 0, 0, 0, 0
23, 24, 25, 9, 12, 0, 0, 4, 0, 0, 0, 0, 0, 0, 0, 0
23, 25, 24, 9, 11, 0, 0, 4, 0, 0, 0, 0, 0, 0, 0, 0
23, 26, 27, 9, 10, 0, 0, 8, 0, 0, 0, 0, 0, 0, 0, 0
23, 27, 22, 9, 9, 0, 0, 4, 0, 0, 0, 0, 0, 0, 0, 0
23, 28, 26, 9, 11, 0, 0, 6, 0, 0, 0, 0, 0, 0, 0, 0
23, 29, 26, 9, 9, 0, 0, 8, 0, 0, 0, 0, 0, 0, 0, 0
23, 30, 28, 9, 11, 0, 0, 8, 0, 0, 0, 0, 0, 0, 0, 0
23, 31, 23, 9, 10, 0, 0, 4, 0, 0, 0, 0, 0, 0, 0, 0
23, 62, 0, 0, 0, 0, 0, 0, 0, 0, 0, 0, 0, 0, 0, 0
23, 63, 23, 9, 0, 0, 0, 14, 0, 0, 0, 0, 0, 0, 0, 0
24, 0, 109, 12, 63, 0, 0, 16, 0, 0, 0, 0, 0, 0, 0, 18
24, 1, 57, 9, 35, 0, 0, 6, 0, 0, 0, 0, 0, 0, 0, 7
24, 2, 85, 9, 26, 5, 10, 6, 15, 0, 0, 0, 0, 0, 0, 14
24, 3, 62, 9, 30, 0, 0, 10, 0, 0, 0, 0, 0, 0, 0, 13
24, 4, 40, 9, 13, 0, 0, 6, 0, 0, 0, 0, 0, 0, 0, 12
24, 5, 29, 6, 11, 0, 0, 8, 0, 0, 0, 0, 0, 0, 0, 4
24, 6, 48, 12, 29, 0, 0, 4, 0, 0, 0, 0, 0, 0, 0, 3
24, 7, 55, 12, 28, 0, 0, 8, 0, 0, 0, 0, 0, 0, 0, 7
24, 8, 47, 9, 22, 0, 0, 8, 0, 0, 0, 0, 0, 0, 0, 8
24, 9, 84, 9, 28, 0, 0, 10, 15, 0, 0, 0, 0, 0, 0, 22
24, 10, 29, 9, 12, 0, 0, 8, 0, 0, 0, 0, 0, 0, 0, 0
24, 11, 26, 9, 11, 0, 0, 6, 0, 0, 0, 0, 0, 0, 0, 0
24, 12, 25, 9, 12, 0, 0, 4, 0, 0, 0, 0, 0, 0, 0, 0
24, 13, 26, 9, 11, 0, 0, 6, 0, 0, 0, 0, 0, 0, 0, 0
24, 14, 28, 9, 11, 0, 0, 8, 0, 0, 0, 0, 0, 0, 0, 0
24, 15, 27, 9, 10, 0, 0, 8, 0, 0, 0, 0, 0, 0, 0, 0
24, 16, 25, 9, 10, 0, 0, 6, 0, 0, 0, 0, 0, 0, 0, 0
24, 17, 26, 9, 11, 0, 0, 6, 0, 0, 0, 0, 0, 0, 0, 0
24, 18, 27, 9, 12, 0, 0, 6, 0, 0, 0, 0, 0, 0, 0, 0
24, 19, 25, 9, 10, 0, 0, 6, 0, 0, 0, 0, 0, 0, 0, 0
24, 20, 26, 9, 11, 0, 0, 6, 0, 0, 0, 0, 0, 0, 0, 0
24, 21, 25, 9, 10, 0, 0, 6, 0, 0, 0, 0, 0, 0, 0, 0
24, 22, 28, 9, 11, 0, 0, 8, 0, 0, 0, 0, 0, 0, 0, 0
24, 23, 27, 9, 10, 0, 0, 8, 0, 0, 0, 0, 0, 0, 0, 0
24, 24, 25, 9, 12, 0, 0, 4, 0, 0, 0, 0, 0, 0, 0, 0
24, 25, 24, 9, 11, 0, 0, 4, 0, 0, 0, 0, 0, 0, 0, 0
24, 26, 27, 9, 10, 0, 0, 8, 0, 0, 0, 0, 0, 0, 0, 0
24, 27, 22, 9, 9, 0, 0, 4, 0, 0, 0, 0, 0, 0, 0, 0
24, 28, 26, 9, 11, 0, 0, 6, 0, 0, 0, 0, 0, 0, 0, 0
24, 29, 26, 9, 9, 0, 0, 8, 0, 0, 0, 0, 0, 0, 0, 0
24, 30, 28, 9, 11, 0, 0, 8, 0, 0, 0, 0, 0, 0, 0, 0
24, 31, 24, 9, 11, 0, 0, 4, 0, 0, 0, 0, 0, 0, 0, 0
24, 62, 0, 0, 0, 0, 0, 0, 0, 0, 0, 0, 0, 0, 0, 0
24, 63, 23, 9, 0, 0, 0, 14, 0, 0, 0, 0, 0, 0, 0, 0
25, 0, 114, 12, 68, 0, 0, 16, 0, 0, 0, 0, 0, 0, 0, 18
25, 1, 60, 9, 36, 0, 0, 8, 0, 0, 0, 0, 0, 0, 0, 7
25, 2, 90, 9, 29, 5, 10, 8, 15, 0, 0, 0, 0, 0, 0, 14
25, 3, 68, 9, 31, 0, 0, 12, 0, 0, 0, 0, 0, 0, 0, 16
25, 4, 40, 9, 13, 0, 0, 6, 0, 0, 0, 0, 0, 0, 0, 12
25, 5, 29, 6, 11, 0, 0, 8, 0, 0, 0, 0, 0, 0, 0, 4
25, 6, 54, 12, 35, 0, 0, 4, 0, 0, 0, 0, 0, 0, 0, 3
25, 7, 67, 12, 34, 0, 0, 8, 0, 0, 0, 0, 0, 0, 0, 13
25, 8, 50, 12, 22, 0, 0, 8, 0, 0, 0, 0, 0, 0, 0, 8
25, 9, 85, 9, 27, 0, 0, 12, 15, 0, 0, 0, 0, 0, 0, 22
25, 10, 29, 9, 12, 0, 0, 8, 0, 0, 0, 0, 0, 0, 0, 0
25, 11, 27, 9, 12, 0, 0, 6, 0, 0, 0, 0, 0, 0, 0, 0
25, 12, 25, 9, 12, 0, 0, 4, 0, 0, 0, 0, 0, 0, 0, 0
25, 13, 26, 9, 11, 0, 0, 6, 0, 0, 0, 0, 0, 0, 0, 0
25, 14, 28, 9, 11, 0, 0, 8, 0, 0, 0, 0, 0, 0, 0, 0
25, 15, 27, 9, 10, 0, 0, 8, 0, 0, 0, 0, 0, 0, 0, 0
25, 16, 27, 9, 10, 0, 0, 8, 0, 0, 0, 0, 0, 0, 0, 0
25, 17, 26, 9, 11, 0, 0, 6, 0, 0, 0, 0, 0, 0, 0, 0
25, 18, 27, 9, 12, 0, 0, 6, 0, 0, 0, 0, 0, 0, 0, 0
25, 19, 27, 9, 10, 0, 0, 8, 0, 0, 0, 0, 0, 0, 0, 0
25, 20, 26, 9, 11, 0, 0, 6, 0, 0, 0, 0, 0, 0, 0, 0
25, 21, 25, 9, 10, 0, 0, 6, 0, 0, 0, 0, 0, 0, 0, 0
25, 22, 28, 9, 11, 0, 0, 8, 0, 0, 0, 0, 0, 0, 0, 0
25, 23, 27, 9, 10, 0, 0, 8, 0, 0, 0, 0, 0, 0, 0, 0
25, 24, 25, 9, 12, 0, 0, 4, 0, 0, 0, 0, 0, 0, 0, 0
25, 25, 24, 9, 11, 0, 0, 4, 0, 0, 0, 0, 0, 0, 0, 0
25, 26, 27, 9, 10, 0, 0, 8, 0, 0, 0, 0, 0, 0, 0, 0
25, 27, 24, 9, 9, 0, 0, 6, 0, 0, 0, 0, 0, 0, 0, 0
25, 28, 26, 9, 11, 0, 0, 6, 0, 0, 0, 0, 0, 0, 0, 0
25, 29, 27, 9, 10, 0, 0, 8, 0, 0, 0, 0, 0, 0, 0, 0
25, 30, 28, 9, 11, 0, 0, 8, 0, 0, 0, 0, 0, 0, 0, 0
25, 31, 24, 9, 11, 0, 0, 4, 0, 0, 0, 0, 0, 0, 0, 0
25, 62, 0, 0, 0, 0, 0, 0, 0, 0, 0, 0, 0, 0, 0, 0
25, 63, 25, 9, 0, 0, 0, 16, 0, 0, 0, 0, 0, 0, 0, 0
26, 0, 128, 15, 77, 0, 0, 18, 0, 0, 0, 0, 0, 0, 0, 18
26, 1, 60, 9, 36, 0, 0, 8, 0, 0, 0, 0, 0, 0, 0, 7
26, 2, 93, 12, 29, 5, 10, 8, 15, 0, 0, 0, 0, 0, 0, 14
26, 3, 71, 12, 31, 0, 0, 12, 0, 0, 0, 0, 0, 0, 0, 16
26, 4, 40, 9, 13, 0, 0, 6, 0, 0, 0, 0, 0, 0, 0, 12
26, 5, 32, 6, 12, 0, 0, 10, 0, 0, 0, 0, 0, 0, 0, 4
26, 6, 54, 12, 35, 0, 0, 4, 0, 0, 0, 0, 0, 0, 0, 3
26, 7, 67, 12, 34, 0, 0, 8, 0, 0, 0, 0, 0, 0, 0, 13
26, 8, 50, 12, 22, 0, 0, 8, 0, 0, 0, 0, 0, 0, 0, 8
26, 9, 85, 9, 27, 0, 0, 12, 15, 0, 0, 0, 0, 0, 0, 22
26, 10, 32, 12, 12, 0, 0, 8, 0, 0, 0, 0, 0, 0, 0, 0
26, 11, 30, 12, 12, 0, 0, 6, 0, 0, 0, 0, 0, 0, 0, 0
26, 12, 28, 12, 12, 0, 0, 4, 0, 0, 0, 0, 0, 0, 0, 0
26, 13, 29, 12, 11, 0, 0, 6, 0, 0, 0, 0, 0, 0, 0, 0
26, 14, 31, 12, 11, 0, 0, 8, 0, 0, 0, 0, 0, 0, 0, 0
26, 15, 30, 12, 10, 0, 0, 8, 0, 0, 0, 0, 0, 0, 0, 0
26, 16, 30, 12, 10, 0, 0, 8, 0, 0, 0, 0, 0, 0, 0, 0
26, 17, 32, 12, 12, 0, 0, 8, 0, 0, 0, 0, 0, 0, 0, 0
26, 18, 31, 12, 13, 0, 0, 6, 0, 0, 0, 0, 0, 0, 0, 0
26, 19, 32, 12, 10, 0, 0, 10, 0, 0, 0, 0, 0, 0, 0, 0
26, 20, 29, 12, 11, 0, 0, 6, 0, 0, 0, 0, 0, 0, 0, 0
26, 21, 28, 12, 10, 0, 0, 6, 0, 0, 0, 0, 0, 0, 0, 0
26, 22, 31, 12, 11, 0, 0, 8, 0, 0, 0, 0, 0, 0, 0, 0
26, 23, 30, 12, 10, 0, 0, 8, 0, 0, 0, 0, 0, 0, 0, 0
26, 24, 30, 12, 12, 0, 0, 6, 0, 0, 0, 0, 0, 0, 0, 0
26, 25, 29, 12, 11, 0, 0, 6, 0, 0, 0, 0, 0, 0, 0, 0
26, 26, 30, 12, 10, 0, 0, 8, 0, 0, 0, 0, 0, 0, 0, 0
26, 27, 27, 12, 9, 0, 0, 6, 0, 0, 0, 0, 0, 0, 0, 0
26, 28, 29, 12, 11, 0, 0, 6, 0, 0, 0, 0, 0, 0, 0, 0
26, 29, 30, 12, 10, 0, 0, 8, 0, 0, 0, 0, 0, 0, 0, 0
26, 30, 32, 12, 12, 0, 0, 8, 0, 0, 0, 0, 0, 0, 0, 0
26, 31, 27, 12, 11, 0, 0, 4, 0, 0, 0, 0, 0, 0, 0, 0
26, 62, 0, 0, 0, 0, 0, 0, 0, 0, 0, 0, 0, 0, 0, 0
26, 63, 28, 12, 0, 0, 0, 16, 0, 0, 0, 0, 0, 0, 0, 0
27, 0, 134, 15, 79, 0, 0, 20, 0, 0, 0, 0, 0, 0, 0, 20
27, 1, 62, 9, 38, 0, 0, 8, 0, 0, 0, 0, 0, 0, 0, 7
27, 2, 94, 12, 30, 5, 10, 8, 15, 0, 0, 0, 0, 0, 0, 14
27, 3, 71, 12, 31, 0, 0, 12, 0, 0, 0, 0, 0, 0, 0, 16
27, 4, 41, 9, 13, 0, 0, 6, 0, 0, 0, 0, 0, 0, 0, 13
27, 5, 32, 6, 12, 0, 0, 10, 0, 0, 0, 0, 0, 0, 0, 4
27, 6, 55, 12, 36, 0, 0, 4, 0, 0, 0, 0, 0, 0, 0, 3
27, 7, 73, 15, 37, 0, 0, 8, 0, 0, 0, 0, 0, 0, 0, 13
27, 8, 50, 12, 22, 0, 0, 8, 0, 0, 0, 0, 0, 0, 0, 8
27, 9, 85, 9, 27, 0, 0, 12, 15, 0, 0, 0, 0, 0, 0, 22
27, 10, 32, 12, 12, 0, 0, 8, 0, 0, 0, 0, 0, 0, 0, 0
27, 11, 30, 12, 12, 0, 0, 6, 0, 0, 0, 0, 0, 0, 0, 0
27, 12, 28, 12, 12, 0, 0, 4, 0, 0, 0, 0, 0, 0, 0, 0
27, 13, 29, 12, 11, 0, 0, 6, 0, 0, 0, 0, 0, 0, 0, 0
27, 14, 33, 12, 11, 0, 0, 10, 0, 0, 0, 0, 0, 0, 0, 0
27, 15, 30, 12, 10, 0, 0, 8, 0, 0, 0, 0, 0, 0, 0, 0
27, 16, 30, 12, 10, 0, 0, 8, 0, 0, 0, 0, 0, 0, 0, 0
27, 17, 34, 12, 12, 0, 0, 10, 0, 0, 0, 0, 0, 0, 0, 0
27, 18, 32, 12, 14, 0, 0, 6, 0, 0, 0, 0, 0, 0, 0, 0
27, 19, 34, 12, 10, 0, 0, 12, 0, 0, 0, 0, 0, 0, 0, 0
27, 20, 29, 12, 11, 0, 0, 6, 0, 0, 0, 0, 0, 0, 0, 0
27, 21, 28, 12, 10, 0, 0, 6, 0, 0, 0, 0, 0, 0, 0, 0
27, 22, 31, 12, 11, 0, 0, 8, 0, 0, 0, 0, 0, 0, 0, 0
27, 23, 30, 12, 10, 0, 0, 8, 0, 0, 0, 0, 0, 0, 0, 0
27, 24, 30, 12, 12, 0, 0, 6, 0, 0, 0, 0, 0, 0, 0, 0
27, 25, 31, 12, 11, 0, 0, 8, 0, 0, 0, 0, 0, 0, 0, 0
27, 26, 30, 12, 10, 0, 0, 8, 0, 0, 0, 0, 0, 0, 0, 0
27, 27, 28, 12, 10, 0, 0, 6, 0, 0, 0, 0, 0, 0, 0, 0
27, 28, 29, 12, 11, 0, 0, 6, 0, 0, 0, 0, 0, 0, 0, 0
27, 29, 30, 12, 10, 0, 0, 8, 0, 0, 0, 0, 0, 0, 0, 0
27, 30, 32, 12, 12, 0, 0, 8, 0, 0, 0, 0, 0, 0, 0, 0
27, 31, 29, 12, 11, 0, 0, 6, 0, 0, 0, 0, 0, 0, 0, 0
27, 62, 0, 0, 0, 0, 0, 0, 0, 0, 0, 0, 0, 0, 0, 0
27, 63, 28, 12, 0, 0, 0, 16, 0, 0, 0, 0, 0, 0, 0, 0
28, 0, 135, 15, 80, 0, 0, 20, 0, 0, 0, 0, 0, 0, 0, 20
28, 1, 65, 12, 38, 0, 0, 8, 0, 0, 0, 0, 0, 0, 0, 7
28, 2, 97, 12, 32, 5, 10, 8, 15, 0, 0, 0, 0, 0, 0, 15
28, 3, 72, 12, 31, 0, 0, 12, 0, 0, 0, 0, 0, 0, 0, 17
28, 4, 44, 12, 13, 0, 0, 6, 0, 0, 0, 0, 0, 0, 0, 13
28, 5, 37, 6, 14, 0, 0, 10, 0, 0, 0, 0, 0, 0, 0, 7
28, 6, 59, 15, 37, 0, 0, 4, 0, 0, 0, 0, 0, 0, 0, 3
28, 7, 73, 15, 37, 0, 0, 8, 0, 0, 0, 0, 0, 0, 0, 13
28, 8, 51, 12, 23, 0, 0, 8, 0, 0, 0, 0, 0, 0, 0, 8
28, 9, 90, 12, 29, 0, 0, 12, 15, 0, 0, 0, 0, 0, 0, 22
28, 10, 32, 12, 12, 0, 0, 8, 0, 0, 0, 0, 0, 0, 0, 0
28, 11, 30, 12, 12, 0, 0, 6, 0, 0, 0, 0, 0, 0, 0, 0
28, 12, 28, 12, 12, 0, 0, 4, 0, 0, 0, 0, 0, 0, 0, 0
28, 13, 30, 12, 12, 0, 0, 6, 0, 0, 0, 0, 0, 0, 0, 0
28, 14, 35, 12, 11, 0, 0, 12, 0, 0, 0, 0, 0, 0, 0, 0
28, 15, 30, 12, 10, 0, 0, 8, 0, 0, 0, 0, 0, 0, 0, 0
28, 16, 30, 12, 10, 0, 0, 8, 0, 0, 0, 0, 0, 0, 0, 0
28, 17, 36, 12, 12, 0, 0, 12, 0, 0, 0, 0, 0, 0, 0, 0
28, 18, 32, 12, 14, 0, 0, 6, 0, 0, 0, 0, 0, 0, 0, 0
28, 19, 34, 12, 10, 0, 0, 12, 0, 0, 0, 0, 0, 0, 0, 0
28, 20, 29, 12, 11, 0, 0, 6, 0, 0, 0, 0, 0, 0, 0, 0
28, 21, 28, 12, 10, 0, 0, 6, 0, 0, 0, 0, 0, 0, 0, 0
28, 22, 31, 12, 11, 0, 0, 8, 0, 0, 0, 0, 0, 0, 0, 0
28, 23, 30, 12, 10, 0, 0, 8, 0, 0, 0, 0, 0, 0, 0, 0
28, 24, 30, 12, 12, 0, 0, 6, 0, 0, 0, 0, 0, 0, 0, 0
28, 25, 34, 12, 12, 0, 0, 10, 0, 0, 0, 0, 0, 0, 0, 0
28, 26, 32, 12, 10, 0, 0, 10, 0, 0, 0, 0, 0, 0, 0, 0
28, 27, 28, 12, 10, 0, 0, 6, 0, 0, 0, 0, 0, 0, 0, 0
28, 28, 29, 12, 11, 0, 0, 6, 0, 0, 0, 0, 0, 0, 0, 0
28, 29, 30, 12, 10, 0, 0, 8, 0, 0, 0, 0, 0, 0, 0, 0
28, 30, 32, 12, 12, 0, 0, 8, 0, 0, 0, 0, 0, 0, 0, 0
28, 31, 31, 12, 11, 0, 0, 8, 0, 0, 0, 0, 0, 0, 0, 0
28, 62, 0, 0, 0, 0, 0, 0, 0, 0, 0, 0, 0, 0, 0, 0
28, 63, 28, 12, 0, 0, 0, 16, 0, 0, 0, 0, 0, 0, 0, 0
29, 0, 162, 15, 95, 5, 0, 22, 0, 0, 0, 0, 0, 0, 0, 25
29, 1, 66, 12, 39, 0, 0, 8, 0, 0, 0, 0, 0, 0, 0, 7
29, 2, 98, 12, 32, 5, 10, 8, 15, 0, 0, 0, 0, 0, 0, 16
29, 3, 75, 12, 32, 0, 0, 14, 0, 0, 0, 0, 0, 0, 0, 17
29, 4, 49, 12, 13, 0, 0, 8, 0, 0, 0, 0, 0, 0, 0, 16
29, 5, 37, 6, 14, 0, 0, 10, 0, 0, 0, 0, 0, 0, 0, 7
29, 6, 59, 15, 37, 0, 0, 4, 0, 0, 0, 0, 0, 0, 0, 3
29, 7, 74, 15, 38, 0, 0, 8, 0, 0, 0, 0, 0, 0, 0, 13
29, 8, 51, 12, 23, 0, 0, 8, 0, 0, 0, 0, 0, 0, 0, 8
29, 9, 92, 12, 31, 0, 0, 12, 15, 0, 0, 0, 0, 0, 0, 22
29, 10, 33, 12, 13, 0, 0, 8, 0, 0, 0, 0, 0, 0, 0, 0
29, 11, 31, 12, 13, 0, 0, 6, 0, 0, 0, 0, 0, 0, 0, 0
29, 12, 31, 12, 13, 0, 0, 6, 0, 0, 0, 0, 0, 0, 0, 0
29, 13, 30, 12, 12, 0, 0, 6, 0, 0, 0, 0, 0, 0, 0, 0
29, 14, 37, 12, 11, 0, 0, 14, 0, 0, 0, 0, 0, 0, 0, 0
29, 15, 32, 12, 10, 0, 0, 10, 0, 0, 0, 0, 0, 0, 0, 0
29, 16, 30, 12, 10, 0, 0, 8, 0, 0, 0, 0, 0, 0, 0, 0
29, 17, 36, 12, 12, 0, 0, 12, 0, 0, 0, 0, 0, 0, 0, 0
29, 18, 32, 12, 14, 0, 0, 6, 0, 0, 0, 0, 0, 0, 0, 0
29, 19, 36, 12, 10, 0, 0, 14, 0, 0, 0, 0, 0, 0, 0, 0
29, 20, 30, 12, 12, 0, 0, 6, 0, 0, 0, 0, 0, 0, 0, 0
29, 21, 28, 12, 10, 0, 0, 6, 0, 0, 0, 0, 0, 0, 0, 0
29, 22, 31, 12, 11, 0, 0, 8, 0, 0, 0, 0, 0, 0, 0, 0
29, 23, 32, 12, 10, 0, 0, 10, 0, 0, 0, 0, 0, 0, 0, 0
29, 24, 30, 12, 12, 0, 0, 6, 0, 0, 0, 0, 0, 0, 0, 0
29, 25, 36, 12, 12, 0, 0, 12, 0, 0, 0, 0, 0, 0, 0, 0
29, 26, 32, 12, 10, 0, 0, 10, 0, 0, 0, 0, 0, 0, 0, 0
29, 27, 29, 12, 11, 0, 0, 6, 0, 0, 0, 0, 0, 0, 0, 0
29, 28, 29, 12, 11, 0, 0, 6, 0, 0, 0, 0, 0, 0, 0, 0
29, 29, 30, 12, 10, 0, 0, 8, 0, 0, 0, 0, 0, 0, 0, 0
29, 30, 34, 12, 12, 0, 0, 10, 0, 0, 0, 0, 0, 0, 0, 0
29, 31, 33, 12, 11, 0, 0, 10, 0, 0, 0, 0, 0, 0, 0, 0
29, 62, 0, 0, 0, 0, 0, 0, 0, 0, 0, 0, 0, 0, 0, 0
29, 63, 28, 12, 0, 0, 0, 16, 0, 0, 0, 0, 0, 0, 0, 0
30, 0, 185, 15, 97, 5, 0, 24, 15, 0, 0, 0, 0, 0, 0, 29
30, 1, 67, 12, 40, 0, 0, 8, 0, 0, 0, 0, 0, 0, 0, 7
30, 2, 103, 15, 34, 5, 10, 8, 15, 0, 0, 0, 0, 0, 0, 16
30, 3, 78, 15, 32, 0, 0, 14, 0, 0, 0, 0, 0, 0, 0, 17
30, 4, 49, 12, 13, 0, 0, 8, 0, 0, 0, 0, 0, 0, 0, 16
30, 5, 42, 9, 15, 0, 0, 10, 0, 0, 0, 0, 0, 0, 0, 8
30, 6, 60, 15, 38, 0, 0, 4, 0, 0, 0, 0, 0, 0, 0, 3
30, 7, 78, 18, 39, 0, 0, 8, 0, 0, 0, 0, 0, 0, 0, 13
30, 8, 54, 15, 23, 0, 0, 8, 0, 0, 0, 0, 0, 0, 0, 8
30, 9, 99, 12, 38, 0, 0, 12, 15, 0, 0, 0, 0, 0, 0, 22
30, 10, 36, 15, 13, 0, 0, 8, 0, 0, 0, 0, 0, 0, 0, 0
30, 11, 34, 15, 13, 0, 0, 6, 0, 0, 0, 0, 0, 0, 0, 0
30, 12, 37, 15, 14, 0, 0, 8, 0, 0, 0, 0, 0, 0, 0, 0
30, 13, 33, 15, 12, 0, 0, 6, 0, 0, 0, 0, 0, 0, 0, 0
30, 14, 40, 15, 11, 0, 0, 14, 0, 0, 0, 0, 0, 0, 0, 0
30, 15, 35, 15, 10, 0, 0, 10, 0, 0, 0, 0, 0, 0, 0, 0
30, 16, 33, 15, 10, 0, 0, 8, 0, 0, 0, 0, 0, 0, 0, 0
30, 17, 39, 15, 12, 0, 0, 12, 0, 0, 0, 0, 0, 0, 0, 0
30, 18, 35, 15, 14, 0, 0, 6, 0, 0, 0, 0, 0, 0, 0, 0
30, 19, 39, 15, 10, 0, 0, 14, 0, 0, 0, 0, 0, 0, 0, 0
30, 20, 33, 15, 12, 0, 0, 6, 0, 0, 0, 0, 0, 0, 0, 0
30, 21, 32, 15, 11, 0, 0, 6, 0, 0, 0, 0, 0, 0, 0, 0
30, 22, 34, 15, 11, 0, 0, 8, 0, 0, 0, 0, 0, 0, 0, 0
30, 23, 38, 15, 11, 0, 0, 12, 0, 0, 0, 0, 0, 0, 0, 0
30, 24, 34, 15, 13, 0, 0, 6, 0, 0, 0, 0, 0, 0, 0, 0
30, 25, 41, 15, 12, 0, 0, 14, 0, 0, 0, 0, 0, 0, 0, 0
30, 26, 36, 15, 11, 0, 0, 10, 0, 0, 0, 0, 0, 0, 0, 0
30, 27, 32, 15, 11, 0, 0, 6, 0, 0, 0, 0, 0, 0, 0, 0
30, 28, 32, 15, 11, 0, 0, 6, 0, 0, 0, 0, 0, 0, 0, 0
30, 29, 33, 15, 10, 0, 0, 8, 0, 0, 0, 0, 0, 0, 0, 0
30, 30, 39, 15, 12, 0, 0, 12, 0, 0, 0, 0, 0, 0, 0, 0
30, 31, 38, 15, 11, 0, 0, 12, 0, 0, 0, 0, 0, 0, 0, 0
30, 62, 0, 0, 0, 0, 0, 0, 0, 0, 0, 0, 0, 0, 0, 0
30, 63, 31, 15, 0, 0, 0, 16, 0, 0, 0, 0, 0, 0, 0, 0
31, 0, 187, 15, 99, 5, 0, 24, 15, 0, 0, 0, 0, 0, 0, 29
31, 1, 70, 15, 40, 0, 0, 8, 0, 0, 0, 0, 0, 0, 0, 7
31, 2, 103, 15, 34, 5, 10, 8, 15, 0, 0, 0, 0, 0, 0, 16
31, 3, 81, 15, 33, 0, 0, 14, 0, 0, 0, 0, 0, 0, 0, 19
31, 4, 49, 12, 13, 0, 0, 8, 0, 0, 0, 0, 0, 0, 0, 16
31, 5, 42, 9, 15, 0, 0, 10, 0, 0, 0, 0, 0, 0, 0, 8
31, 6, 63, 15, 38, 0, 0, 4, 0, 0, 0, 0, 0, 0, 0, 6
31, 7, 80, 18, 40, 0, 0, 8, 0, 0, 0, 0, 0, 0, 0, 14
31, 8, 57, 15, 23, 0, 0, 10, 0, 0, 0, 0, 0, 0, 0, 9
31, 9, 103, 12, 39, 0, 0, 14, 15, 0, 0, 0, 0, 0, 0, 23
31, 10, 36, 15, 13, 0, 0, 8, 0, 0, 0, 0, 0, 0, 0, 0
31, 11, 34, 15, 13, 0, 0, 6, 0, 0, 0, 0, 0, 0, 0, 0
31, 12, 39, 15, 14, 0, 0, 10, 0, 0, 0, 0, 0, 0, 0, 0
31, 13, 33, 15, 12, 0, 0, 6, 0, 0, 0, 0, 0, 0, 0, 0
31, 14, 40, 15, 11, 0, 0, 14, 0, 0, 0, 0, 0, 0, 0, 0
31, 15, 35, 15, 10, 0, 0, 10, 0, 0, 0, 0, 0, 0, 0, 0
31, 16, 34, 15, 11, 0, 0, 8, 0, 0, 0, 0, 0, 0, 0, 0
31, 17, 39, 15, 12, 0, 0, 12, 0, 0, 0, 0, 0, 0, 0, 0
31, 18, 35, 15, 14, 0, 0, 6, 0, 0, 0, 0, 0, 0, 0, 0
31, 19, 39, 15, 10, 0, 0, 14, 0, 0, 0, 0, 0, 0, 0, 0
31, 20, 34, 15, 13, 0, 0, 6, 0, 0, 0, 0, 0, 0, 0, 0
31, 21, 32, 15, 11, 0, 0, 6, 0, 0, 0, 0, 0, 0, 0, 0
31, 22, 36, 15, 11, 0, 0, 10, 0, 0, 0, 0, 0, 0, 0, 0
31, 23, 38, 15, 11, 0, 0, 12, 0, 0, 0, 0, 0, 0, 0, 0
31, 24, 35, 15, 14, 0, 0, 6, 0, 0, 0, 0, 0, 0, 0, 0
31, 25, 41, 15, 12, 0, 0, 14, 0, 0, 0, 0, 0, 0, 0, 0
31, 26, 36, 15, 11, 0, 0, 10, 0, 0, 0, 0, 0, 0, 0, 0
31, 27, 32, 15, 11, 0, 0, 6, 0, 0, 0, 0, 0, 0, 0, 0
31, 28, 32, 15, 11, 0, 0, 6, 0, 0, 0, 0, 0, 0, 0, 0
31, 29, 33, 15, 10, 0, 0, 8, 0, 0, 0, 0, 0, 0, 0, 0
31, 30, 41, 15, 12, 0, 0, 14, 0, 0, 0, 0, 0, 0, 0, 0
31, 31, 40, 15, 11, 0, 0, 14, 0, 0, 0, 0, 0, 0, 0, 0
31, 62, 0, 0, 0, 0, 0, 0, 0, 0, 0, 0, 0, 0, 0, 0
31, 63, 31, 15, 0, 0, 0, 16, 0, 0, 0, 0, 0, 0, 0, 0
32, 0, 198, 18, 100, 5, 0, 26, 15, 0, 0, 0, 0, 0, 0, 34
32, 1, 71, 15, 41, 0, 0, 8, 0, 0, 0, 0, 0, 0, 0, 7
32, 2, 107, 15, 36, 5, 12, 8, 15, 0, 0, 0, 0, 0, 0, 16
32, 3, 82, 15, 34, 0, 0, 14, 0, 0, 0, 0, 0, 0, 0, 19
32, 4, 52, 15, 13, 0, 0, 8, 0, 0, 0, 0, 0, 0, 0, 16
32, 5, 44, 9, 15, 0, 0, 12, 0, 0, 0, 0, 0, 0, 0, 8
32, 6, 65, 15, 39, 0, 0, 4, 0, 0, 0, 0, 0, 0, 0, 7
32, 7, 83, 18, 40, 0, 0, 10, 0, 0, 0, 0, 0, 0, 0, 15
32, 8, 60, 15, 23, 0, 0, 12, 0, 0, 0, 0, 0, 0, 0, 10
32, 9, 108, 15, 40, 0, 0, 14, 15, 0, 0, 0, 0, 0, 0, 24
32, 10, 36, 15, 13, 0, 0, 8, 0, 0, 0, 0, 0, 0, 0, 0
32, 11, 34, 15, 13, 0, 0, 6, 0, 0, 0, 0, 0, 0, 0, 0
32, 12, 41, 15, 14, 0, 0, 12, 0, 0, 0, 0, 0, 0, 0, 0
32, 13, 33, 15, 12, 0, 0, 6, 0, 0, 0, 0, 0, 0, 0, 0
32, 14, 41, 15, 12, 0, 0, 14, 0, 0, 0, 0, 0, 0, 0, 0
32, 15, 36, 15, 11, 0, 0, 10, 0, 0, 0, 0, 0, 0, 0, 0
32, 16, 34, 15, 11, 0, 0, 8, 0, 0, 0, 0, 0, 0, 0, 0
32, 17, 39, 15, 12, 0, 0, 12, 0, 0, 0, 0, 0, 0, 0, 0
32, 18, 37, 15, 14, 0, 0, 8, 0, 0, 0, 0, 0, 0, 0, 0
32, 19, 39, 15, 10, 0, 0, 14, 0, 0, 0, 0, 0, 0, 0, 0
32, 20, 34, 15, 13, 0, 0, 6, 0, 0, 0, 0, 0, 0, 0, 0
32, 21, 32, 15, 11, 0, 0, 6, 0, 0, 0, 0, 0, 0, 0, 0
32, 22, 36, 15, 11, 0, 0, 10, 0, 0, 0, 0, 0, 0, 0, 0
32, 23, 38, 15, 11, 0, 0, 12, 0, 0, 0, 0, 0, 0, 0, 0
32, 24, 35, 15, 14, 0, 0, 6, 0, 0, 0, 0, 0, 0, 0, 0
32, 25, 42, 15, 13, 0, 0, 14, 0, 0, 0, 0, 0, 0, 0, 0
32, 26, 36, 15, 11, 0, 0, 10, 0, 0, 0, 0, 0, 0, 0, 0
32, 27, 32, 15, 11, 0, 0, 6, 0, 0, 0, 0, 0, 0, 0, 0
32, 28, 32, 15, 11, 0, 0, 6, 0, 0, 0, 0, 0, 0, 0, 0
32, 29, 33, 15, 10, 0, 0, 8, 0, 0, 0, 0, 0, 0, 0, 0
32, 30, 41, 15, 12, 0, 0, 14, 0, 0, 0, 0, 0, 0, 0, 0
32, 31, 41, 15, 12, 0, 0, 14, 0, 0, 0, 0, 0, 0, 0, 0
32, 62, 0, 0, 0, 0, 0, 0, 0, 0, 0, 0, 0, 0, 0, 0
32, 63, 31, 15, 0, 0, 0, 16, 0, 0, 0, 0, 0, 0, 0, 0
33, 0, 203, 18, 103, 5, 0, 28, 15, 0, 0, 0, 0, 0, 0, 34
