Game Turn, Player, Num Cities, Population, Techs, Civics, Land Units, corps, Armies, Naval Units, TILES: Owned, Improved, BALANCE: Gold, Faith, YIELDS: Science, Culture, Gold, Faith, Production, Food
5, CIVILIZATION_KONGO, 1, 1, 2, 1, 4, 0, 0, 0, 10, 1, 33625, 1, 4, 3, 9, 1, 5, 5
5, CIVILIZATION_KONGO, 1, 1, 0, 0, 5, 0, 0, 0, 7, 0, 51, 0, 3, 1, 10, 0, 14, 4
5, CIVILIZATION_OTTOMAN, 2, 2, 0, 0, 5, 0, 0, 0, 14, 1, 59, 0, 7, 2, 12, 0, 16, 9
5, CIVILIZATION_NUBIA, 1, 1, 0, 0, 5, 0, 0, 0, 7, 0, 80, 5, 3, 1, 10, 2, 10, 4
5, CIVILIZATION_KHMER, 1, 1, 0, 0, 5, 0, 0, 0, 8, 0, 59, 0, 3, 1, 10, 0, 12, 3
5, CIVILIZATION_HUNGARY, 1, 1, 0, 0, 6, 0, 0, 0, 7, 0, 51, 0, 5, 1, 10, 0, 12, 4
5, CIVILIZATION_GERMANY, 1, 1, 0, 0, 5, 0, 0, 0, 7, 2, 51, 0, 3, 1, 10, 0, 16, 4
5, CIVILIZATION_MONGOLIA, 1, 1, 0, 0, 5, 0, 0, 0, 7, 0, 51, 0, 3, 4, 10, 0, 10, 4
5, CIVILIZATION_ROME, 1, 1, 0, 0, 5, 0, 0, 0, 7, 1, 30, 2, 7, 4, 10, 1, 10, 4
5, CIVILIZATION_SUMERIA, 1, 1, 0, 0, 5, 0, 0, 0, 7, 1, 40, 0, 3, 4, 10, 0, 14, 5
5, CIVILIZATION_MEXICO_CITY, 1, 1, 0, 0, 5, 0, 0, 0, 7, 0, 31, 0, 2, 1, 5, 0, 2, 6
5, CIVILIZATION_NAN_MADOL, 1, 1, 0, 0, 5, 0, 0, 0, 7, 0, 31, 0, 2, 1, 5, 0, 2, 6
5, CIVILIZATION_BOLOGNA, 1, 1, 0, 0, 5, 0, 0, 0, 7, 0, 43, 0, 2, 1, 8, 0, 2, 4
5, CIVILIZATION_AKKAD, 1, 1, 0, 0, 5, 0, 0, 0, 7, 0, 43, 0, 2, 1, 8, 0, 3, 4
5, CIVILIZATION_JAKARTA, 1, 1, 0, 0, 5, 0, 0, 0, 7, 0, 31, 0, 4, 1, 5, 0, 2, 4
5, CIVILIZATION_VALLETTA, 1, 1, 0, 0, 5, 0, 0, 0, 7, 0, 31, 0, 2, 1, 5, 0, 3, 3
5, CIVILIZATION_BABYLON, 1, 1, 0, 0, 5, 0, 0, 0, 7, 0, 31, 0, 2, 1, 5, 0, 3, 3
5, CIVILIZATION_GENEVA, 1, 1, 0, 0, 5, 0, 0, 0, 7, 0, 31, 0, 2, 2, 5, 0, 3, 4
5, CIVILIZATION_ANTIOCH, 1, 1, 0, 0, 5, 0, 0, 0, 7, 0, 31, 0, 2, 1, 5, 0, 3, 6
5, CIVILIZATION_LA_VENTA, 1, 1, 0, 0, 5, 0, 0, 0, 7, 0, 31, 0, 3, 1, 5, 0, 2, 4
5, CIVILIZATION_CAHOKIA, 1, 1, 0, 0, 5, 0, 0, 0, 7, 0, 47, 0, 2, 1, 9, 0, 3, 4
5, CIVILIZATION_ANTANANARIVO, 1, 1, 0, 0, 5, 0, 0, 0, 7, 0, 31, 0, 2, 1, 5, 0, 3, 3
5, CIVILIZATION_VILNIUS, 1, 1, 0, 0, 5, 0, 0, 0, 7, 0, 81, 0, 2, 1, 5, 0, 2, 4
5, CIVILIZATION_GRANADA, 1, 1, 0, 0, 5, 0, 0, 0, 7, 0, 35, 0, 2, 1, 6, 0, 3, 3
5, CIVILIZATION_KABUL, 1, 1, 0, 0, 5, 0, 0, 0, 8, 0, 31, 0, 2, 1, 5, 0, 2, 6
5, CIVILIZATION_ZANZIBAR, 1, 1, 0, 0, 5, 0, 0, 0, 7, 0, 31, 0, 2, 1, 5, 0, 2, 6
5, CIVILIZATION_MOHENJO_DARO, 1, 1, 0, 0, 5, 0, 0, 0, 7, 0, 31, 0, 2, 1, 5, 0, 3, 3
5, CIVILIZATION_LISBON, 1, 1, 0, 0, 5, 0, 0, 0, 7, 0, 35, 0, 2, 1, 6, 0, 2, 3
5, CIVILIZATION_KANDY, 1, 1, 0, 0, 5, 0, 0, 0, 7, 0, 31, 0, 2, 2, 5, 0, 2, 4
5, CIVILIZATION_NGAZARGAMU, 1, 1, 0, 0, 5, 0, 0, 0, 7, 0, 35, 0, 2, 1, 6, 0, 2, 3
5, CIVILIZATION_HONG_KONG, 1, 1, 0, 0, 5, 0, 0, 0, 7, 0, 31, 0, 2, 1, 5, 0, 3, 5
5, CIVILIZATION_BRUSSELS, 1, 1, 0, 0, 5, 0, 0, 0, 7, 0, 35, 0, 2, 1, 6, 0, 3, 4
5, CIVILIZATION_FREE_CITIES, 0, 0, 0, 0, 0, 0, 0, 0, 0, 0, 0, 0, 0, 0, 0, 0, 0, 0
6, CIVILIZATION_KONGO, 1, 1, 4, 1, 4, 0, 0, 0, 10, 1, 33631, 2, 4, 3, 6, 1, 6, 5
6, CIVILIZATION_KONGO, 1, 1, 0, 0, 5, 0, 0, 0, 7, 0, 286, 0, 3, 1, 10, 0, 14, 4
6, CIVILIZATION_OTTOMAN, 2, 2, 0, 0, 5, 0, 0, 0, 14, 2, 336, 0, 7, 2, 12, 0, 16, 9
6, CIVILIZATION_NUBIA, 1, 1, 0, 0, 5, 0, 0, 0, 7, 1, 99, 8, 3, 1, 18, 2, 10, 4
6, CIVILIZATION_KHMER, 1, 1, 0, 1, 5, 0, 0, 0, 8, 0, 73, 1, 3, 6, 16, 1, 8, 2
6, CIVILIZATION_HUNGARY, 1, 1, 1, 0, 6, 0, 0, 0, 7, 0, 61, 0, 5, 1, 10, 0, 12, 4
6, CIVILIZATION_GERMANY, 2, 2, 0, 0, 5, 0, 0, 0, 14, 2, 61, 0, 4, 2, 10, 0, 22, 8
6, CIVILIZATION_MONGOLIA, 2, 2, 0, 0, 5, 0, 0, 0, 15, 0, 67, 0, 4, 5, 16, 0, 14, 8
6, CIVILIZATION_ROME, 1, 1, 0, 0, 5, 0, 0, 0, 7, 2, 40, 4, 7, 4, 10, 1, 14, 4
6, CIVILIZATION_SUMERIA, 1, 1, 0, 0, 5, 0, 0, 0, 7, 1, 51, 0, 3, 4, 10, 0, 10, 5
6, CIVILIZATION_MEXICO_CITY, 1, 2, 0, 0, 5, 0, 0, 0, 7, 0, 36, 0, 3, 1, 5, 0, 3, 7
6, CIVILIZATION_NAN_MADOL, 1, 2, 0, 0, 5, 0, 0, 0, 7, 0, 37, 0, 3, 1, 6, 0, 3, 7
6, CIVILIZATION_BOLOGNA, 1, 1, 0, 0, 5, 0, 0, 0, 9, 0, 51, 0, 2, 1, 8, 0, 3, 5
6, CIVILIZATION_AKKAD, 1, 1, 0, 0, 5, 0, 0, 0, 7, 0, 51, 0, 2, 1, 8, 0, 3, 4
6, CIVILIZATION_JAKARTA, 1, 1, 0, 0, 5, 0, 0, 0, 7, 0, 36, 0, 4, 1, 5, 0, 2, 4
6, CIVILIZATION_VALLETTA, 1, 1, 0, 0, 5, 0, 0, 0, 7, 0, 36, 0, 2, 1, 5, 0, 3, 3
6, CIVILIZATION_BABYLON, 1, 1, 0, 0, 5, 0, 0, 0, 7, 0, 36, 0, 2, 1, 5, 0, 3, 3
6, CIVILIZATION_GENEVA, 1, 1, 0, 0, 5, 0, 0, 0, 7, 0, 36, 0, 2, 2, 5, 0, 3, 4
6, CIVILIZATION_ANTIOCH, 1, 2, 0, 0, 5, 0, 0, 0, 7, 0, 36, 0, 3, 1, 5, 0, 4, 9
6, CIVILIZATION_LA_VENTA, 1, 1, 0, 0, 5, 0, 0, 0, 7, 0, 36, 0, 3, 1, 5, 0, 2, 4
6, CIVILIZATION_CAHOKIA, 1, 1, 0, 0, 5, 0, 0, 0, 7, 0, 57, 0, 2, 1, 9, 0, 3, 4
6, CIVILIZATION_ANTANANARIVO, 1, 1, 0, 0, 5, 0, 0, 0, 7, 0, 36, 0, 2, 1, 5, 0, 3, 3
6, CIVILIZATION_VILNIUS, 1, 1, 0, 0, 5, 0, 0, 0, 7, 0, 86, 0, 2, 1, 5, 0, 2, 4
6, CIVILIZATION_GRANADA, 1, 1, 0, 0, 5, 0, 0, 0, 7, 0, 41, 0, 2, 1, 6, 0, 3, 3
6, CIVILIZATION_KABUL, 1, 2, 0, 0, 5, 0, 0, 0, 8, 0, 37, 0, 3, 2, 6, 0, 3, 7
6, CIVILIZATION_ZANZIBAR, 1, 2, 0, 0, 5, 0, 0, 0, 7, 0, 37, 0, 3, 1, 6, 0, 3, 7
6, CIVILIZATION_MOHENJO_DARO, 1, 1, 0, 0, 5, 0, 0, 0, 8, 0, 36, 0, 2, 1, 5, 0, 3, 3
6, CIVILIZATION_LISBON, 1, 1, 0, 0, 5, 0, 0, 0, 7, 0, 41, 0, 2, 1, 6, 0, 2, 3
6, CIVILIZATION_KANDY, 1, 1, 0, 0, 5, 0, 0, 0, 7, 0, 36, 0, 2, 2, 5, 0, 2, 4
6, CIVILIZATION_NGAZARGAMU, 1, 1, 0, 0, 5, 0, 0, 0, 7, 0, 41, 0, 2, 1, 6, 0, 2, 3
6, CIVILIZATION_HONG_KONG, 1, 1, 0, 0, 5, 0, 0, 0, 7, 0, 36, 0, 2, 1, 5, 0, 3, 5
6, CIVILIZATION_BRUSSELS, 1, 1, 0, 0, 5, 0, 0, 0, 7, 0, 41, 0, 2, 1, 6, 0, 3, 4
6, CIVILIZATION_FREE_CITIES, 0, 0, 0, 0, 0, 0, 0, 0, 0, 0, 0, 0, 0, 0, 0, 0, 0, 0
7, CIVILIZATION_KONGO, 1, 1, 4, 1, 5, 0, 0, 0, 10, 2, 32867, 3, 6, 3, 6, 1, 7, 6
7, CIVILIZATION_KONGO, 2, 2, 0, 0, 6, 0, 0, 0, 15, 0, 106, 0, 4, 2, 10, 0, 22, 8
7, CIVILIZATION_OTTOMAN, 2, 2, 0, 0, 6, 0, 0, 0, 15, 3, 160, 0, 7, 2, 14, 0, 18, 10
7, CIVILIZATION_NUBIA, 2, 2, 0, 0, 6, 0, 0, 0, 14, 1, 119, 11, 4, 2, 20, 2, 16, 8
7, CIVILIZATION_KHMER, 1, 1, 0, 1, 5, 0, 0, 0, 8, 0, 85, 2, 3, 1, 12, 1, 12, 3
7, CIVILIZATION_HUNGARY, 1, 1, 1, 0, 6, 0, 0, 0, 7, 0, 71, 0, 5, 1, 10, 0, 12, 4
7, CIVILIZATION_GERMANY, 2, 2, 0, 0, 5, 0, 0, 0, 14, 3, 71, 0, 4, 2, 10, 0, 22, 8
7, CIVILIZATION_MONGOLIA, 2, 2, 0, 1, 5, 0, 0, 0, 15, 1, 83, 0, 4, 5, 16, 0, 18, 8
7, CIVILIZATION_ROME, 2, 2, 1, 1, 5, 0, 0, 0, 15, 2, 59, 7, 8, 7, 20, 2, 22, 7
7, CIVILIZATION_SUMERIA, 1, 1, 0, 0, 5, 0, 0, 0, 8, 1, 61, 0, 3, 4, 10, 0, 14, 5
7, CIVILIZATION_MEXICO_CITY, 1, 2, 0, 0, 5, 0, 0, 0, 7, 0, 41, 0, 3, 1, 5, 0, 3, 7
7, CIVILIZATION_NAN_MADOL, 1, 2, 0, 0, 5, 0, 0, 0, 7, 0, 43, 0, 3, 1, 6, 0, 3, 7
7, CIVILIZATION_BOLOGNA, 1, 1, 0, 0, 5, 0, 0, 0, 9, 0, 60, 0, 2, 1, 8, 0, 3, 5
7, CIVILIZATION_AKKAD, 1, 1, 0, 0, 5, 0, 0, 0, 7, 0, 60, 0, 2, 1, 8, 0, 3, 4
7, CIVILIZATION_JAKARTA, 1, 1, 1, 0, 5, 0, 0, 0, 7, 0, 41, 0, 4, 1, 5, 0, 2, 4
7, CIVILIZATION_VALLETTA, 1, 1, 0, 0, 5, 0, 0, 0, 7, 0, 41, 0, 2, 1, 5, 0, 3, 3
7, CIVILIZATION_BABYLON, 1, 1, 0, 0, 5, 0, 0, 0, 7, 0, 41, 0, 2, 1, 5, 0, 3, 3
7, CIVILIZATION_GENEVA, 1, 1, 0, 0, 5, 0, 0, 0, 7, 0, 41, 0, 2, 2, 5, 0, 3, 4
7, CIVILIZATION_ANTIOCH, 1, 2, 0, 0, 5, 0, 0, 0, 7, 0, 41, 0, 3, 1, 5, 0, 4, 9
7, CIVILIZATION_LA_VENTA, 1, 1, 0, 0, 5, 0, 0, 0, 7, 0, 41, 0, 3, 1, 5, 0, 2, 4
7, CIVILIZATION_CAHOKIA, 1, 1, 0, 0, 5, 0, 0, 0, 7, 0, 66, 0, 2, 1, 9, 0, 3, 4
7, CIVILIZATION_ANTANANARIVO, 1, 1, 0, 0, 5, 0, 0, 0, 7, 0, 41, 0, 2, 1, 5, 0, 3, 3
7, CIVILIZATION_VILNIUS, 1, 1, 0, 0, 5, 0, 0, 0, 8, 0, 92, 0, 2, 1, 6, 0, 2, 5
7, CIVILIZATION_GRANADA, 1, 1, 0, 0, 5, 0, 0, 0, 7, 0, 47, 0, 2, 1, 6, 0, 3, 3
7, CIVILIZATION_KABUL, 1, 2, 0, 0, 5, 0, 0, 0, 8, 0, 43, 0, 3, 2, 6, 0, 3, 7
7, CIVILIZATION_ZANZIBAR, 1, 2, 0, 0, 5, 0, 0, 0, 7, 0, 43, 0, 3, 1, 6, 0, 3, 7
7, CIVILIZATION_MOHENJO_DARO, 1, 1, 0, 0, 5, 0, 0, 0, 8, 0, 41, 0, 2, 1, 5, 0, 3, 3
7, CIVILIZATION_LISBON, 1, 1, 0, 0, 5, 0, 0, 0, 7, 0, 47, 0, 2, 1, 6, 0, 2, 3
7, CIVILIZATION_KANDY, 1, 1, 0, 0, 5, 0, 0, 0, 7, 0, 41, 0, 2, 2, 5, 0, 2, 4
7, CIVILIZATION_NGAZARGAMU, 1, 1, 0, 0, 5, 0, 0, 0, 7, 0, 47, 0, 2, 1, 6, 0, 2, 3
7, CIVILIZATION_HONG_KONG, 1, 2, 0, 0, 5, 0, 0, 0, 7, 0, 41, 0, 3, 1, 5, 0, 5, 6
7, CIVILIZATION_BRUSSELS, 1, 1, 0, 0, 5, 0, 0, 0, 7, 0, 47, 0, 2, 1, 6, 0, 3, 4
7, CIVILIZATION_FREE_CITIES, 0, 0, 0, 0, 0, 0, 0, 0, 0, 0, 0, 0, 0, 0, 0, 0, 0, 0
8, CIVILIZATION_KONGO, 1, 2, 4, 1, 5, 0, 0, 0, 10, 2, 32874, 4, 7, 3, 6, 1, 8, 11
8, CIVILIZATION_KONGO, 2, 2, 1, 0, 6, 0, 0, 0, 16, 0, 116, 0, 7, 2, 10, 0, 22, 8
8, CIVILIZATION_OTTOMAN, 2, 2, 0, 0, 6, 0, 0, 0, 16, 4, 173, 0, 10, 2, 12, 0, 20, 12
8, CIVILIZATION_NUBIA, 2, 2, 1, 0, 6, 0, 0, 0, 14, 2, 140, 14, 7, 2, 20, 2, 16, 8
8, CIVILIZATION_KHMER, 1, 1, 0, 1, 5, 0, 0, 0, 8, 0, 102, 4, 3, 6, 16, 1, 8, 2
8, CIVILIZATION_HUNGARY, 1, 1, 1, 0, 7, 0, 0, 0, 8, 0, 81, 0, 5, 1, 10, 0, 12, 4
8, CIVILIZATION_GERMANY, 2, 2, 0, 0, 5, 0, 0, 0, 15, 3, 81, 0, 7, 2, 10, 0, 18, 8
8, CIVILIZATION_MONGOLIA, 2, 2, 1, 1, 5, 0, 0, 0, 15, 1, 99, 0, 4, 5, 16, 0, 18, 8
8, CIVILIZATION_ROME, 2, 2, 1, 1, 6, 0, 0, 0, 15, 2, 79, 10, 8, 7, 20, 2, 18, 7
8, CIVILIZATION_SUMERIA, 1, 2, 0, 1, 5, 0, 0, 0, 8, 1, 71, 0, 4, 5, 10, 0, 23, 7
8, CIVILIZATION_MEXICO_CITY, 1, 2, 1, 1, 5, 0, 0, 0, 7, 0, 46, 0, 3, 1, 5, 0, 3, 7
8, CIVILIZATION_NAN_MADOL, 1, 2, 1, 1, 5, 0, 0, 0, 7, 0, 49, 0, 3, 1, 6, 0, 3, 7
8, CIVILIZATION_BOLOGNA, 1, 2, 1, 1, 5, 0, 0, 0, 9, 0, 68, 0, 3, 1, 8, 0, 4, 8
8, CIVILIZATION_AKKAD, 1, 1, 1, 1, 5, 0, 0, 0, 7, 0, 68, 0, 2, 1, 8, 0, 3, 4
8, CIVILIZATION_JAKARTA, 1, 1, 1, 1, 5, 0, 0, 0, 7, 0, 46, 0, 4, 1, 5, 0, 2, 4
8, CIVILIZATION_VALLETTA, 1, 1, 1, 1, 5, 0, 0, 0, 7, 0, 46, 0, 2, 1, 5, 0, 3, 3
8, CIVILIZATION_BABYLON, 1, 1, 1, 1, 5, 0, 0, 0, 7, 0, 46, 0, 2, 1, 5, 0, 3, 3
8, CIVILIZATION_GENEVA, 1, 1, 1, 1, 5, 0, 0, 0, 7, 0, 46, 0, 2, 2, 5, 0, 3, 4
8, CIVILIZATION_ANTIOCH, 1, 2, 1, 1, 5, 0, 0, 0, 7, 0, 46, 0, 3, 1, 5, 0, 4, 9
8, CIVILIZATION_LA_VENTA, 1, 1, 1, 1, 5, 0, 0, 0, 7, 0, 46, 0, 3, 1, 5, 0, 2, 4
8, CIVILIZATION_CAHOKIA, 1, 1, 1, 1, 5, 0, 0, 0, 7, 0, 76, 0, 2, 1, 9, 0, 3, 4
8, CIVILIZATION_ANTANANARIVO, 1, 1, 1, 1, 5, 0, 0, 0, 7, 0, 46, 0, 2, 1, 5, 0, 3, 3
8, CIVILIZATION_VILNIUS, 1, 1, 1, 1, 5, 0, 0, 0, 8, 0, 98, 0, 2, 1, 6, 0, 2, 5
8, CIVILIZATION_GRANADA, 1, 1, 1, 1, 5, 0, 0, 0, 7, 1, 54, 0, 3, 3, 6, 0, 3, 3
8, CIVILIZATION_KABUL, 1, 2, 1, 1, 5, 0, 0, 0, 8, 0, 49, 0, 3, 2, 6, 0, 3, 7
8, CIVILIZATION_ZANZIBAR, 1, 2, 1, 1, 5, 0, 0, 0, 7, 0, 49, 0, 3, 1, 6, 0, 3, 7
8, CIVILIZATION_MOHENJO_DARO, 1, 1, 1, 1, 5, 0, 0, 0, 8, 0, 46, 0, 2, 1, 5, 0, 3, 3
8, CIVILIZATION_LISBON, 1, 1, 1, 1, 5, 0, 0, 0, 7, 0, 54, 0, 2, 1, 6, 0, 2, 3
8, CIVILIZATION_KANDY, 1, 1, 1, 1, 5, 0, 0, 0, 7, 0, 46, 0, 2, 2, 5, 0, 2, 4
8, CIVILIZATION_NGAZARGAMU, 1, 1, 1, 1, 5, 0, 0, 0, 7, 0, 54, 0, 2, 1, 6, 0, 2, 3
8, CIVILIZATION_HONG_KONG, 1, 2, 1, 1, 5, 0, 0, 0, 7, 0, 46, 0, 3, 1, 5, 0, 5, 6
8, CIVILIZATION_BRUSSELS, 1, 1, 1, 1, 5, 0, 0, 0, 7, 0, 54, 0, 2, 1, 6, 0, 3, 4
8, CIVILIZATION_FREE_CITIES, 0, 0, 0, 0, 0, 0, 0, 0, 0, 0, 0, 0, 0, 0, 0, 0, 0, 0
9, CIVILIZATION_KONGO, 1, 1, 4, 1, 5, 0, 0, 0, 10, 2, 32560, 5, 6, 3, 6, 1, 7, 6
9, CIVILIZATION_KONGO, 2, 3, 1, 0, 6, 0, 0, 0, 16, 0, 133, 0, 7, 2, 16, 0, 27, 10
9, CIVILIZATION_OTTOMAN, 2, 3, 0, 0, 6, 0, 0, 0, 16, 4, 187, 0, 10, 2, 14, 0, 25, 14
9, CIVILIZATION_NUBIA, 2, 2, 1, 0, 6, 0, 0, 0, 15, 2, 160, 17, 7, 2, 20, 2, 16, 8
9, CIVILIZATION_KHMER, 1, 1, 0, 1, 5, 0, 0, 0, 9, 0, 114, 5, 6, 1, 12, 1, 12, 3
9, CIVILIZATION_HUNGARY, 1, 2, 1, 0, 7, 0, 0, 0, 8, 0, 92, 0, 5, 2, 10, 0, 21, 5
9, CIVILIZATION_GERMANY, 2, 3, 0, 0, 5, 0, 0, 0, 15, 4, 92, 0, 7, 2, 10, 0, 21, 12
9, CIVILIZATION_MONGOLIA, 2, 3, 1, 1, 5, 0, 0, 0, 15, 2, 116, 1, 7, 5, 16, 1, 23, 9
9, CIVILIZATION_ROME, 2, 2, 1, 1, 6, 0, 0, 0, 15, 3, 100, 13, 8, 7, 20, 2, 16, 8
9, CIVILIZATION_SUMERIA, 2, 3, 1, 1, 5, 0, 0, 0, 15, 1, 81, 0, 5, 5, 10, 0, 31, 12
9, CIVILIZATION_MEXICO_CITY, 1, 2, 1, 1, 5, 0, 0, 0, 7, 1, 52, 0, 3, 1, 5, 0, 3, 8
9, CIVILIZATION_NAN_MADOL, 1, 2, 1, 1, 5, 0, 0, 0, 7, 0, 56, 0, 3, 1, 6, 0, 3, 7
9, CIVILIZATION_BOLOGNA, 1, 2, 1, 1, 5, 0, 0, 0, 9, 0, 77, 0, 3, 1, 8, 0, 4, 8
9, CIVILIZATION_AKKAD, 1, 2, 1, 1, 5, 0, 0, 0, 7, 0, 77, 0, 3, 1, 8, 0, 4, 6
9, CIVILIZATION_JAKARTA, 1, 2, 1, 1, 5, 0, 0, 0, 7, 0, 52, 0, 5, 1, 5, 0, 3, 6
9, CIVILIZATION_VALLETTA, 1, 1, 1, 1, 5, 0, 0, 0, 7, 0, 52, 0, 2, 1, 5, 0, 3, 3
9, CIVILIZATION_BABYLON, 1, 1, 1, 1, 5, 0, 0, 0, 7, 0, 52, 0, 2, 1, 5, 0, 3, 3
9, CIVILIZATION_GENEVA, 1, 2, 1, 1, 5, 0, 0, 0, 7, 0, 52, 0, 3, 2, 5, 0, 5, 6
9, CIVILIZATION_ANTIOCH, 1, 2, 1, 1, 5, 0, 0, 0, 7, 0, 52, 0, 3, 1, 5, 0, 4, 9
9, CIVILIZATION_LA_VENTA, 1, 2, 1, 1, 5, 0, 0, 0, 7, 0, 52, 0, 4, 1, 5, 0, 4, 5
9, CIVILIZATION_CAHOKIA, 1, 2, 1, 1, 5, 0, 0, 0, 7, 0, 85, 0, 3, 1, 9, 0, 4, 6
9, CIVILIZATION_ANTANANARIVO, 1, 1, 1, 1, 5, 0, 0, 0, 7, 0, 52, 0, 2, 1, 5, 0, 3, 3
9, CIVILIZATION_VILNIUS, 1, 2, 1, 1, 5, 0, 0, 0, 8, 0, 105, 0, 3, 1, 6, 0, 3, 7
9, CIVILIZATION_GRANADA, 1, 1, 1, 1, 5, 0, 0, 0, 7, 1, 60, 0, 3, 3, 6, 0, 3, 3
9, CIVILIZATION_KABUL, 1, 2, 1, 1, 5, 0, 0, 0, 8, 0, 56, 0, 3, 2, 6, 0, 3, 7
9, CIVILIZATION_ZANZIBAR, 1, 2, 1, 1, 5, 0, 0, 0, 7, 0, 56, 0, 3, 1, 6, 0, 3, 7
9, CIVILIZATION_MOHENJO_DARO, 1, 1, 1, 1, 5, 0, 0, 0, 8, 0, 52, 0, 2, 1, 5, 0, 3, 3
9, CIVILIZATION_LISBON, 1, 1, 1, 1, 5, 0, 0, 0, 7, 0, 60, 0, 2, 1, 6, 0, 2, 3
9, CIVILIZATION_KANDY, 1, 2, 1, 1, 5, 0, 0, 0, 7, 0, 52, 0, 3, 2, 5, 0, 3, 7
9, CIVILIZATION_NGAZARGAMU, 1, 1, 1, 1, 5, 0, 0, 0, 7, 0, 60, 0, 2, 1, 6, 0, 2, 3
9, CIVILIZATION_HONG_KONG, 1, 2, 1, 1, 5, 0, 0, 0, 7, 0, 52, 0, 3, 1, 5, 0, 5, 6
9, CIVILIZATION_BRUSSELS, 1, 2, 1, 1, 5, 0, 0, 0, 7, 0, 60, 0, 3, 1, 6, 0, 4, 7
9, CIVILIZATION_FREE_CITIES, 0, 0, 0, 0, 0, 0, 0, 0, 0, 0, 0, 0, 0, 0, 0, 0, 0, 0
10, CIVILIZATION_KONGO, 1, 1, 4, 1, 5, 0, 0, 0, 10, 2, 32566, 6, 6, 3, 6, 1, 7, 6
10, CIVILIZATION_KONGO, 2, 3, 1, 0, 6, 0, 0, 0, 16, 0, 149, 0, 7, 2, 16, 0, 27, 10
10, CIVILIZATION_OTTOMAN, 2, 3, 1, 1, 7, 0, 0, 0, 16, 5, 201, 0, 10, 2, 14, 0, 25, 16
10, CIVILIZATION_NUBIA, 2, 3, 1, 0, 6, 0, 0, 0, 15, 2, 180, 20, 10, 2, 20, 2, 19, 11
10, CIVILIZATION_KHMER, 1, 1, 1, 1, 5, 0, 0, 0, 9, 0, 130, 7, 6, 6, 16, 1, 8, 2
10, CIVILIZATION_HUNGARY, 1, 2, 1, 0, 7, 0, 0, 0, 8, 0, 102, 0, 5, 2, 10, 0, 21, 5
10, CIVILIZATION_GERMANY, 2, 3, 0, 0, 6, 0, 0, 0, 15, 4, 102, 0, 7, 2, 10, 0, 25, 12
10, CIVILIZATION_MONGOLIA, 2, 3, 1, 1, 5, 0, 0, 0, 17, 2, 82, 2, 7, 5, 16, 1, 23, 9
10, CIVILIZATION_ROME, 2, 2, 2, 2, 6, 0, 0, 0, 15, 3, 120, 14, 8, 7, 18, 1, 20, 8
10, CIVILIZATION_SUMERIA, 2, 3, 1, 1, 5, 0, 0, 0, 15, 1, 92, 0, 7, 5, 10, 0, 35, 12
10, CIVILIZATION_MEXICO_CITY, 1, 2, 1, 1, 5, 0, 0, 0, 7, 1, 57, 0, 3, 1, 5, 0, 3, 8
10, CIVILIZATION_NAN_MADOL, 1, 2, 1, 1, 5, 0, 0, 0, 7, 1, 62, 0, 3, 1, 6, 0, 3, 8
10, CIVILIZATION_BOLOGNA, 1, 2, 1, 1, 5, 0, 0, 0, 9, 0, 85, 0, 3, 1, 8, 0, 4, 8
10, CIVILIZATION_AKKAD, 1, 2, 1, 1, 5, 0, 0, 0, 7, 0, 85, 0, 3, 1, 8, 0, 4, 6
10, CIVILIZATION_JAKARTA, 1, 2, 1, 1, 5, 0, 0, 0, 7, 0, 57, 0, 5, 1, 5, 0, 3, 6
10, CIVILIZATION_VALLETTA, 1, 1, 1, 1, 5, 0, 0, 0, 7, 0, 57, 0, 2, 1, 5, 0, 3, 3
10, CIVILIZATION_BABYLON, 1, 1, 1, 1, 5, 0, 0, 0, 7, 0, 57, 0, 2, 1, 5, 0, 3, 3
10, CIVILIZATION_GENEVA, 1, 2, 1, 1, 5, 0, 0, 0, 7, 0, 57, 0, 3, 2, 5, 0, 5, 6
10, CIVILIZATION_ANTIOCH, 1, 3, 1, 1, 5, 0, 0, 0, 7, 0, 57, 0, 3, 1, 5, 0, 6, 10
10, CIVILIZATION_LA_VENTA, 1, 2, 1, 1, 5, 0, 0, 0, 7, 0, 57, 0, 4, 1, 5, 0, 4, 5
10, CIVILIZATION_CAHOKIA, 1, 2, 1, 1, 5, 0, 0, 0, 9, 0, 95, 0, 3, 1, 9, 0, 5, 6
10, CIVILIZATION_ANTANANARIVO, 1, 1, 1, 1, 5, 0, 0, 0, 7, 0, 57, 0, 2, 1, 5, 0, 3, 3
10, CIVILIZATION_VILNIUS, 1, 2, 1, 1, 5, 0, 0, 0, 8, 0, 111, 0, 3, 1, 6, 0, 3, 7
10, CIVILIZATION_GRANADA, 1, 1, 1, 1, 5, 0, 0, 0, 7, 1, 66, 0, 3, 3, 6, 0, 3, 3
10, CIVILIZATION_KABUL, 1, 2, 1, 1, 5, 0, 0, 0, 8, 1, 61, 0, 3, 1, 5, 0, 3, 8
10, CIVILIZATION_ZANZIBAR, 1, 2, 1, 1, 5, 0, 0, 0, 7, 0, 62, 0, 3, 1, 6, 0, 3, 7
10, CIVILIZATION_MOHENJO_DARO, 1, 1, 1, 1, 5, 0, 0, 0, 8, 0, 57, 0, 2, 1, 5, 0, 3, 3
10, CIVILIZATION_LISBON, 1, 1, 1, 1, 5, 0, 0, 0, 7, 0, 66, 0, 2, 1, 6, 0, 2, 3
10, CIVILIZATION_KANDY, 1, 2, 1, 1, 5, 0, 0, 0, 7, 0, 57, 0, 3, 2, 5, 0, 3, 7
10, CIVILIZATION_NGAZARGAMU, 1, 1, 1, 1, 5, 0, 0, 0, 7, 0, 66, 0, 2, 1, 6, 0, 2, 3
10, CIVILIZATION_HONG_KONG, 1, 2, 1, 1, 5, 0, 0, 0, 7, 0, 57, 0, 3, 1, 5, 0, 5, 6
10, CIVILIZATION_BRUSSELS, 1, 2, 1, 1, 5, 0, 0, 0, 7, 0, 66, 0, 3, 1, 6, 0, 4, 7
10, CIVILIZATION_FREE_CITIES, 0, 0, 0, 0, 0, 0, 0, 0, 0, 0, 0, 0, 0, 0, 0, 0, 0, 0
11, CIVILIZATION_KONGO, 1, 2, 4, 1, 5, 0, 0, 0, 11, 2, 32362, 7, 7, 3, 10, 1, 8, 11
11, CIVILIZATION_KONGO, 2, 3, 2, 1, 6, 0, 0, 0, 16, 0, 165, 0, 7, 5, 16, 0, 31, 10
11, CIVILIZATION_OTTOMAN, 2, 3, 1, 1, 7, 0, 0, 0, 16, 5, 215, 0, 10, 2, 14, 0, 25, 16
11, CIVILIZATION_NUBIA, 2, 3, 1, 0, 6, 0, 0, 0, 15, 2, 201, 23, 10, 2, 20, 2, 19, 11
11, CIVILIZATION_KHMER, 1, 1, 1, 1, 5, 0, 0, 0, 9, 0, 143, 8, 6, 1, 12, 1, 12, 3
11, CIVILIZATION_HUNGARY, 1, 2, 1, 1, 7, 0, 0, 0, 8, 0, 112, 1, 8, 2, 12, 1, 21, 5
11, CIVILIZATION_GERMANY, 3, 4, 1, 1, 6, 0, 0, 0, 22, 4, 112, 0, 8, 3, 10, 0, 42, 15
11, CIVILIZATION_MONGOLIA, 3, 4, 2, 1, 6, 0, 0, 0, 24, 2, 102, 4, 8, 6, 20, 1, 31, 13
11, CIVILIZATION_ROME, 2, 2, 2, 2, 6, 0, 0, 0, 17, 3, 147, 15, 8, 7, 26, 1, 20, 8
11, CIVILIZATION_SUMERIA, 2, 3, 1, 1, 5, 0, 0, 0, 16, 2, 102, 0, 7, 5, 10, 0, 35, 12
11, CIVILIZATION_MEXICO_CITY, 1, 2, 1, 1, 5, 0, 0, 0, 7, 2, 62, 0, 3, 1, 5, 0, 3, 9
11, CIVILIZATION_NAN_MADOL, 1, 2, 1, 1, 5, 0, 0, 0, 7, 1, 68, 0, 3, 1, 6, 0, 3, 8
11, CIVILIZATION_BOLOGNA, 1, 2, 1, 1, 5, 0, 0, 0, 9, 0, 93, 0, 3, 1, 8, 0, 4, 8
11, CIVILIZATION_AKKAD, 1, 2, 1, 1, 5, 0, 0, 0, 7, 0, 93, 0, 3, 1, 8, 0, 4, 6
11, CIVILIZATION_JAKARTA, 1, 2, 1, 1, 5, 0, 0, 0, 7, 0, 62, 0, 5, 1, 5, 0, 3, 6
11, CIVILIZATION_VALLETTA, 1, 1, 1, 1, 5, 0, 0, 0, 7, 0, 62, 0, 2, 1, 5, 0, 3, 3
11, CIVILIZATION_BABYLON, 1, 1, 1, 1, 5, 0, 0, 0, 7, 0, 62, 0, 2, 1, 5, 0, 3, 3
11, CIVILIZATION_GENEVA, 1, 2, 1, 1, 5, 0, 0, 0, 7, 0, 62, 0, 3, 2, 5, 0, 5, 6
11, CIVILIZATION_ANTIOCH, 1, 3, 1, 1, 5, 0, 0, 0, 7, 0, 62, 0, 3, 1, 5, 0, 6, 10
11, CIVILIZATION_LA_VENTA, 1, 2, 1, 1, 5, 0, 0, 0, 7, 0, 62, 0, 4, 1, 5, 0, 4, 5
11, CIVILIZATION_CAHOKIA, 1, 2, 1, 1, 5, 0, 0, 0, 9, 0, 104, 0, 3, 1, 9, 0, 5, 6
11, CIVILIZATION_ANTANANARIVO, 1, 1, 1, 1, 5, 0, 0, 0, 7, 0, 62, 0, 2, 1, 5, 0, 3, 3
11, CIVILIZATION_VILNIUS, 1, 2, 1, 1, 5, 0, 0, 0, 8, 0, 117, 0, 3, 1, 6, 0, 3, 7
11, CIVILIZATION_GRANADA, 1, 1, 1, 1, 5, 0, 0, 0, 7, 1, 72, 0, 3, 3, 6, 0, 3, 3
11, CIVILIZATION_KABUL, 1, 2, 1, 1, 5, 0, 0, 0, 8, 2, 66, 0, 3, 1, 5, 0, 3, 8
11, CIVILIZATION_ZANZIBAR, 1, 2, 1, 1, 5, 0, 0, 0, 7, 0, 68, 0, 3, 1, 6, 0, 3, 7
11, CIVILIZATION_MOHENJO_DARO, 1, 1, 1, 1, 5, 0, 0, 0, 8, 0, 62, 0, 2, 1, 5, 0, 3, 3
11, CIVILIZATION_LISBON, 1, 1, 1, 1, 5, 0, 0, 0, 7, 0, 72, 0, 2, 1, 6, 0, 2, 3
11, CIVILIZATION_KANDY, 1, 2, 1, 1, 5, 0, 0, 0, 7, 0, 62, 0, 3, 2, 5, 0, 3, 7
11, CIVILIZATION_NGAZARGAMU, 1, 1, 1, 1, 5, 0, 0, 0, 7, 0, 72, 0, 2, 1, 6, 0, 2, 3
11, CIVILIZATION_HONG_KONG, 1, 2, 1, 1, 5, 0, 0, 0, 7, 0, 62, 0, 3, 1, 5, 0, 5, 6
11, CIVILIZATION_BRUSSELS, 1, 2, 1, 1, 5, 0, 0, 0, 7, 0, 72, 0, 3, 1, 6, 0, 4, 7
11, CIVILIZATION_FREE_CITIES, 0, 0, 0, 0, 0, 0, 0, 0, 0, 0, 0, 0, 0, 0, 0, 0, 0, 0
12, CIVILIZATION_KONGO, 1, 2, 4, 1, 5, 0, 0, 0, 11, 2, 31932, 8, 7, 3, 10, 1, 8, 11
12, CIVILIZATION_KONGO, 3, 4, 2, 1, 6, 0, 0, 0, 23, 0, 188, 0, 8, 6, 22, 0, 40, 14
12, CIVILIZATION_OTTOMAN, 2, 3, 2, 1, 7, 0, 0, 0, 16, 5, 230, 0, 10, 2, 14, 0, 25, 16
12, CIVILIZATION_NUBIA, 2, 3, 2, 1, 7, 0, 0, 0, 15, 2, 221, 26, 10, 2, 20, 2, 23, 11
12, CIVILIZATION_KHMER, 1, 1, 1, 1, 6, 0, 0, 0, 9, 0, 159, 10, 6, 6, 16, 1, 8, 2
12, CIVILIZATION_HUNGARY, 1, 2, 1, 1, 7, 0, 0, 0, 8, 0, 124, 2, 8, 2, 12, 1, 21, 5
12, CIVILIZATION_GERMANY, 3, 4, 1, 1, 6, 0, 0, 0, 22, 4, 122, 0, 8, 3, 10, 0, 42, 15
12, CIVILIZATION_MONGOLIA, 3, 4, 2, 2, 6, 0, 0, 0, 24, 3, 122, 4, 8, 6, 20, 0, 31, 15
12, CIVILIZATION_ROME, 2, 3, 2, 2, 6, 0, 0, 0, 17, 4, 173, 17, 12, 8, 26, 1, 25, 11
12, CIVILIZATION_SUMERIA, 2, 3, 2, 2, 6, 0, 0, 0, 16, 2, 112, 0, 7, 5, 10, 0, 33, 13
12, CIVILIZATION_MEXICO_CITY, 1, 3, 1, 1, 5, 0, 0, 0, 7, 2, 68, 0, 3, 1, 6, 0, 4, 10
12, CIVILIZATION_NAN_MADOL, 1, 3, 1, 1, 5, 0, 0, 0, 7, 1, 76, 0, 3, 1, 7, 0, 3, 9
12, CIVILIZATION_BOLOGNA, 1, 2, 1, 1, 5, 0, 0, 0, 9, 0, 102, 0, 3, 1, 8, 0, 4, 8
12, CIVILIZATION_AKKAD, 1, 2, 1, 1, 5, 0, 0, 0, 7, 0, 102, 0, 3, 1, 8, 0, 4, 6
12, CIVILIZATION_JAKARTA, 1, 2, 1, 1, 5, 0, 0, 0, 7, 0, 67, 0, 5, 1, 5, 0, 3, 6
12, CIVILIZATION_VALLETTA, 1, 1, 1, 1, 5, 0, 0, 0, 7, 0, 67, 0, 2, 1, 5, 0, 3, 3
12, CIVILIZATION_BABYLON, 1, 1, 1, 1, 5, 0, 0, 0, 7, 0, 67, 0, 2, 1, 5, 0, 3, 3
12, CIVILIZATION_GENEVA, 1, 2, 1, 1, 5, 0, 0, 0, 7, 0, 67, 0, 3, 2, 5, 0, 5, 6
12, CIVILIZATION_ANTIOCH, 1, 3, 1, 1, 5, 0, 0, 0, 7, 0, 67, 0, 3, 1, 5, 0, 6, 10
12, CIVILIZATION_LA_VENTA, 1, 2, 1, 1, 5, 0, 0, 0, 7, 0, 67, 0, 4, 1, 5, 0, 4, 5
12, CIVILIZATION_CAHOKIA, 1, 2, 1, 1, 5, 0, 0, 0, 9, 0, 113, 0, 3, 1, 9, 0, 5, 6
12, CIVILIZATION_ANTANANARIVO, 1, 1, 1, 1, 5, 0, 0, 0, 7, 0, 67, 0, 2, 1, 5, 0, 3, 3
12, CIVILIZATION_VILNIUS, 1, 2, 1, 1, 5, 0, 0, 0, 8, 0, 124, 0, 3, 1, 6, 0, 3, 7
12, CIVILIZATION_GRANADA, 1, 1, 1, 1, 5, 0, 0, 0, 7, 1, 79, 0, 3, 3, 6, 0, 3, 3
12, CIVILIZATION_KABUL, 1, 3, 1, 1, 5, 0, 0, 0, 8, 3, 71, 0, 3, 1, 5, 0, 5, 10
12, CIVILIZATION_ZANZIBAR, 1, 2, 1, 1, 5, 0, 0, 0, 7, 0, 75, 0, 3, 1, 6, 0, 3, 7
12, CIVILIZATION_MOHENJO_DARO, 1, 1, 1, 1, 5, 0, 0, 0, 8, 0, 67, 0, 2, 1, 5, 0, 3, 3
12, CIVILIZATION_LISBON, 1, 1, 1, 1, 5, 0, 0, 0, 7, 0, 79, 0, 2, 1, 6, 0, 2, 3
12, CIVILIZATION_KANDY, 1, 2, 1, 1, 5, 0, 0, 0, 7, 0, 67, 0, 3, 2, 5, 0, 3, 7
12, CIVILIZATION_NGAZARGAMU, 1, 1, 1, 1, 5, 0, 0, 0, 7, 0, 79, 0, 2, 1, 6, 0, 2, 3
12, CIVILIZATION_HONG_KONG, 1, 2, 1, 1, 5, 0, 0, 0, 7, 0, 67, 0, 3, 1, 5, 0, 5, 6
12, CIVILIZATION_BRUSSELS, 1, 2, 1, 1, 5, 0, 0, 0, 7, 0, 79, 0, 3, 1, 6, 0, 4, 7
12, CIVILIZATION_FREE_CITIES, 0, 0, 0, 0, 0, 0, 0, 0, 0, 0, 0, 0, 0, 0, 0, 0, 0, 0
13, CIVILIZATION_KONGO, 1, 2, 5, 1, 5, 0, 0, 0, 11, 3, 31943, 9, 7, 3, 10, 1, 8, 11
13, CIVILIZATION_KONGO, 3, 4, 2, 1, 6, 0, 0, 0, 24, 1, 210, 0, 11, 6, 22, 0, 40, 14
13, CIVILIZATION_OTTOMAN, 2, 4, 2, 1, 7, 0, 0, 0, 16, 4, 244, 0, 11, 6, 14, 0, 30, 20
13, CIVILIZATION_NUBIA, 2, 3, 2, 1, 7, 0, 0, 0, 15, 2, 242, 28, 10, 2, 20, 2, 23, 11
13, CIVILIZATION_KHMER, 1, 1, 1, 1, 6, 0, 0, 0, 9, 0, 171, 11, 6, 1, 12, 1, 12, 3
13, CIVILIZATION_HUNGARY, 1, 2, 1, 1, 7, 0, 0, 0, 8, 0, 137, 4, 8, 2, 12, 1, 21, 5
13, CIVILIZATION_GERMANY, 3, 4, 1, 1, 6, 0, 0, 0, 23, 4, 83, 0, 8, 6, 10, 0, 37, 15
13, CIVILIZATION_MONGOLIA, 3, 4, 2, 2, 6, 0, 0, 0, 24, 3, 143, 4, 8, 6, 20, 0, 31, 15
13, CIVILIZATION_ROME, 2, 3, 2, 2, 6, 0, 0, 0, 17, 5, 200, 18, 12, 8, 26, 1, 29, 10
13, CIVILIZATION_SUMERIA, 2, 3, 2, 2, 6, 0, 0, 0, 16, 3, 122, 0, 7, 5, 10, 0, 33, 13
13, CIVILIZATION_MEXICO_CITY, 1, 3, 1, 1, 5, 0, 0, 0, 7, 2, 75, 0, 3, 1, 6, 0, 4, 10
13, CIVILIZATION_NAN_MADOL, 1, 3, 1, 1, 5, 0, 0, 0, 7, 1, 83, 0, 3, 1, 7, 0, 3, 9
13, CIVILIZATION_BOLOGNA, 1, 2, 1, 1, 5, 0, 0, 0, 9, 0, 110, 0, 3, 1, 8, 0, 4, 8
13, CIVILIZATION_AKKAD, 1, 2, 1, 1, 5, 0, 0, 0, 7, 0, 110, 0, 3, 1, 8, 0, 4, 6
13, CIVILIZATION_JAKARTA, 1, 2, 1, 1, 5, 0, 0, 0, 7, 0, 73, 0, 5, 1, 5, 0, 3, 6
13, CIVILIZATION_VALLETTA, 1, 1, 1, 1, 5, 0, 0, 0, 7, 0, 73, 0, 2, 1, 5, 0, 3, 3
13, CIVILIZATION_BABYLON, 1, 1, 1, 1, 5, 0, 0, 0, 7, 0, 73, 0, 2, 1, 5, 0, 3, 3
13, CIVILIZATION_GENEVA, 1, 2, 1, 1, 5, 0, 0, 0, 7, 0, 73, 0, 3, 2, 5, 0, 5, 6
13, CIVILIZATION_ANTIOCH, 1, 3, 1, 1, 5, 0, 0, 0, 7, 0, 73, 0, 3, 1, 5, 0, 6, 10
13, CIVILIZATION_LA_VENTA, 1, 2, 1, 1, 5, 0, 0, 0, 7, 0, 73, 0, 4, 1, 5, 0, 4, 5
13, CIVILIZATION_CAHOKIA, 1, 2, 1, 1, 5, 0, 0, 0, 9, 0, 123, 0, 3, 1, 9, 0, 5, 6
13, CIVILIZATION_ANTANANARIVO, 1, 1, 1, 1, 5, 0, 0, 0, 7, 0, 73, 0, 2, 1, 5, 0, 3, 3
13, CIVILIZATION_VILNIUS, 1, 2, 1, 1, 5, 0, 0, 0, 8, 0, 130, 0, 3, 1, 6, 0, 3, 7
13, CIVILIZATION_GRANADA, 1, 1, 1, 1, 5, 0, 0, 0, 7, 1, 85, 0, 3, 3, 6, 0, 3, 3
13, CIVILIZATION_KABUL, 1, 3, 1, 1, 5, 0, 0, 0, 8, 3, 127, 0, 3, 1, 5, 0, 5, 10
13, CIVILIZATION_ZANZIBAR, 1, 3, 1, 1, 5, 0, 0, 0, 7, 0, 82, 0, 3, 1, 7, 0, 4, 8
13, CIVILIZATION_MOHENJO_DARO, 1, 1, 1, 1, 5, 0, 0, 0, 8, 0, 73, 0, 2, 1, 5, 0, 3, 3
13, CIVILIZATION_LISBON, 1, 1, 1, 1, 5, 0, 0, 0, 7, 0, 85, 0, 2, 1, 6, 0, 2, 3
13, CIVILIZATION_KANDY, 1, 2, 1, 1, 5, 0, 0, 0, 7, 0, 73, 0, 3, 2, 5, 0, 3, 7
13, CIVILIZATION_NGAZARGAMU, 1, 1, 1, 1, 5, 0, 0, 0, 7, 0, 85, 0, 2, 1, 6, 0, 2, 3
13, CIVILIZATION_HONG_KONG, 1, 2, 1, 1, 5, 0, 0, 0, 7, 0, 73, 0, 3, 1, 5, 0, 5, 6
13, CIVILIZATION_BRUSSELS, 1, 2, 1, 1, 5, 0, 0, 0, 7, 0, 85, 0, 3, 1, 6, 0, 4, 7
13, CIVILIZATION_FREE_CITIES, 0, 0, 0, 0, 0, 0, 0, 0, 0, 0, 0, 0, 0, 0, 0, 0, 0, 0
14, CIVILIZATION_KONGO, 2, 3, 5, 1, 5, 0, 0, 0, 23, 3, 29743, 10, 9, 6, 10, 1, 14, 17
14, CIVILIZATION_KONGO, 3, 4, 2, 1, 6, 0, 0, 0, 25, 1, 183, 0, 11, 6, 22, 0, 40, 15
14, CIVILIZATION_OTTOMAN, 2, 5, 2, 1, 7, 0, 0, 0, 17, 4, 258, 0, 11, 6, 14, 0, 35, 22
14, CIVILIZATION_NUBIA, 3, 4, 2, 1, 7, 0, 0, 0, 23, 2, 212, 6, 11, 6, 20, 2, 34, 14
14, CIVILIZATION_KHMER, 1, 1, 2, 1, 6, 0, 0, 0, 9, 0, 188, 13, 6, 6, 16, 1, 8, 2
14, CIVILIZATION_HUNGARY, 1, 2, 2, 1, 7, 0, 0, 0, 8, 0, 149, 5, 8, 5, 12, 1, 21, 5
14, CIVILIZATION_GERMANY, 3, 4, 1, 1, 6, 0, 0, 0, 24, 4, 93, 0, 8, 6, 10, 0, 37, 15
14, CIVILIZATION_MONGOLIA, 3, 5, 2, 2, 6, 0, 0, 0, 24, 3, 163, 4, 9, 6, 20, 0, 34, 18
14, CIVILIZATION_ROME, 2, 3, 2, 2, 6, 0, 0, 0, 17, 5, 227, 20, 12, 8, 26, 1, 29, 10
14, CIVILIZATION_SUMERIA, 2, 4, 2, 2, 6, 0, 0, 0, 16, 3, 133, 0, 11, 6, 10, 0, 36, 13
14, CIVILIZATION_MEXICO_CITY, 1, 3, 1, 1, 5, 0, 0, 0, 7, 2, 81, 0, 3, 1, 6, 0, 4, 10
14, CIVILIZATION_NAN_MADOL, 1, 3, 2, 1, 5, 0, 0, 0, 7, 1, 90, 0, 3, 1, 7, 0, 3, 9
14, CIVILIZATION_BOLOGNA, 1, 3, 1, 1, 5, 0, 0, 0, 9, 0, 119, 0, 3, 1, 8, 0, 6, 10
14, CIVILIZATION_AKKAD, 1, 2, 2, 1, 5, 0, 0, 0, 7, 0, 119, 0, 3, 1, 8, 0, 4, 6
14, CIVILIZATION_JAKARTA, 1, 2, 2, 1, 5, 0, 0, 0, 7, 0, 78, 0, 5, 1, 5, 0, 3, 6
14, CIVILIZATION_VALLETTA, 1, 1, 1, 1, 5, 0, 0, 0, 7, 0, 78, 0, 2, 1, 5, 0, 3, 3
14, CIVILIZATION_BABYLON, 1, 1, 1, 1, 5, 0, 0, 0, 7, 0, 78, 0, 2, 1, 5, 0, 3, 3
14, CIVILIZATION_GENEVA, 1, 2, 1, 1, 5, 0, 0, 0, 7, 0, 78, 0, 3, 2, 5, 0, 5, 6
14, CIVILIZATION_ANTIOCH, 1, 3, 1, 1, 5, 0, 0, 0, 7, 0, 78, 0, 3, 1, 5, 0, 6, 10
14, CIVILIZATION_LA_VENTA, 1, 2, 2, 1, 5, 0, 0, 0, 7, 0, 78, 0, 4, 1, 5, 0, 4, 5
14, CIVILIZATION_CAHOKIA, 1, 2, 2, 1, 5, 0, 0, 0, 9, 0, 132, 0, 3, 1, 9, 0, 5, 6
14, CIVILIZATION_ANTANANARIVO, 1, 1, 2, 1, 5, 0, 0, 0, 7, 0, 78, 0, 2, 1, 5, 0, 3, 3
14, CIVILIZATION_VILNIUS, 1, 2, 2, 1, 5, 0, 0, 0, 8, 0, 136, 0, 3, 1, 6, 0, 3, 7
14, CIVILIZATION_GRANADA, 1, 1, 1, 1, 5, 0, 0, 0, 7, 1, 91, 0, 3, 3, 6, 0, 3, 3
14, CIVILIZATION_KABUL, 1, 3, 2, 1, 5, 0, 0, 0, 8, 3, 132, 0, 3, 1, 5, 0, 5, 10
14, CIVILIZATION_ZANZIBAR, 1, 3, 1, 1, 5, 0, 0, 0, 7, 0, 89, 0, 3, 1, 7, 0, 4, 8
14, CIVILIZATION_MOHENJO_DARO, 1, 1, 1, 1, 5, 0, 0, 0, 8, 0, 78, 0, 2, 1, 5, 0, 3, 3
14, CIVILIZATION_LISBON, 1, 1, 2, 1, 5, 0, 0, 0, 7, 0, 91, 0, 2, 1, 6, 0, 2, 3
14, CIVILIZATION_KANDY, 1, 2, 2, 1, 5, 0, 0, 0, 7, 0, 78, 0, 3, 2, 5, 0, 3, 7
14, CIVILIZATION_NGAZARGAMU, 1, 1, 1, 1, 5, 0, 0, 0, 7, 0, 91, 0, 2, 1, 6, 0, 2, 3
14, CIVILIZATION_HONG_KONG, 1, 2, 2, 1, 5, 0, 0, 0, 7, 0, 78, 0, 3, 1, 5, 0, 5, 6
14, CIVILIZATION_BRUSSELS, 1, 2, 1, 1, 5, 0, 0, 0, 7, 0, 91, 0, 3, 1, 6, 0, 4, 7
14, CIVILIZATION_FREE_CITIES, 0, 0, 0, 0, 0, 0, 0, 0, 0, 0, 0, 0, 0, 0, 0, 0, 0, 0
15, CIVILIZATION_KONGO, 2, 3, 5, 2, 5, 0, 0, 0, 23, 2, 29754, 11, 9, 6, 10, 1, 14, 18
15, CIVILIZATION_KONGO, 3, 5, 2, 1, 6, 0, 0, 0, 25, 1, 255, 0, 12, 6, 22, 0, 42, 18
15, CIVILIZATION_OTTOMAN, 2, 5, 2, 2, 7, 0, 0, 0, 17, 4, 272, 0, 11, 9, 14, 0, 35, 22
15, CIVILIZATION_NUBIA, 3, 5, 2, 1, 7, 0, 0, 0, 23, 2, 283, 9, 12, 6, 20, 2, 39, 16
15, CIVILIZATION_KHMER, 1, 1, 2, 1, 6, 0, 0, 0, 9, 0, 200, 14, 6, 1, 12, 1, 10, 3
15, CIVILIZATION_HUNGARY, 1, 2, 2, 1, 7, 0, 0, 0, 9, 0, 161, 7, 8, 5, 12, 1, 21, 5
15, CIVILIZATION_GERMANY, 3, 6, 1, 2, 6, 0, 0, 0, 24, 4, 103, 0, 9, 8, 10, 0, 45, 20
15, CIVILIZATION_MONGOLIA, 3, 5, 3, 2, 6, 0, 0, 0, 24, 3, 183, 4, 9, 9, 20, 0, 34, 18
15, CIVILIZATION_ROME, 2, 3, 2, 2, 6, 0, 0, 0, 17, 5, 253, 21, 15, 8, 26, 1, 29, 10
15, CIVILIZATION_SUMERIA, 2, 5, 3, 2, 6, 0, 0, 0, 16, 3, 143, 0, 11, 6, 10, 0, 43, 15
15, CIVILIZATION_MEXICO_CITY, 1, 3, 2, 2, 5, 0, 0, 0, 7, 2, 87, 0, 3, 1, 6, 0, 4, 10
15, CIVILIZATION_NAN_MADOL, 1, 3, 2, 2, 5, 0, 0, 0, 7, 1, 98, 0, 3, 1, 7, 0, 3, 9
15, CIVILIZATION_BOLOGNA, 1, 3, 2, 2, 5, 0, 0, 0, 9, 0, 127, 0, 3, 1, 8, 0, 6, 10
15, CIVILIZATION_AKKAD, 1, 2, 2, 2, 5, 0, 0, 0, 7, 0, 127, 0, 3, 1, 8, 0, 4, 6
15, CIVILIZATION_JAKARTA, 1, 2, 3, 2, 5, 0, 0, 0, 7, 0, 83, 0, 5, 1, 5, 0, 3, 6
15, CIVILIZATION_VALLETTA, 1, 1, 1, 2, 5, 0, 0, 0, 7, 0, 83, 0, 2, 1, 5, 0, 3, 3
15, CIVILIZATION_BABYLON, 1, 1, 1, 2, 5, 0, 0, 0, 7, 0, 83, 0, 2, 1, 5, 0, 3, 3
15, CIVILIZATION_GENEVA, 1, 2, 1, 2, 5, 0, 0, 0, 7, 0, 83, 0, 3, 2, 5, 0, 5, 6
15, CIVILIZATION_ANTIOCH, 1, 3, 2, 2, 5, 0, 0, 0, 7, 0, 83, 0, 5, 1, 5, 0, 6, 10
15, CIVILIZATION_LA_VENTA, 1, 2, 2, 2, 5, 0, 0, 0, 7, 0, 83, 0, 4, 1, 5, 0, 4, 5
15, CIVILIZATION_CAHOKIA, 1, 2, 2, 2, 5, 0, 0, 0, 9, 0, 142, 0, 3, 1, 9, 0, 5, 6
15, CIVILIZATION_ANTANANARIVO, 1, 1, 2, 2, 5, 0, 0, 0, 7, 0, 83, 0, 2, 1, 5, 0, 3, 3
15, CIVILIZATION_VILNIUS, 1, 2, 2, 2, 5, 0, 0, 0, 8, 0, 142, 0, 3, 1, 6, 0, 3, 7
15, CIVILIZATION_GRANADA, 1, 1, 2, 2, 5, 0, 0, 0, 7, 1, 98, 0, 3, 3, 6, 0, 3, 3
15, CIVILIZATION_KABUL, 1, 3, 2, 2, 5, 0, 0, 0, 8, 3, 137, 0, 3, 1, 5, 0, 5, 10
15, CIVILIZATION_ZANZIBAR, 1, 3, 2, 2, 5, 0, 0, 0, 7, 0, 97, 0, 3, 1, 7, 0, 4, 8
15, CIVILIZATION_MOHENJO_DARO, 1, 1, 1, 2, 5, 0, 0, 0, 8, 0, 83, 0, 2, 1, 5, 0, 3, 3
15, CIVILIZATION_LISBON, 1, 1, 2, 2, 5, 0, 0, 0, 7, 0, 98, 0, 2, 1, 6, 0, 2, 3
15, CIVILIZATION_KANDY, 1, 2, 2, 2, 5, 0, 0, 0, 7, 0, 83, 0, 3, 2, 5, 0, 3, 7
15, CIVILIZATION_NGAZARGAMU, 1, 1, 1, 2, 5, 0, 0, 0, 7, 0, 98, 0, 2, 1, 6, 0, 2, 3
15, CIVILIZATION_HONG_KONG, 1, 2, 2, 2, 5, 0, 0, 0, 7, 0, 83, 0, 3, 1, 5, 0, 5, 6
15, CIVILIZATION_BRUSSELS, 1, 2, 1, 2, 5, 0, 0, 0, 7, 0, 98, 0, 3, 1, 6, 0, 4, 7
15, CIVILIZATION_FREE_CITIES, 0, 0, 0, 0, 0, 0, 0, 0, 0, 0, 0, 0, 0, 0, 0, 0, 0, 0
16, CIVILIZATION_KONGO, 2, 3, 5, 2, 5, 0, 0, 0, 23, 3, 28899, 12, 9, 6, 10, 1, 14, 18
16, CIVILIZATION_KONGO, 3, 5, 2, 1, 6, 0, 0, 0, 25, 1, 277, 0, 12, 6, 22, 0, 42, 18
16, CIVILIZATION_OTTOMAN, 2, 5, 2, 2, 7, 0, 0, 0, 18, 4, 286, 0, 11, 9, 14, 0, 39, 21
16, CIVILIZATION_NUBIA, 3, 5, 3, 1, 7, 0, 0, 0, 24, 2, 73, 12, 15, 9, 20, 2, 39, 16
16, CIVILIZATION_KHMER, 1, 1, 2, 2, 6, 0, 0, 0, 11, 0, 266, 23, 6, 6, 16, 8, 10, 3
16, CIVILIZATION_HUNGARY, 1, 2, 2, 1, 7, 0, 0, 0, 9, 0, 173, 8, 8, 5, 12, 1, 21, 5
16, CIVILIZATION_GERMANY, 3, 6, 2, 2, 6, 0, 0, 0, 24, 3, 113, 0, 9, 10, 10, 0, 47, 21
16, CIVILIZATION_MONGOLIA, 3, 5, 3, 2, 6, 0, 0, 0, 25, 3, 203, 4, 9, 12, 20, 0, 34, 18
16, CIVILIZATION_ROME, 2, 3, 3, 3, 6, 0, 0, 0, 18, 5, 200, 27, 19, 8, 26, 5, 33, 9
16, CIVILIZATION_SUMERIA, 2, 5, 3, 2, 7, 0, 0, 0, 16, 3, 153, 0, 11, 6, 10, 0, 43, 15
16, CIVILIZATION_MEXICO_CITY, 1, 3, 3, 2, 5, 0, 0, 0, 7, 2, 93, 0, 3, 1, 6, 0, 4, 10
16, CIVILIZATION_NAN_MADOL, 1, 3, 2, 2, 5, 0, 0, 0, 7, 1, 105, 0, 3, 1, 7, 0, 3, 9
16, CIVILIZATION_BOLOGNA, 1, 3, 2, 2, 5, 0, 0, 0, 9, 0, 135, 0, 3, 1, 8, 0, 6, 10
16, CIVILIZATION_AKKAD, 1, 2, 2, 2, 5, 0, 0, 0, 7, 0, 135, 0, 3, 1, 8, 0, 4, 6
16, CIVILIZATION_JAKARTA, 1, 2, 3, 2, 5, 0, 0, 0, 7, 0, 88, 0, 5, 1, 5, 0, 3, 6
16, CIVILIZATION_VALLETTA, 1, 2, 1, 2, 5, 0, 0, 0, 7, 0, 88, 0, 3, 1, 5, 0, 4, 5
16, CIVILIZATION_BABYLON, 1, 2, 1, 2, 5, 0, 0, 0, 7, 0, 88, 0, 3, 1, 5, 0, 4, 4
16, CIVILIZATION_GENEVA, 1, 2, 2, 2, 5, 0, 0, 0, 7, 0, 88, 0, 5, 2, 5, 0, 5, 6
16, CIVILIZATION_ANTIOCH, 1, 3, 2, 2, 5, 0, 0, 0, 7, 0, 88, 0, 5, 1, 5, 0, 6, 10
16, CIVILIZATION_LA_VENTA, 1, 2, 2, 2, 5, 0, 0, 0, 7, 0, 88, 0, 4, 1, 5, 0, 4, 5
16, CIVILIZATION_CAHOKIA, 1, 2, 2, 2, 5, 0, 0, 0, 9, 0, 151, 0, 3, 1, 9, 0, 5, 6
16, CIVILIZATION_ANTANANARIVO, 1, 2, 2, 2, 5, 0, 0, 0, 7, 0, 88, 0, 3, 1, 5, 0, 5, 4
16, CIVILIZATION_VILNIUS, 1, 3, 2, 2, 5, 0, 0, 0, 8, 0, 148, 0, 3, 1, 6, 0, 4, 9
16, CIVILIZATION_GRANADA, 1, 2, 3, 2, 5, 0, 0, 0, 7, 1, 104, 0, 4, 3, 6, 0, 4, 5
16, CIVILIZATION_KABUL, 1, 3, 2, 2, 5, 0, 0, 0, 8, 3, 142, 0, 3, 1, 5, 0, 5, 10
16, CIVILIZATION_ZANZIBAR, 1, 3, 2, 2, 5, 0, 0, 0, 7, 0, 104, 0, 3, 1, 7, 0, 4, 8
16, CIVILIZATION_MOHENJO_DARO, 1, 2, 1, 2, 5, 0, 0, 0, 8, 0, 89, 0, 3, 1, 6, 0, 5, 4
16, CIVILIZATION_LISBON, 1, 2, 2, 2, 5, 0, 0, 0, 7, 0, 105, 0, 3, 1, 7, 0, 3, 4
16, CIVILIZATION_KANDY, 1, 2, 2, 2, 5, 0, 0, 0, 7, 0, 88, 0, 3, 2, 5, 0, 3, 7
16, CIVILIZATION_NGAZARGAMU, 1, 2, 1, 2, 5, 0, 0, 0, 7, 0, 105, 0, 3, 1, 7, 0, 3, 4
16, CIVILIZATION_HONG_KONG, 1, 2, 2, 2, 5, 0, 0, 0, 7, 0, 88, 0, 5, 1, 5, 0, 5, 6
16, CIVILIZATION_BRUSSELS, 1, 2, 2, 2, 5, 0, 0, 0, 7, 0, 104, 0, 3, 1, 6, 0, 4, 7
16, CIVILIZATION_FREE_CITIES, 0, 0, 0, 0, 0, 0, 0, 0, 0, 0, 0, 0, 0, 0, 0, 0, 0, 0
17, CIVILIZATION_KONGO, 3, 5, 5, 2, 5, 0, 0, 0, 37, 5, 26735, 13, 19, 8, 17, 1, 23, 28
17, CIVILIZATION_KONGO, 3, 5, 2, 2, 6, 0, 0, 0, 25, 1, 325, 0, 12, 9, 22, 0, 42, 18
17, CIVILIZATION_OTTOMAN, 2, 6, 2, 2, 7, 0, 0, 0, 18, 4, 275, 0, 12, 9, 13, 0, 42, 24
17, CIVILIZATION_NUBIA, 3, 5, 3, 1, 6, 0, 0, 0, 24, 1, 94, 15, 15, 9, 20, 2, 39, 16
17, CIVILIZATION_KHMER, 1, 1, 2, 2, 6, 0, 0, 0, 12, 1, 224, 31, 6, 1, 14, 8, 14, 5
17, CIVILIZATION_HUNGARY, 1, 2, 2, 1, 7, 0, 0, 0, 9, 0, 186, 10, 8, 5, 12, 1, 21, 6
17, CIVILIZATION_GERMANY, 3, 6, 2, 2, 6, 0, 0, 0, 25, 3, 123, 0, 9, 13, 10, 0, 47, 21
17, CIVILIZATION_MONGOLIA, 3, 5, 3, 3, 6, 0, 0, 0, 26, 3, 224, 4, 9, 12, 20, 0, 34, 18
17, CIVILIZATION_ROME, 2, 3, 3, 3, 7, 0, 0, 0, 19, 5, 227, 8, 19, 8, 26, 5, 33, 9
17, CIVILIZATION_SUMERIA, 2, 5, 3, 2, 7, 0, 0, 0, 17, 3, 163, 0, 11, 6, 10, 0, 43, 15
17, CIVILIZATION_MEXICO_CITY, 1, 3, 3, 2, 5, 0, 0, 0, 7, 2, 100, 0, 3, 1, 6, 0, 4, 10
17, CIVILIZATION_NAN_MADOL, 1, 3, 2, 2, 5, 0, 0, 0, 7, 1, 112, 0, 3, 1, 7, 0, 3, 9
17, CIVILIZATION_BOLOGNA, 1, 3, 2, 2, 5, 0, 0, 0, 9, 0, 144, 0, 3, 4, 8, 0, 6, 10
17, CIVILIZATION_AKKAD, 1, 2, 2, 2, 5, 0, 0, 0, 7, 0, 144, 0, 3, 1, 8, 0, 4, 6
17, CIVILIZATION_JAKARTA, 1, 2, 3, 2, 5, 0, 0, 0, 7, 0, 94, 0, 5, 1, 5, 0, 3, 6
17, CIVILIZATION_VALLETTA, 1, 2, 2, 2, 5, 0, 0, 0, 7, 0, 94, 0, 3, 1, 5, 0, 4, 5
17, CIVILIZATION_BABYLON, 1, 2, 1, 2, 5, 0, 0, 0, 7, 0, 94, 0, 3, 1, 5, 0, 4, 4
17, CIVILIZATION_GENEVA, 1, 2, 3, 2, 5, 0, 0, 0, 7, 0, 94, 0, 5, 2, 5, 0, 5, 6
17, CIVILIZATION_ANTIOCH, 1, 3, 2, 2, 5, 0, 0, 0, 7, 0, 94, 0, 5, 1, 5, 0, 6, 10
17, CIVILIZATION_LA_VENTA, 1, 2, 2, 2, 5, 0, 0, 0, 8, 0, 94, 0, 4, 1, 5, 0, 5, 5
17, CIVILIZATION_CAHOKIA, 1, 2, 2, 2, 5, 0, 0, 0, 9, 0, 161, 0, 5, 1, 9, 0, 5, 6
17, CIVILIZATION_ANTANANARIVO, 1, 2, 2, 2, 5, 0, 0, 0, 7, 0, 94, 0, 3, 1, 5, 0, 5, 4
17, CIVILIZATION_VILNIUS, 1, 3, 2, 2, 5, 0, 0, 0, 8, 0, 154, 0, 3, 1, 6, 0, 4, 9
17, CIVILIZATION_GRANADA, 1, 2, 4, 2, 5, 0, 0, 0, 7, 1, 110, 0, 4, 3, 6, 0, 5, 4
17, CIVILIZATION_KABUL, 1, 3, 2, 2, 5, 0, 0, 0, 8, 3, 148, 0, 3, 1, 5, 0, 5, 10
17, CIVILIZATION_ZANZIBAR, 1, 3, 2, 2, 5, 0, 0, 0, 7, 0, 111, 0, 3, 1, 7, 0, 4, 8
17, CIVILIZATION_MOHENJO_DARO, 1, 2, 2, 2, 5, 0, 0, 0, 8, 0, 96, 0, 5, 1, 6, 0, 6, 4
17, CIVILIZATION_LISBON, 1, 2, 2, 2, 5, 0, 0, 0, 7, 0, 112, 0, 3, 1, 7, 0, 3, 4
17, CIVILIZATION_KANDY, 1, 3, 2, 2, 5, 0, 0, 0, 7, 0, 95, 0, 3, 3, 6, 0, 4, 8
17, CIVILIZATION_NGAZARGAMU, 1, 2, 2, 2, 5, 0, 0, 0, 7, 0, 112, 0, 3, 1, 7, 0, 3, 4
17, CIVILIZATION_HONG_KONG, 1, 2, 2, 2, 5, 0, 0, 0, 7, 0, 94, 0, 5, 1, 5, 0, 5, 6
17, CIVILIZATION_BRUSSELS, 1, 2, 2, 2, 5, 0, 0, 0, 7, 0, 110, 0, 3, 1, 6, 0, 4, 7
17, CIVILIZATION_FREE_CITIES, 0, 0, 0, 0, 0, 0, 0, 0, 0, 0, 0, 0, 0, 0, 0, 0, 0, 0
18, CIVILIZATION_KONGO, 3, 6, 5, 3, 5, 0, 0, 0, 39, 6, 26656, 14, 19, 9, 17, 1, 24, 33
18, CIVILIZATION_KONGO, 3, 6, 3, 2, 6, 0, 0, 0, 26, 1, 303, 0, 12, 9, 28, 0, 51, 19
18, CIVILIZATION_OTTOMAN, 2, 6, 2, 2, 7, 0, 0, 0, 18, 4, 289, 0, 12, 9, 13, 0, 42, 24
18, CIVILIZATION_NUBIA, 3, 6, 4, 2, 6, 0, 0, 0, 25, 1, 125, 18, 15, 9, 30, 2, 44, 23
18, CIVILIZATION_KHMER, 1, 1, 2, 2, 6, 0, 0, 0, 12, 1, 237, 21, 6, 1, 14, 14, 14, 5
18, CIVILIZATION_HUNGARY, 1, 2, 2, 1, 7, 0, 0, 0, 9, 0, 198, 11, 8, 5, 12, 1, 21, 6
18, CIVILIZATION_GERMANY, 3, 6, 2, 2, 6, 0, 0, 0, 25, 4, 133, 0, 9, 13, 10, 0, 47, 21
18, CIVILIZATION_MONGOLIA, 3, 5, 4, 3, 6, 0, 0, 0, 26, 3, 246, 4, 9, 12, 22, 0, 34, 19
18, CIVILIZATION_ROME, 2, 4, 3, 3, 7, 0, 0, 0, 20, 5, 253, 14, 20, 8, 26, 5, 38, 11
18, CIVILIZATION_SUMERIA, 2, 5, 3, 2, 7, 0, 0, 0, 19, 3, 173, 0, 12, 6, 10, 0, 48, 15
18, CIVILIZATION_MEXICO_CITY, 1, 3, 3, 2, 5, 0, 0, 0, 7, 2, 106, 0, 3, 1, 6, 0, 4, 10
18, CIVILIZATION_NAN_MADOL, 1, 3, 2, 2, 5, 0, 0, 0, 7, 1, 120, 0, 3, 1, 7, 0, 3, 9
18, CIVILIZATION_BOLOGNA, 1, 3, 2, 2, 5, 0, 0, 0, 9, 0, 152, 0, 3, 4, 8, 0, 6, 10
18, CIVILIZATION_AKKAD, 1, 2, 2, 2, 5, 0, 0, 0, 7, 0, 152, 0, 5, 1, 8, 0, 4, 6
18, CIVILIZATION_JAKARTA, 1, 2, 3, 2, 5, 0, 0, 0, 7, 0, 99, 0, 5, 1, 5, 0, 3, 6
18, CIVILIZATION_VALLETTA, 1, 2, 3, 2, 5, 0, 0, 0, 7, 0, 99, 0, 3, 1, 5, 0, 4, 5
18, CIVILIZATION_BABYLON, 1, 2, 1, 2, 5, 0, 0, 0, 7, 0, 99, 0, 3, 1, 5, 0, 4, 4
18, CIVILIZATION_GENEVA, 1, 2, 3, 2, 5, 0, 0, 0, 7, 0, 99, 0, 5, 2, 5, 0, 5, 6
18, CIVILIZATION_ANTIOCH, 1, 4, 2, 2, 5, 0, 0, 0, 7, 1, 99, 0, 6, 2, 5, 0, 7, 12
18, CIVILIZATION_LA_VENTA, 1, 2, 2, 2, 5, 0, 0, 0, 8, 0, 99, 0, 4, 1, 5, 0, 5, 5
18, CIVILIZATION_CAHOKIA, 1, 2, 2, 2, 5, 0, 0, 0, 9, 0, 170, 0, 5, 1, 9, 0, 5, 6
18, CIVILIZATION_ANTANANARIVO, 1, 2, 2, 2, 5, 0, 0, 0, 7, 0, 149, 0, 3, 1, 5, 0, 5, 4
18, CIVILIZATION_VILNIUS, 1, 3, 2, 2, 5, 0, 0, 0, 8, 0, 160, 0, 3, 1, 6, 0, 4, 9
18, CIVILIZATION_GRANADA, 1, 2, 4, 2, 5, 0, 0, 0, 7, 1, 117, 0, 4, 5, 6, 0, 4, 5
18, CIVILIZATION_KABUL, 1, 3, 2, 2, 5, 0, 0, 0, 8, 3, 153, 0, 3, 1, 5, 0, 5, 10
18, CIVILIZATION_ZANZIBAR, 1, 3, 2, 2, 5, 0, 0, 0, 7, 0, 119, 0, 3, 1, 7, 0, 4, 8
18, CIVILIZATION_MOHENJO_DARO, 1, 2, 3, 2, 5, 0, 0, 0, 8, 0, 101, 0, 5, 1, 5, 0, 6, 5
18, CIVILIZATION_LISBON, 1, 2, 2, 2, 5, 0, 0, 0, 7, 0, 120, 0, 3, 1, 7, 0, 3, 4
18, CIVILIZATION_KANDY, 1, 3, 2, 2, 5, 0, 0, 0, 7, 0, 101, 0, 3, 3, 6, 0, 4, 8
18, CIVILIZATION_NGAZARGAMU, 1, 2, 3, 2, 5, 0, 0, 0, 7, 0, 120, 0, 3, 1, 7, 0, 3, 4
18, CIVILIZATION_HONG_KONG, 1, 3, 2, 2, 5, 0, 0, 0, 7, 0, 99, 0, 5, 1, 5, 0, 6, 7
18, CIVILIZATION_BRUSSELS, 1, 2, 2, 2, 5, 0, 0, 0, 7, 0, 117, 0, 5, 1, 6, 0, 4, 7
18, CIVILIZATION_FREE_CITIES, 0, 0, 0, 0, 0, 0, 0, 0, 0, 0, 0, 0, 0, 0, 0, 0, 0, 0
19, CIVILIZATION_KONGO, 3, 6, 6, 3, 5, 0, 0, 0, 40, 7, 26672, 15, 19, 9, 17, 1, 24, 33
19, CIVILIZATION_KONGO, 3, 6, 3, 2, 6, 0, 0, 0, 26, 1, 331, 0, 12, 9, 28, 0, 51, 19
19, CIVILIZATION_OTTOMAN, 2, 7, 3, 2, 7, 0, 0, 0, 18, 4, 302, 1, 13, 9, 13, 1, 49, 27
19, CIVILIZATION_NUBIA, 3, 6, 5, 2, 6, 0, 0, 0, 25, 2, 154, 22, 15, 9, 30, 4, 46, 24
19, CIVILIZATION_KHMER, 1, 2, 2, 2, 6, 0, 0, 0, 13, 1, 255, 38, 7, 6, 18, 17, 17, 5
19, CIVILIZATION_HUNGARY, 1, 2, 3, 1, 8, 0, 0, 0, 9, 0, 210, 13, 8, 5, 12, 1, 21, 6
19, CIVILIZATION_GERMANY, 3, 6, 2, 3, 6, 0, 0, 0, 27, 4, 143, 0, 9, 13, 10, 0, 47, 21
19, CIVILIZATION_MONGOLIA, 3, 7, 4, 3, 6, 0, 0, 0, 26, 3, 268, 5, 13, 12, 22, 1, 46, 23
19, CIVILIZATION_ROME, 2, 4, 3, 3, 7, 0, 0, 0, 20, 6, 280, 19, 20, 8, 26, 5, 42, 12
19, CIVILIZATION_SUMERIA, 3, 6, 4, 2, 9, 0, 0, 0, 26, 3, 183, 0, 15, 6, 10, 0, 50, 20
19, CIVILIZATION_MEXICO_CITY, 1, 4, 3, 2, 5, 0, 0, 0, 7, 2, 113, 0, 4, 2, 7, 0, 5, 11
19, CIVILIZATION_NAN_MADOL, 1, 3, 2, 2, 5, 0, 0, 0, 7, 1, 127, 0, 3, 1, 7, 0, 3, 9
19, CIVILIZATION_BOLOGNA, 1, 3, 2, 2, 5, 0, 0, 0, 9, 0, 161, 0, 3, 4, 8, 0, 6, 10
19, CIVILIZATION_AKKAD, 1, 2, 2, 2, 5, 0, 0, 0, 7, 0, 161, 0, 5, 1, 8, 0, 4, 6
19, CIVILIZATION_JAKARTA, 1, 2, 4, 2, 5, 0, 0, 0, 7, 0, 104, 0, 5, 1, 5, 0, 3, 6
19, CIVILIZATION_VALLETTA, 1, 2, 4, 2, 5, 0, 0, 0, 7, 0, 104, 0, 5, 1, 5, 0, 4, 5
19, CIVILIZATION_BABYLON, 1, 2, 1, 2, 5, 0, 0, 0, 7, 0, 104, 0, 5, 1, 5, 0, 4, 4
19, CIVILIZATION_GENEVA, 1, 2, 3, 2, 5, 0, 0, 0, 7, 0, 104, 0, 5, 2, 5, 0, 5, 6
19, CIVILIZATION_ANTIOCH, 1, 4, 2, 2, 5, 0, 0, 0, 7, 2, 104, 0, 6, 2, 5, 0, 7, 13
19, CIVILIZATION_LA_VENTA, 1, 2, 2, 2, 5, 0, 0, 0, 8, 0, 104, 0, 6, 1, 5, 0, 5, 5
19, CIVILIZATION_CAHOKIA, 1, 2, 2, 2, 5, 0, 0, 0, 9, 0, 180, 0, 5, 1, 9, 0, 5, 6
19, CIVILIZATION_ANTANANARIVO, 1, 2, 2, 2, 5, 0, 0, 0, 7, 0, 154, 0, 5, 1, 5, 0, 5, 4
19, CIVILIZATION_VILNIUS, 1, 3, 2, 2, 5, 0, 0, 0, 8, 0, 166, 0, 3, 1, 6, 0, 4, 9
19, CIVILIZATION_GRANADA, 1, 2, 4, 2, 5, 0, 0, 0, 7, 2, 123, 0, 6, 7, 6, 0, 4, 4
19, CIVILIZATION_KABUL, 1, 3, 2, 2, 5, 0, 0, 0, 8, 3, 158, 0, 3, 1, 5, 0, 5, 10
19, CIVILIZATION_ZANZIBAR, 1, 3, 2, 2, 5, 0, 0, 0, 7, 0, 126, 0, 5, 1, 7, 0, 4, 8
19, CIVILIZATION_MOHENJO_DARO, 1, 2, 4, 2, 5, 0, 0, 0, 8, 0, 106, 0, 5, 1, 5, 0, 6, 5
19, CIVILIZATION_LISBON, 1, 2, 2, 2, 5, 0, 0, 0, 7, 0, 127, 0, 3, 1, 7, 0, 3, 4
19, CIVILIZATION_KANDY, 1, 3, 2, 2, 5, 0, 0, 0, 7, 0, 107, 0, 3, 3, 6, 0, 4, 8
19, CIVILIZATION_NGAZARGAMU, 1, 2, 4, 2, 5, 0, 0, 0, 7, 0, 127, 0, 3, 1, 7, 0, 3, 4
19, CIVILIZATION_HONG_KONG, 1, 3, 3, 2, 5, 0, 0, 0, 7, 0, 104, 0, 5, 1, 5, 0, 6, 7
19, CIVILIZATION_BRUSSELS, 1, 2, 2, 2, 5, 0, 0, 0, 7, 0, 123, 0, 5, 1, 6, 0, 4, 7
19, CIVILIZATION_FREE_CITIES, 0, 0, 0, 0, 0, 0, 0, 0, 0, 0, 0, 0, 0, 0, 0, 0, 0, 0
20, CIVILIZATION_KONGO, 4, 8, 6, 3, 5, 0, 0, 0, 48, 7, 24828, 16, 23, 11, 17, 1, 31, 41
20, CIVILIZATION_KONGO, 3, 5, 3, 3, 6, 0, 0, 0, 27, 1, 359, 0, 12, 9, 28, 0, 44, 17
20, CIVILIZATION_OTTOMAN, 2, 7, 3, 2, 7, 0, 0, 0, 18, 4, 315, 2, 13, 9, 13, 1, 49, 27
20, CIVILIZATION_NUBIA, 3, 6, 5, 2, 6, 0, 0, 0, 25, 2, 184, 27, 18, 9, 30, 4, 46, 24
20, CIVILIZATION_KHMER, 1, 2, 2, 2, 6, 0, 0, 0, 13, 1, 272, 56, 7, 6, 18, 17, 17, 5
20, CIVILIZATION_HUNGARY, 1, 2, 3, 2, 8, 0, 0, 0, 9, 0, 223, 14, 8, 5, 12, 1, 21, 6
20, CIVILIZATION_GERMANY, 3, 5, 2, 3, 6, 0, 0, 0, 27, 4, 153, 0, 9, 12, 10, 0, 40, 18
20, CIVILIZATION_MONGOLIA, 3, 7, 4, 3, 6, 0, 0, 0, 26, 3, 290, 7, 13, 12, 22, 1, 44, 22
20, CIVILIZATION_ROME, 2, 5, 4, 3, 8, 0, 0, 0, 20, 8, 305, 25, 20, 9, 26, 5, 47, 15
20, CIVILIZATION_SUMERIA, 3, 6, 4, 3, 9, 0, 0, 0, 26, 3, 193, 0, 15, 6, 10, 0, 50, 20
20, CIVILIZATION_MEXICO_CITY, 1, 4, 3, 2, 5, 0, 0, 0, 7, 2, 121, 0, 4, 2, 7, 0, 5, 11
20, CIVILIZATION_NAN_MADOL, 1, 3, 2, 2, 5, 0, 0, 0, 7, 1, 134, 0, 3, 1, 7, 0, 3, 9
20, CIVILIZATION_BOLOGNA, 1, 3, 2, 2, 5, 0, 0, 0, 9, 1, 169, 0, 3, 4, 8, 0, 6, 10
20, CIVILIZATION_AKKAD, 1, 3, 2, 2, 5, 0, 0, 0, 7, 0, 169, 0, 5, 1, 8, 0, 5, 8
20, CIVILIZATION_JAKARTA, 1, 3, 4, 2, 5, 0, 0, 0, 7, 0, 109, 0, 5, 1, 5, 0, 5, 7
20, CIVILIZATION_VALLETTA, 1, 2, 4, 2, 5, 0, 0, 0, 7, 0, 109, 0, 5, 1, 5, 0, 4, 5
20, CIVILIZATION_BABYLON, 1, 2, 1, 2, 5, 0, 0, 0, 7, 0, 109, 0, 5, 1, 5, 0, 4, 4
20, CIVILIZATION_GENEVA, 1, 3, 3, 2, 5, 0, 0, 0, 7, 0, 109, 0, 5, 3, 5, 0, 7, 7
20, CIVILIZATION_ANTIOCH, 1, 4, 2, 2, 5, 0, 0, 0, 7, 2, 109, 0, 6, 2, 5, 0, 7, 13
20, CIVILIZATION_LA_VENTA, 1, 2, 2, 2, 5, 0, 0, 0, 8, 0, 109, 0, 6, 1, 5, 0, 5, 5
20, CIVILIZATION_CAHOKIA, 1, 3, 2, 2, 5, 0, 0, 0, 9, 0, 189, 0, 5, 1, 9, 0, 6, 8
20, CIVILIZATION_ANTANANARIVO, 1, 2, 2, 2, 5, 0, 0, 0, 7, 0, 159, 0, 5, 1, 5, 0, 5, 4
20, CIVILIZATION_VILNIUS, 1, 3, 2, 2, 5, 0, 0, 0, 8, 0, 172, 0, 5, 1, 6, 0, 4, 9
20, CIVILIZATION_GRANADA, 1, 2, 4, 2, 5, 0, 0, 0, 7, 2, 129, 0, 5, 5, 6, 0, 4, 5
20, CIVILIZATION_KABUL, 1, 4, 2, 2, 5, 0, 0, 0, 8, 3, 163, 0, 4, 2, 5, 0, 6, 12
20, CIVILIZATION_ZANZIBAR, 1, 3, 2, 2, 5, 0, 0, 0, 7, 0, 133, 0, 5, 1, 7, 0, 4, 8
20, CIVILIZATION_MOHENJO_DARO, 1, 2, 4, 2, 5, 0, 0, 0, 8, 0, 111, 0, 5, 1, 5, 0, 6, 5
20, CIVILIZATION_LISBON, 1, 2, 2, 2, 5, 0, 0, 0, 7, 0, 134, 0, 3, 1, 7, 0, 3, 4
20, CIVILIZATION_KANDY, 1, 3, 2, 2, 5, 0, 0, 0, 7, 0, 113, 0, 5, 3, 6, 0, 4, 8
20, CIVILIZATION_NGAZARGAMU, 1, 2, 4, 2, 5, 0, 0, 0, 7, 0, 134, 0, 3, 1, 7, 0, 3, 4
20, CIVILIZATION_HONG_KONG, 1, 3, 4, 2, 5, 0, 0, 0, 7, 0, 159, 0, 5, 1, 5, 0, 6, 7
20, CIVILIZATION_BRUSSELS, 1, 2, 2, 2, 5, 0, 0, 0, 8, 0, 129, 0, 5, 1, 6, 0, 4, 7
20, CIVILIZATION_FREE_CITIES, 0, 0, 0, 0, 0, 0, 0, 0, 0, 0, 0, 0, 0, 0, 0, 0, 0, 0
21, CIVILIZATION_KONGO, 4, 9, 6, 3, 5, 0, 0, 0, 49, 8, 24875, 17, 23, 12, 19, 1, 33, 44
21, CIVILIZATION_KONGO, 3, 5, 3, 3, 6, 0, 0, 0, 27, 1, 388, 0, 14, 9, 28, 0, 44, 17
21, CIVILIZATION_OTTOMAN, 2, 7, 3, 3, 7, 0, 0, 0, 22, 4, 328, 13, 13, 9, 13, 10, 53, 27
21, CIVILIZATION_NUBIA, 3, 6, 5, 3, 6, 0, 0, 0, 25, 2, 214, 31, 18, 9, 30, 4, 46, 24
21, CIVILIZATION_KHMER, 1, 2, 3, 2, 6, 0, 0, 0, 13, 1, 289, 82, 7, 6, 18, 26, 17, 5
21, CIVILIZATION_HUNGARY, 1, 2, 3, 2, 9, 0, 0, 0, 9, 1, 235, 15, 8, 5, 12, 1, 21, 6
21, CIVILIZATION_GERMANY, 3, 6, 2, 3, 6, 0, 0, 0, 27, 4, 163, 0, 9, 13, 10, 0, 45, 20
21, CIVILIZATION_MONGOLIA, 3, 7, 4, 3, 6, 0, 0, 0, 26, 3, 312, 8, 13, 12, 22, 1, 44, 22
21, CIVILIZATION_ROME, 2, 5, 4, 3, 8, 0, 0, 0, 20, 8, 330, 31, 20, 9, 26, 5, 47, 15
21, CIVILIZATION_SUMERIA, 3, 6, 4, 3, 9, 0, 0, 0, 26, 4, 143, 0, 15, 11, 10, 0, 54, 20
21, CIVILIZATION_MEXICO_CITY, 1, 4, 3, 3, 5, 0, 0, 0, 7, 2, 178, 0, 4, 2, 7, 0, 5, 11
21, CIVILIZATION_NAN_MADOL, 1, 3, 2, 3, 5, 0, 0, 0, 7, 1, 142, 0, 3, 1, 7, 0, 3, 9
21, CIVILIZATION_BOLOGNA, 1, 4, 2, 3, 5, 0, 0, 0, 9, 1, 177, 0, 4, 4, 8, 0, 7, 13
21, CIVILIZATION_AKKAD, 1, 3, 3, 3, 5, 0, 0, 0, 7, 0, 180, 0, 5, 1, 10, 0, 5, 10
21, CIVILIZATION_JAKARTA, 1, 3, 4, 3, 5, 0, 0, 0, 7, 0, 115, 0, 7, 1, 5, 0, 5, 7
21, CIVILIZATION_VALLETTA, 1, 2, 4, 3, 5, 0, 0, 0, 7, 0, 115, 0, 5, 1, 5, 0, 4, 5
21, CIVILIZATION_BABYLON, 1, 2, 1, 3, 5, 0, 0, 0, 7, 0, 115, 0, 5, 1, 5, 0, 4, 4
21, CIVILIZATION_GENEVA, 1, 3, 3, 3, 5, 0, 0, 0, 7, 0, 115, 0, 5, 3, 5, 0, 7, 7
21, CIVILIZATION_ANTIOCH, 1, 4, 2, 3, 5, 0, 0, 0, 7, 1, 165, 0, 6, 2, 5, 0, 7, 13
21, CIVILIZATION_LA_VENTA, 1, 2, 2, 3, 5, 0, 0, 0, 8, 0, 115, 0, 6, 1, 5, 0, 5, 5
21, CIVILIZATION_CAHOKIA, 1, 3, 3, 3, 5, 0, 0, 0, 9, 0, 203, 0, 5, 1, 13, 0, 6, 12
21, CIVILIZATION_ANTANANARIVO, 1, 2, 2, 3, 5, 0, 0, 0, 7, 0, 165, 0, 5, 1, 5, 0, 5, 4
21, CIVILIZATION_VILNIUS, 1, 3, 3, 3, 5, 0, 0, 0, 8, 0, 178, 0, 5, 1, 6, 0, 5, 9
21, CIVILIZATION_GRANADA, 1, 2, 4, 3, 5, 0, 0, 0, 7, 2, 135, 0, 6, 7, 6, 0, 4, 4
21, CIVILIZATION_KABUL, 1, 4, 2, 3, 5, 0, 0, 0, 8, 3, 169, 0, 4, 2, 5, 0, 6, 12
21, CIVILIZATION_ZANZIBAR, 1, 3, 2, 3, 5, 0, 0, 0, 7, 0, 141, 0, 5, 1, 7, 0, 4, 8
21, CIVILIZATION_MOHENJO_DARO, 1, 2, 4, 3, 5, 0, 0, 0, 8, 0, 117, 0, 5, 1, 5, 0, 6, 5
21, CIVILIZATION_LISBON, 1, 2, 2, 3, 5, 0, 0, 0, 7, 0, 142, 0, 3, 1, 7, 0, 3, 4
21, CIVILIZATION_KANDY, 1, 3, 3, 3, 5, 0, 0, 0, 7, 0, 122, 0, 5, 3, 8, 0, 4, 10
21, CIVILIZATION_NGAZARGAMU, 1, 2, 4, 3, 5, 0, 0, 0, 7, 0, 142, 0, 3, 1, 7, 0, 3, 4
21, CIVILIZATION_HONG_KONG, 1, 3, 4, 3, 5, 0, 0, 0, 7, 0, 164, 0, 5, 1, 5, 0, 6, 7
21, CIVILIZATION_BRUSSELS, 1, 2, 2, 3, 5, 0, 0, 0, 8, 0, 135, 0, 5, 1, 6, 0, 4, 7
21, CIVILIZATION_FREE_CITIES, 0, 0, 0, 0, 0, 0, 0, 0, 0, 0, 0, 0, 0, 0, 0, 0, 0, 0
22, CIVILIZATION_KONGO, 4, 9, 6, 4, 5, 0, 0, 0, 51, 8, 24738, 18, 23, 12, 19, 1, 33, 44
22, CIVILIZATION_KONGO, 3, 5, 3, 3, 7, 0, 0, 0, 28, 1, 130, 0, 14, 9, 28, 0, 44, 18
22, CIVILIZATION_OTTOMAN, 2, 7, 3, 3, 7, 0, 0, 0, 22, 4, 341, 24, 15, 9, 13, 10, 53, 27
22, CIVILIZATION_NUBIA, 3, 7, 5, 3, 6, 0, 0, 0, 25, 2, 244, 35, 19, 10, 30, 4, 53, 25
22, CIVILIZATION_KHMER, 1, 2, 3, 3, 6, 0, 0, 0, 13, 1, 305, 108, 7, 6, 18, 26, 17, 5
22, CIVILIZATION_HUNGARY, 1, 2, 4, 2, 9, 0, 0, 0, 10, 1, 247, 17, 8, 5, 12, 1, 21, 6
22, CIVILIZATION_GERMANY, 3, 6, 2, 3, 6, 0, 0, 0, 27, 4, 173, 0, 12, 13, 10, 0, 45, 20
22, CIVILIZATION_MONGOLIA, 3, 7, 4, 3, 6, 0, 0, 0, 27, 4, 106, 8, 16, 12, 24, 0, 40, 24
22, CIVILIZATION_ROME, 2, 5, 4, 3, 10, 0, 0, 0, 20, 8, 353, 36, 20, 9, 26, 5, 47, 15
22, CIVILIZATION_SUMERIA, 3, 7, 4, 3, 9, 0, 0, 0, 27, 4, 152, 0, 13, 10, 10, 0, 64, 24
22, CIVILIZATION_MEXICO_CITY, 1, 4, 3, 3, 5, 0, 0, 0, 7, 2, 185, 0, 4, 2, 7, 0, 5, 11
22, CIVILIZATION_NAN_MADOL, 1, 4, 3, 3, 5, 0, 0, 0, 7, 1, 154, 0, 4, 2, 12, 0, 4, 14
22, CIVILIZATION_BOLOGNA, 1, 4, 2, 3, 5, 0, 0, 0, 9, 2, 186, 0, 4, 4, 8, 0, 7, 13
22, CIVILIZATION_AKKAD, 1, 3, 3, 3, 5, 0, 0, 0, 7, 1, 190, 0, 5, 1, 10, 0, 5, 11
22, CIVILIZATION_JAKARTA, 1, 3, 4, 3, 5, 0, 0, 0, 7, 0, 120, 0, 7, 1, 5, 0, 5, 7
22, CIVILIZATION_VALLETTA, 1, 2, 4, 3, 5, 0, 0, 0, 7, 0, 120, 0, 5, 1, 5, 0, 4, 5
22, CIVILIZATION_BABYLON, 1, 2, 2, 3, 5, 0, 0, 0, 7, 0, 120, 0, 5, 1, 5, 0, 4, 4
22, CIVILIZATION_GENEVA, 1, 3, 3, 3, 5, 0, 0, 0, 7, 0, 120, 0, 5, 3, 5, 0, 7, 7
22, CIVILIZATION_ANTIOCH, 1, 4, 2, 3, 5, 0, 0, 0, 7, 1, 170, 0, 6, 2, 5, 0, 7, 13
22, CIVILIZATION_LA_VENTA, 1, 2, 2, 3, 5, 0, 0, 0, 8, 1, 120, 2, 6, 1, 5, 2, 5, 4
22, CIVILIZATION_CAHOKIA, 1, 3, 3, 3, 5, 0, 0, 0, 9, 0, 216, 0, 5, 1, 13, 0, 6, 12
22, CIVILIZATION_ANTANANARIVO, 1, 2, 3, 3, 5, 0, 0, 0, 7, 0, 172, 0, 5, 1, 7, 0, 5, 6
22, CIVILIZATION_VILNIUS, 1, 3, 4, 3, 5, 0, 0, 0, 8, 0, 184, 0, 5, 1, 6, 0, 5, 9
22, CIVILIZATION_GRANADA, 1, 2, 4, 3, 5, 0, 0, 0, 7, 2, 142, 0, 5, 5, 6, 0, 4, 5
22, CIVILIZATION_KABUL, 1, 4, 2, 3, 5, 0, 0, 0, 8, 3, 174, 0, 6, 2, 5, 0, 6, 12
22, CIVILIZATION_ZANZIBAR, 1, 3, 2, 3, 5, 0, 0, 0, 7, 0, 148, 0, 5, 1, 7, 0, 4, 8
22, CIVILIZATION_MOHENJO_DARO, 1, 2, 4, 3, 5, 0, 0, 0, 8, 1, 123, 0, 5, 1, 6, 0, 6, 5
22, CIVILIZATION_LISBON, 1, 2, 2, 3, 5, 0, 0, 0, 7, 0, 149, 0, 3, 1, 7, 0, 3, 4
22, CIVILIZATION_KANDY, 1, 3, 3, 3, 5, 0, 0, 0, 7, 0, 130, 0, 5, 3, 8, 0, 4, 10
22, CIVILIZATION_NGAZARGAMU, 1, 2, 4, 3, 5, 0, 0, 0, 7, 0, 149, 0, 3, 1, 7, 0, 3, 4
22, CIVILIZATION_HONG_KONG, 1, 3, 4, 3, 5, 0, 0, 0, 7, 0, 169, 0, 5, 1, 5, 0, 6, 7
22, CIVILIZATION_BRUSSELS, 1, 2, 2, 3, 5, 0, 0, 0, 8, 0, 142, 0, 5, 1, 6, 0, 4, 7
22, CIVILIZATION_FREE_CITIES, 0, 0, 0, 0, 0, 0, 0, 0, 0, 0, 0, 0, 0, 0, 0, 0, 0, 0
23, CIVILIZATION_KONGO, 5, 10, 8, 4, 5, 0, 0, 0, 62, 8, 23064, 19, 33, 14, 19, 1, 38, 50
23, CIVILIZATION_KONGO, 3, 5, 3, 3, 8, 0, 0, 0, 29, 1, 157, 0, 14, 9, 28, 0, 44, 18
23, CIVILIZATION_OTTOMAN, 2, 8, 3, 3, 8, 0, 0, 0, 22, 4, 353, 34, 16, 10, 13, 10, 53, 30
23, CIVILIZATION_NUBIA, 3, 7, 5, 3, 6, 0, 0, 0, 28, 2, 272, 53, 19, 10, 30, 17, 51, 23
23, CIVILIZATION_KHMER, 1, 2, 3, 3, 6, 0, 0, 0, 13, 1, 321, 134, 7, 6, 18, 26, 17, 5
23, CIVILIZATION_HUNGARY, 1, 2, 4, 2, 9, 0, 0, 0, 10, 1, 260, 18, 8, 5, 12, 1, 21, 6
23, CIVILIZATION_GERMANY, 3, 6, 2, 3, 6, 0, 0, 0, 28, 5, 183, 0, 12, 13, 10, 0, 45, 20
23, CIVILIZATION_MONGOLIA, 3, 7, 4, 4, 6, 0, 0, 0, 28, 4, 130, 8, 16, 12, 24, 0, 40, 24
23, CIVILIZATION_ROME, 2, 5, 4, 3, 10, 0, 0, 0, 20, 8, 376, 42, 20, 9, 26, 5, 47, 15
23, CIVILIZATION_SUMERIA, 3, 7, 5, 3, 9, 0, 0, 0, 27, 4, 161, 0, 13, 10, 10, 0, 64, 24
23, CIVILIZATION_MEXICO_CITY, 1, 4, 4, 3, 5, 0, 0, 0, 7, 2, 195, 0, 4, 4, 9, 0, 5, 13
23, CIVILIZATION_NAN_MADOL, 1, 4, 3, 3, 5, 0, 0, 0, 7, 1, 167, 0, 4, 2, 12, 0, 4, 14
23, CIVILIZATION_BOLOGNA, 1, 4, 2, 3, 5, 0, 0, 0, 9, 2, 194, 0, 4, 4, 8, 0, 7, 13
23, CIVILIZATION_AKKAD, 1, 3, 3, 3, 5, 0, 0, 0, 7, 2, 201, 0, 5, 1, 10, 0, 5, 12
23, CIVILIZATION_JAKARTA, 1, 3, 4, 3, 5, 0, 0, 0, 7, 0, 125, 0, 7, 1, 5, 0, 5, 7
23, CIVILIZATION_VALLETTA, 1, 2, 4, 3, 5, 0, 0, 0, 7, 0, 125, 0, 5, 1, 5, 0, 4, 5
23, CIVILIZATION_BABYLON, 1, 2, 3, 3, 5, 0, 0, 0, 7, 0, 125, 0, 5, 1, 5, 0, 4, 4
23, CIVILIZATION_GENEVA, 1, 3, 3, 3, 5, 0, 0, 0, 7, 0, 125, 0, 5, 3, 5, 0, 7, 7
23, CIVILIZATION_ANTIOCH, 1, 4, 3, 3, 5, 0, 0, 0, 7, 1, 175, 0, 6, 2, 5, 0, 7, 13
23, CIVILIZATION_LA_VENTA, 1, 2, 3, 3, 5, 0, 0, 0, 8, 1, 125, 4, 6, 1, 5, 2, 4, 5
23, CIVILIZATION_CAHOKIA, 1, 3, 3, 3, 5, 0, 0, 0, 9, 0, 230, 0, 5, 1, 13, 0, 6, 12
23, CIVILIZATION_ANTANANARIVO, 1, 2, 3, 3, 5, 0, 0, 0, 7, 0, 179, 0, 5, 1, 7, 0, 5, 6
23, CIVILIZATION_VILNIUS, 1, 3, 4, 3, 5, 0, 0, 0, 8, 0, 190, 0, 5, 1, 6, 0, 5, 9
23, CIVILIZATION_GRANADA, 1, 2, 4, 3, 5, 0, 0, 0, 7, 2, 148, 0, 6, 7, 6, 0, 4, 4
23, CIVILIZATION_KABUL, 1, 4, 2, 3, 5, 0, 0, 0, 8, 3, 179, 0, 6, 2, 5, 0, 6, 12
23, CIVILIZATION_ZANZIBAR, 1, 3, 2, 3, 5, 0, 0, 0, 7, 0, 155, 0, 5, 1, 7, 0, 4, 8
23, CIVILIZATION_MOHENJO_DARO, 1, 2, 4, 3, 5, 0, 0, 0, 8, 1, 129, 0, 5, 1, 6, 0, 6, 5
23, CIVILIZATION_LISBON, 1, 2, 2, 3, 5, 0, 0, 0, 7, 0, 156, 0, 3, 1, 7, 0, 3, 4
23, CIVILIZATION_KANDY, 1, 3, 3, 3, 5, 0, 0, 0, 7, 0, 139, 0, 5, 3, 8, 0, 4, 10
23, CIVILIZATION_NGAZARGAMU, 1, 2, 4, 3, 5, 0, 0, 0, 7, 0, 156, 0, 3, 1, 7, 0, 3, 4
23, CIVILIZATION_HONG_KONG, 1, 3, 4, 3, 5, 0, 0, 0, 7, 0, 174, 0, 5, 1, 5, 0, 6, 7
23, CIVILIZATION_BRUSSELS, 1, 2, 2, 3, 5, 0, 0, 0, 8, 0, 148, 0, 5, 1, 6, 0, 4, 7
23, CIVILIZATION_FREE_CITIES, 0, 0, 0, 0, 0, 0, 0, 0, 0, 0, 0, 0, 0, 0, 0, 0, 0, 0
24, CIVILIZATION_KONGO, 5, 11, 8, 4, 5, 0, 0, 0, 62, 7, 22160, 20, 34, 13, 19, 1, 41, 52
24, CIVILIZATION_KONGO, 4, 7, 4, 3, 9, 0, 0, 0, 36, 1, 191, 0, 16, 9, 34, 0, 61, 24
24, CIVILIZATION_OTTOMAN, 2, 8, 4, 3, 8, 0, 0, 0, 23, 4, 310, 20, 16, 10, 14, 10, 54, 30
24, CIVILIZATION_NUBIA, 3, 7, 6, 3, 7, 0, 0, 0, 28, 2, 300, 70, 19, 10, 30, 17, 51, 23
24, CIVILIZATION_KHMER, 1, 2, 3, 3, 6, 0, 0, 0, 13, 1, 338, 160, 7, 9, 18, 26, 17, 5
24, CIVILIZATION_HUNGARY, 1, 2, 4, 2, 9, 0, 0, 0, 10, 1, 272, 20, 8, 5, 12, 1, 21, 6
24, CIVILIZATION_GERMANY, 3, 6, 2, 4, 6, 0, 0, 0, 28, 5, 192, 1, 12, 13, 10, 1, 49, 23
24, CIVILIZATION_MONGOLIA, 3, 7, 4, 4, 6, 0, 0, 0, 29, 4, 94, 8, 16, 12, 24, 0, 40, 24
24, CIVILIZATION_ROME, 2, 5, 4, 4, 11, 0, 0, 0, 20, 8, 398, 47, 20, 9, 26, 5, 47, 15
24, CIVILIZATION_SUMERIA, 3, 8, 6, 3, 9, 0, 0, 0, 28, 4, 170, 0, 17, 10, 10, 0, 71, 26
24, CIVILIZATION_MEXICO_CITY, 1, 4, 4, 3, 5, 0, 0, 0, 7, 2, 204, 0, 4, 4, 9, 0, 5, 13
24, CIVILIZATION_NAN_MADOL, 1, 4, 3, 3, 5, 0, 0, 0, 7, 1, 180, 0, 4, 2, 12, 0, 4, 14
24, CIVILIZATION_BOLOGNA, 1, 4, 2, 3, 5, 0, 0, 0, 9, 3, 203, 0, 4, 4, 8, 0, 7, 13
24, CIVILIZATION_AKKAD, 1, 3, 3, 3, 5, 0, 0, 0, 7, 3, 211, 0, 5, 1, 10, 0, 5, 12
24, CIVILIZATION_JAKARTA, 1, 3, 4, 3, 5, 0, 0, 0, 7, 0, 180, 0, 7, 1, 5, 0, 5, 7
24, CIVILIZATION_VALLETTA, 1, 2, 4, 3, 5, 0, 0, 0, 7, 0, 130, 0, 5, 1, 5, 0, 4, 5
24, CIVILIZATION_BABYLON, 1, 2, 4, 3, 5, 0, 0, 0, 7, 0, 130, 0, 5, 1, 5, 0, 5, 4
24, CIVILIZATION_GENEVA, 1, 3, 3, 3, 5, 0, 0, 0, 7, 0, 130, 0, 5, 3, 5, 0, 7, 7
24, CIVILIZATION_ANTIOCH, 1, 4, 3, 3, 5, 0, 0, 0, 7, 1, 180, 0, 6, 2, 5, 0, 7, 13
24, CIVILIZATION_LA_VENTA, 1, 2, 4, 3, 5, 0, 0, 0, 8, 1, 130, 6, 6, 1, 5, 2, 5, 4
24, CIVILIZATION_CAHOKIA, 1, 3, 3, 3, 5, 0, 0, 0, 9, 0, 244, 0, 5, 1, 13, 0, 6, 12
24, CIVILIZATION_ANTANANARIVO, 1, 2, 3, 3, 5, 0, 0, 0, 7, 0, 187, 0, 5, 1, 7, 0, 5, 6
24, CIVILIZATION_VILNIUS, 1, 3, 4, 3, 5, 0, 0, 0, 8, 0, 196, 0, 5, 1, 6, 0, 5, 9
24, CIVILIZATION_GRANADA, 1, 2, 4, 3, 5, 0, 0, 0, 7, 2, 154, 0, 5, 5, 6, 0, 4, 5
24, CIVILIZATION_KABUL, 1, 4, 2, 3, 5, 0, 0, 0, 8, 3, 184, 0, 6, 2, 5, 0, 6, 12
24, CIVILIZATION_ZANZIBAR, 1, 3, 2, 3, 5, 0, 0, 0, 7, 0, 163, 0, 5, 1, 7, 0, 4, 8
24, CIVILIZATION_MOHENJO_DARO, 1, 2, 4, 3, 5, 0, 0, 0, 8, 2, 135, 0, 5, 1, 6, 0, 6, 5
24, CIVILIZATION_LISBON, 1, 2, 3, 3, 5, 0, 0, 0, 7, 0, 169, 0, 3, 1, 12, 0, 3, 9
24, CIVILIZATION_KANDY, 1, 3, 3, 3, 5, 0, 0, 0, 7, 0, 147, 0, 5, 3, 8, 0, 4, 10
24, CIVILIZATION_NGAZARGAMU, 1, 2, 4, 3, 5, 0, 0, 0, 7, 0, 164, 0, 3, 1, 7, 0, 3, 4
24, CIVILIZATION_HONG_KONG, 1, 3, 4, 3, 5, 0, 0, 0, 7, 0, 179, 0, 5, 1, 5, 0, 6, 7
24, CIVILIZATION_BRUSSELS, 1, 3, 2, 3, 5, 0, 0, 0, 8, 0, 154, 0, 5, 1, 6, 0, 5, 9
24, CIVILIZATION_FREE_CITIES, 0, 0, 0, 0, 0, 0, 0, 0, 0, 0, 0, 0, 0, 0, 0, 0, 0, 0
25, CIVILIZATION_KONGO, 5, 13, 9, 5, 5, 0, 0, 0, 64, 8, 21531, 21, 41, 14, 16, 1, 51, 59
25, CIVILIZATION_KONGO, 4, 8, 4, 3, 11, 0, 0, 0, 36, 2, 224, 0, 16, 10, 33, 0, 70, 26
25, CIVILIZATION_OTTOMAN, 2, 8, 4, 4, 8, 0, 0, 0, 23, 4, 320, 41, 18, 10, 14, 22, 56, 31
25, CIVILIZATION_NUBIA, 3, 8, 6, 4, 7, 0, 0, 1, 28, 4, 333, 88, 20, 10, 36, 17, 53, 26
25, CIVILIZATION_KHMER, 1, 2, 3, 3, 6, 0, 0, 0, 14, 1, 354, 186, 7, 9, 18, 26, 17, 5
25, CIVILIZATION_HUNGARY, 1, 2, 5, 2, 10, 0, 0, 0, 10, 1, 284, 21, 8, 6, 12, 1, 21, 5
25, CIVILIZATION_GERMANY, 4, 7, 2, 4, 6, 0, 0, 0, 36, 5, 205, 2, 13, 14, 14, 1, 55, 31
25, CIVILIZATION_MONGOLIA, 4, 8, 4, 4, 6, 0, 0, 1, 36, 4, 119, 8, 16, 13, 26, 0, 46, 29
25, CIVILIZATION_ROME, 2, 5, 4, 4, 12, 0, 0, 0, 20, 8, 424, 53, 20, 9, 26, 5, 47, 15
25, CIVILIZATION_SUMERIA, 3, 7, 6, 3, 9, 0, 0, 0, 28, 4, 180, 0, 16, 10, 10, 0, 65, 24
25, CIVILIZATION_MEXICO_CITY, 1, 4, 4, 4, 5, 0, 0, 0, 7, 2, 214, 0, 4, 4, 9, 0, 5, 13
25, CIVILIZATION_NAN_MADOL, 1, 4, 3, 4, 5, 0, 0, 0, 7, 1, 192, 0, 6, 2, 12, 0, 4, 14
25, CIVILIZATION_BOLOGNA, 1, 4, 2, 4, 5, 0, 0, 0, 9, 3, 211, 0, 4, 4, 8, 0, 7, 13
25, CIVILIZATION_AKKAD, 1, 3, 3, 4, 5, 0, 0, 0, 7, 3, 222, 0, 5, 1, 10, 0, 5, 12
25, CIVILIZATION_JAKARTA, 1, 3, 4, 4, 5, 0, 0, 0, 7, 0, 186, 0, 7, 1, 5, 0, 5, 7
25, CIVILIZATION_VALLETTA, 1, 2, 4, 4, 5, 0, 0, 0, 7, 0, 136, 0, 5, 1, 5, 0, 4, 5
25, CIVILIZATION_BABYLON, 1, 2, 4, 4, 5, 0, 0, 0, 7, 0, 136, 0, 5, 1, 5, 0, 5, 4
25, CIVILIZATION_GENEVA, 1, 3, 4, 4, 5, 0, 0, 0, 7, 0, 136, 0, 5, 3, 5, 0, 7, 7
25, CIVILIZATION_ANTIOCH, 1, 4, 3, 4, 5, 0, 0, 0, 7, 1, 186, 0, 6, 2, 5, 0, 7, 13
25, CIVILIZATION_LA_VENTA, 1, 2, 5, 4, 5, 0, 0, 0, 8, 2, 136, 8, 6, 1, 5, 2, 4, 5
25, CIVILIZATION_CAHOKIA, 1, 3, 3, 4, 5, 0, 0, 0, 9, 0, 257, 0, 5, 1, 13, 0, 6, 12
25, CIVILIZATION_ANTANANARIVO, 1, 2, 3, 4, 5, 0, 0, 0, 7, 0, 194, 0, 5, 1, 7, 0, 5, 6
25, CIVILIZATION_VILNIUS, 1, 3, 4, 4, 5, 0, 0, 0, 8, 0, 202, 0, 5, 1, 6, 0, 5, 9
25, CIVILIZATION_GRANADA, 1, 2, 4, 4, 5, 0, 0, 0, 7, 2, 161, 0, 6, 7, 6, 0, 4, 4
25, CIVILIZATION_KABUL, 1, 4, 3, 4, 5, 0, 0, 0, 8, 3, 190, 0, 6, 2, 5, 0, 6, 12
25, CIVILIZATION_ZANZIBAR, 1, 3, 3, 4, 5, 0, 0, 0, 7, 0, 220, 0, 5, 1, 7, 0, 4, 8
25, CIVILIZATION_MOHENJO_DARO, 1, 2, 4, 4, 5, 0, 0, 0, 8, 3, 142, 0, 5, 1, 6, 0, 6, 5
25, CIVILIZATION_LISBON, 1, 2, 3, 4, 5, 0, 0, 0, 7, 0, 182, 0, 3, 1, 12, 0, 3, 9
25, CIVILIZATION_KANDY, 1, 3, 3, 4, 5, 0, 0, 0, 7, 0, 155, 0, 5, 3, 8, 0, 4, 10
25, CIVILIZATION_NGAZARGAMU, 1, 2, 4, 4, 5, 0, 0, 0, 7, 0, 171, 0, 3, 3, 7, 0, 3, 4
25, CIVILIZATION_HONG_KONG, 1, 3, 4, 4, 5, 0, 0, 0, 7, 0, 184, 0, 5, 1, 5, 0, 6, 7
25, CIVILIZATION_BRUSSELS, 1, 3, 2, 4, 5, 0, 0, 0, 8, 0, 160, 0, 5, 1, 6, 0, 5, 9
25, CIVILIZATION_FREE_CITIES, 0, 0, 0, 0, 0, 0, 0, 0, 0, 0, 0, 0, 0, 0, 0, 0, 0, 0
26, CIVILIZATION_KONGO, 6, 14, 10, 5, 5, 0, 0, 0, 71, 8, 20513, 23, 44, 16, 23, 1, 53, 71
26, CIVILIZATION_KONGO, 4, 8, 4, 3, 11, 0, 0, 0, 36, 2, 256, 0, 16, 10, 33, 0, 70, 26
26, CIVILIZATION_OTTOMAN, 2, 8, 4, 4, 8, 0, 0, 0, 23, 4, 330, 64, 18, 10, 14, 22, 56, 31
26, CIVILIZATION_NUBIA, 3, 8, 6, 4, 8, 0, 0, 1, 28, 4, 368, 105, 20, 10, 36, 17, 53, 26
26, CIVILIZATION_KHMER, 1, 2, 3, 3, 6, 0, 0, 0, 14, 1, 371, 212, 7, 9, 18, 26, 17, 5
26, CIVILIZATION_HUNGARY, 1, 3, 5, 2, 10, 0, 0, 0, 10, 1, 296, 23, 9, 6, 12, 1, 28, 7
26, CIVILIZATION_GERMANY, 4, 7, 2, 4, 7, 0, 0, 0, 36, 5, 218, 4, 13, 14, 14, 1, 55, 31
26, CIVILIZATION_MONGOLIA, 4, 8, 4, 5, 6, 0, 0, 1, 36, 6, 144, 8, 16, 13, 26, 0, 46, 29
26, CIVILIZATION_ROME, 2, 5, 4, 4, 13, 0, 0, 0, 20, 8, 450, 59, 20, 9, 26, 5, 47, 15
26, CIVILIZATION_SUMERIA, 3, 7, 6, 3, 9, 0, 0, 0, 28, 4, 189, 0, 16, 10, 10, 0, 61, 24
26, CIVILIZATION_MEXICO_CITY, 1, 4, 4, 4, 5, 0, 0, 0, 7, 2, 223, 0, 4, 4, 9, 0, 5, 13
26, CIVILIZATION_NAN_MADOL, 1, 4, 3, 4, 5, 0, 0, 0, 7, 1, 205, 0, 6, 2, 12, 0, 4, 14
26, CIVILIZATION_BOLOGNA, 1, 4, 2, 4, 5, 0, 0, 0, 9, 3, 219, 0, 4, 4, 8, 0, 7, 13
26, CIVILIZATION_AKKAD, 1, 3, 3, 4, 5, 0, 0, 0, 7, 3, 232, 0, 5, 1, 10, 0, 5, 12
26, CIVILIZATION_JAKARTA, 1, 3, 5, 4, 5, 0, 0, 0, 7, 0, 191, 0, 7, 1, 5, 0, 5, 7
26, CIVILIZATION_VALLETTA, 1, 2, 4, 4, 5, 0, 0, 0, 7, 0, 141, 0, 5, 1, 5, 0, 4, 5
26, CIVILIZATION_BABYLON, 1, 2, 4, 4, 5, 0, 0, 0, 7, 0, 141, 0, 5, 1, 5, 0, 5, 4
26, CIVILIZATION_GENEVA, 1, 3, 5, 4, 5, 0, 0, 0, 7, 0, 141, 0, 5, 5, 5, 0, 7, 7
26, CIVILIZATION_ANTIOCH, 1, 5, 3, 4, 5, 0, 0, 0, 7, 1, 191, 0, 6, 2, 5, 0, 8, 14
26, CIVILIZATION_LA_VENTA, 1, 2, 6, 4, 5, 0, 0, 0, 8, 2, 141, 12, 6, 1, 5, 4, 4, 4
26, CIVILIZATION_CAHOKIA, 1, 3, 3, 4, 5, 0, 0, 0, 9, 0, 271, 0, 5, 1, 13, 0, 6, 12
26, CIVILIZATION_ANTANANARIVO, 1, 2, 3, 4, 5, 0, 0, 0, 7, 0, 201, 0, 5, 1, 7, 0, 5, 6
26, CIVILIZATION_VILNIUS, 1, 3, 4, 4, 5, 0, 0, 0, 8, 0, 208, 0, 5, 1, 6, 0, 5, 9
26, CIVILIZATION_GRANADA, 1, 2, 4, 4, 5, 0, 0, 0, 7, 2, 217, 0, 5, 5, 6, 0, 4, 5
26, CIVILIZATION_KABUL, 1, 4, 3, 4, 5, 0, 0, 0, 8, 3, 195, 0, 6, 2, 5, 0, 6, 12
26, CIVILIZATION_ZANZIBAR, 1, 3, 4, 4, 5, 0, 0, 0, 7, 0, 227, 0, 5, 1, 7, 0, 4, 8
26, CIVILIZATION_MOHENJO_DARO, 1, 2, 4, 4, 5, 0, 0, 0, 8, 3, 148, 0, 5, 1, 6, 0, 6, 5
26, CIVILIZATION_LISBON, 1, 2, 3, 4, 5, 0, 0, 0, 7, 0, 194, 0, 3, 1, 12, 0, 3, 9
26, CIVILIZATION_KANDY, 1, 3, 3, 4, 5, 0, 0, 0, 7, 0, 164, 0, 5, 3, 8, 0, 4, 10
26, CIVILIZATION_NGAZARGAMU, 1, 2, 4, 4, 5, 0, 0, 0, 7, 0, 178, 0, 3, 3, 7, 0, 3, 4
26, CIVILIZATION_HONG_KONG, 1, 3, 4, 4, 5, 0, 0, 0, 7, 0, 189, 0, 5, 3, 5, 0, 6, 7
26, CIVILIZATION_BRUSSELS, 1, 3, 3, 4, 5, 0, 0, 0, 8, 0, 166, 0, 5, 1, 6, 0, 5, 9
26, CIVILIZATION_FREE_CITIES, 0, 0, 0, 0, 0, 0, 0, 0, 0, 0, 0, 0, 0, 0, 0, 0, 0, 0
27, CIVILIZATION_KONGO, 6, 16, 10, 5, 5, 0, 0, 1, 71, 10, 20271, 24, 45, 17, 25, 1, 60, 77
27, CIVILIZATION_KONGO, 4, 9, 4, 4, 12, 0, 0, 0, 37, 3, 234, 0, 17, 13, 39, 0, 75, 28
27, CIVILIZATION_OTTOMAN, 2, 8, 4, 4, 8, 0, 0, 0, 23, 4, 339, 94, 18, 10, 14, 30, 56, 31
27, CIVILIZATION_NUBIA, 3, 8, 6, 4, 8, 0, 0, 1, 28, 4, 158, 122, 20, 10, 36, 17, 53, 26
27, CIVILIZATION_KHMER, 1, 2, 3, 4, 6, 0, 0, 0, 14, 1, 387, 238, 7, 9, 18, 26, 17, 5
27, CIVILIZATION_HUNGARY, 1, 3, 5, 2, 10, 0, 0, 0, 10, 2, 308, 24, 9, 6, 12, 1, 28, 7
27, CIVILIZATION_GERMANY, 4, 8, 2, 5, 8, 0, 0, 0, 38, 5, 171, 5, 13, 14, 14, 1, 59, 34
27, CIVILIZATION_MONGOLIA, 4, 9, 4, 5, 6, 0, 0, 1, 37, 2, 169, 12, 17, 13, 25, 4, 53, 31
27, CIVILIZATION_ROME, 2, 5, 4, 4, 14, 0, 0, 0, 23, 8, 416, 64, 20, 9, 26, 5, 47, 15
27, CIVILIZATION_SUMERIA, 3, 7, 6, 4, 9, 0, 0, 0, 28, 4, 198, 0, 16, 10, 10, 0, 61, 24
27, CIVILIZATION_MEXICO_CITY, 1, 4, 4, 4, 5, 0, 0, 0, 7, 2, 233, 0, 4, 4, 9, 0, 5, 13
27, CIVILIZATION_NAN_MADOL, 1, 4, 3, 4, 5, 0, 0, 0, 7, 1, 217, 0, 6, 2, 12, 0, 4, 14
27, CIVILIZATION_BOLOGNA, 1, 4, 2, 4, 5, 0, 0, 0, 9, 3, 228, 0, 4, 4, 8, 0, 7, 13
27, CIVILIZATION_AKKAD, 1, 3, 3, 4, 5, 0, 0, 0, 7, 3, 243, 0, 5, 1, 10, 0, 5, 12
27, CIVILIZATION_JAKARTA, 1, 3, 6, 4, 5, 0, 0, 0, 7, 0, 196, 0, 7, 1, 5, 0, 5, 7
27, CIVILIZATION_VALLETTA, 1, 2, 4, 4, 5, 0, 0, 0, 7, 0, 146, 0, 5, 1, 5, 0, 4, 5
27, CIVILIZATION_BABYLON, 1, 2, 4, 4, 5, 0, 0, 0, 7, 0, 146, 0, 5, 1, 5, 0, 5, 4
27, CIVILIZATION_GENEVA, 1, 3, 6, 4, 5, 0, 0, 0, 7, 0, 146, 0, 5, 5, 5, 0, 7, 7
27, CIVILIZATION_ANTIOCH, 1, 5, 3, 4, 5, 0, 0, 0, 7, 1, 196, 0, 6, 2, 5, 0, 8, 15
27, CIVILIZATION_LA_VENTA, 1, 2, 6, 4, 5, 0, 0, 0, 8, 2, 146, 14, 6, 1, 5, 2, 4, 5
27, CIVILIZATION_CAHOKIA, 1, 3, 3, 4, 5, 0, 0, 0, 9, 0, 285, 0, 5, 1, 13, 0, 6, 12
27, CIVILIZATION_ANTANANARIVO, 1, 2, 3, 4, 5, 0, 0, 0, 7, 0, 209, 0, 5, 1, 7, 0, 5, 6
27, CIVILIZATION_VILNIUS, 1, 3, 4, 4, 5, 0, 0, 0, 8, 0, 214, 0, 5, 1, 6, 0, 5, 9
27, CIVILIZATION_GRANADA, 1, 2, 4, 4, 5, 0, 0, 0, 7, 2, 223, 0, 6, 7, 6, 0, 4, 4
27, CIVILIZATION_KABUL, 1, 4, 3, 4, 5, 0, 0, 0, 8, 3, 200, 0, 6, 2, 5, 0, 6, 12
27, CIVILIZATION_ZANZIBAR, 1, 3, 5, 4, 5, 0, 0, 0, 7, 0, 235, 0, 5, 1, 7, 0, 4, 8
27, CIVILIZATION_MOHENJO_DARO, 1, 2, 5, 4, 5, 0, 0, 0, 8, 3, 154, 0, 5, 1, 6, 0, 6, 5
27, CIVILIZATION_LISBON, 1, 2, 3, 4, 5, 0, 0, 0, 7, 0, 207, 0, 3, 3, 12, 0, 3, 9
27, CIVILIZATION_KANDY, 1, 3, 3, 4, 5, 0, 0, 0, 7, 0, 172, 0, 5, 3, 8, 0, 4, 10
27, CIVILIZATION_NGAZARGAMU, 1, 2, 4, 4, 5, 0, 0, 0, 7, 0, 186, 0, 3, 3, 7, 0, 3, 4
27, CIVILIZATION_HONG_KONG, 1, 3, 4, 4, 5, 0, 0, 0, 7, 0, 194, 0, 5, 3, 5, 0, 6, 7
27, CIVILIZATION_BRUSSELS, 1, 3, 4, 4, 5, 0, 0, 0, 8, 0, 172, 0, 5, 1, 6, 0, 5, 9
27, CIVILIZATION_FREE_CITIES, 0, 0, 0, 0, 0, 0, 0, 0, 0, 0, 0, 0, 0, 0, 0, 0, 0, 0
28, CIVILIZATION_KONGO, 6, 17, 11, 5, 5, 0, 0, 1, 72, 10, 20290, 25, 45, 18, 26, 1, 61, 78
28, CIVILIZATION_KONGO, 4, 9, 4, 4, 12, 0, 0, 0, 38, 4, 272, 0, 17, 13, 39, 0, 75, 28
28, CIVILIZATION_OTTOMAN, 2, 9, 4, 4, 8, 0, 0, 0, 23, 4, 373, 125, 18, 10, 14, 30, 61, 38
28, CIVILIZATION_NUBIA, 3, 8, 7, 4, 8, 0, 0, 1, 28, 5, 193, 140, 20, 10, 36, 17, 53, 27
28, CIVILIZATION_KHMER, 1, 2, 3, 4, 7, 0, 0, 0, 14, 1, 378, 264, 7, 9, 18, 26, 17, 5
28, CIVILIZATION_HUNGARY, 1, 3, 5, 2, 10, 0, 0, 0, 10, 3, 319, 30, 9, 6, 12, 5, 32, 7
28, CIVILIZATION_GERMANY, 4, 9, 2, 5, 8, 0, 0, 0, 38, 5, 184, 6, 14, 14, 14, 1, 64, 37
28, CIVILIZATION_MONGOLIA, 4, 9, 4, 5, 6, 0, 0, 1, 37, 3, 194, 16, 17, 13, 25, 4, 53, 32
28, CIVILIZATION_ROME, 2, 6, 4, 4, 15, 0, 0, 0, 23, 8, 197, 71, 22, 9, 26, 7, 52, 17
28, CIVILIZATION_SUMERIA, 3, 8, 6, 4, 9, 0, 0, 0, 28, 4, 207, 0, 22, 10, 10, 0, 63, 24
28, CIVILIZATION_MEXICO_CITY, 1, 4, 4, 4, 5, 0, 0, 0, 7, 2, 242, 0, 4, 4, 9, 0, 5, 13
28, CIVILIZATION_NAN_MADOL, 1, 4, 3, 4, 5, 0, 0, 0, 7, 1, 230, 0, 6, 2, 12, 0, 4, 14
28, CIVILIZATION_BOLOGNA, 1, 4, 3, 4, 6, 0, 0, 0, 9, 3, 76, 0, 4, 4, 8, 0, 7, 13
28, CIVILIZATION_AKKAD, 1, 4, 3, 4, 5, 0, 0, 0, 7, 3, 253, 0, 6, 2, 10, 0, 6, 15
28, CIVILIZATION_JAKARTA, 1, 3, 7, 4, 5, 0, 0, 0, 7, 0, 201, 0, 7, 1, 5, 0, 5, 7
28, CIVILIZATION_VALLETTA, 1, 2, 5, 4, 5, 0, 0, 0, 7, 0, 201, 0, 5, 1, 5, 0, 4, 5
28, CIVILIZATION_BABYLON, 1, 2, 4, 4, 5, 0, 0, 0, 7, 0, 151, 0, 5, 1, 5, 0, 5, 4
28, CIVILIZATION_GENEVA, 1, 3, 6, 4, 6, 0, 0, 0, 7, 0, 150, 0, 5, 5, 5, 0, 7, 7
28, CIVILIZATION_ANTIOCH, 1, 5, 3, 4, 5, 0, 0, 0, 7, 1, 201, 0, 6, 2, 5, 0, 8, 15
28, CIVILIZATION_LA_VENTA, 1, 2, 7, 4, 5, 0, 0, 0, 8, 2, 151, 18, 6, 1, 5, 4, 4, 4
28, CIVILIZATION_CAHOKIA, 1, 3, 3, 4, 5, 0, 0, 0, 9, 0, 298, 0, 5, 1, 13, 0, 6, 12
28, CIVILIZATION_ANTANANARIVO, 1, 2, 3, 4, 5, 0, 0, 0, 7, 0, 216, 0, 5, 1, 7, 0, 5, 6
28, CIVILIZATION_VILNIUS, 1, 3, 4, 4, 5, 0, 0, 0, 8, 0, 220, 0, 5, 1, 6, 0, 5, 9
28, CIVILIZATION_GRANADA, 1, 2, 5, 4, 5, 0, 0, 0, 7, 2, 230, 0, 5, 5, 6, 0, 4, 5
28, CIVILIZATION_KABUL, 1, 4, 3, 4, 5, 0, 0, 0, 8, 3, 205, 0, 6, 2, 5, 0, 6, 12
28, CIVILIZATION_ZANZIBAR, 1, 4, 6, 4, 5, 0, 0, 0, 7, 0, 242, 0, 6, 2, 7, 0, 5, 9
28, CIVILIZATION_MOHENJO_DARO, 1, 2, 5, 4, 5, 0, 0, 0, 8, 3, 161, 0, 5, 1, 6, 0, 6, 5
28, CIVILIZATION_LISBON, 1, 2, 3, 4, 5, 0, 0, 0, 7, 0, 219, 0, 3, 3, 12, 0, 3, 9
28, CIVILIZATION_KANDY, 1, 3, 3, 4, 5, 0, 0, 0, 7, 0, 181, 0, 5, 3, 8, 0, 4, 10
28, CIVILIZATION_NGAZARGAMU, 1, 2, 4, 4, 5, 0, 0, 0, 7, 0, 193, 0, 3, 3, 7, 0, 3, 4
28, CIVILIZATION_HONG_KONG, 1, 3, 5, 4, 5, 0, 0, 0, 7, 0, 199, 0, 5, 3, 5, 0, 6, 7
28, CIVILIZATION_BRUSSELS, 1, 3, 5, 4, 5, 0, 0, 0, 8, 0, 178, 0, 5, 1, 6, 0, 5, 9
28, CIVILIZATION_FREE_CITIES, 0, 0, 0, 0, 0, 0, 0, 0, 0, 0, 0, 0, 0, 0, 0, 0, 0, 0
29, CIVILIZATION_KONGO, 7, 21, 12, 5, 5, 0, 0, 1, 82, 11, 19060, 1, 49, 21, 26, 1, 73, 99
29, CIVILIZATION_KONGO, 4, 9, 4, 4, 12, 0, 0, 0, 38, 6, 310, 0, 17, 13, 39, 0, 77, 29
29, CIVILIZATION_OTTOMAN, 2, 9, 4, 5, 9, 0, 0, 0, 25, 4, 382, 155, 18, 10, 14, 30, 61, 38
29, CIVILIZATION_NUBIA, 3, 8, 7, 5, 8, 0, 0, 2, 28, 5, 228, 157, 20, 13, 36, 17, 53, 27
29, CIVILIZATION_KHMER, 1, 2, 4, 4, 7, 0, 0, 0, 14, 1, 443, 291, 7, 9, 18, 26, 17, 5
29, CIVILIZATION_HUNGARY, 1, 3, 5, 3, 10, 0, 0, 0, 10, 3, 330, 35, 9, 6, 12, 5, 32, 7
29, CIVILIZATION_GERMANY, 4, 9, 2, 5, 8, 0, 0, 0, 38, 5, 197, 8, 14, 14, 14, 1, 64, 37
29, CIVILIZATION_MONGOLIA, 4, 9, 4, 6, 6, 0, 0, 1, 37, 3, 219, 21, 17, 13, 25, 4, 53, 33
29, CIVILIZATION_ROME, 2, 6, 4, 5, 15, 0, 0, 0, 23, 8, 223, 78, 22, 9, 26, 7, 52, 17
29, CIVILIZATION_SUMERIA, 3, 8, 6, 4, 9, 0, 0, 0, 28, 4, 216, 0, 23, 10, 10, 0, 70, 25
29, CIVILIZATION_MEXICO_CITY, 1, 5, 4, 5, 5, 0, 0, 0, 7, 2, 251, 0, 4, 4, 9, 0, 6, 14
29, CIVILIZATION_NAN_MADOL, 1, 5, 3, 5, 5, 0, 0, 0, 7, 1, 243, 0, 6, 2, 13, 0, 5, 15
29, CIVILIZATION_BOLOGNA, 1, 5, 4, 5, 6, 0, 0, 0, 9, 3, 84, 0, 4, 4, 8, 0, 7, 16
29, CIVILIZATION_AKKAD, 1, 4, 3, 5, 5, 0, 0, 0, 7, 3, 264, 0, 6, 2, 10, 0, 6, 15
29, CIVILIZATION_JAKARTA, 1, 3, 7, 5, 5, 0, 0, 0, 7, 0, 207, 0, 7, 1, 5, 0, 5, 7
29, CIVILIZATION_VALLETTA, 1, 2, 5, 5, 5, 0, 0, 0, 7, 0, 207, 0, 5, 1, 5, 0, 4, 5
29, CIVILIZATION_BABYLON, 1, 2, 4, 5, 5, 0, 0, 0, 7, 0, 157, 0, 5, 1, 5, 0, 5, 4
29, CIVILIZATION_GENEVA, 1, 3, 6, 5, 6, 0, 0, 0, 7, 0, 205, 0, 5, 5, 5, 0, 7, 7
29, CIVILIZATION_ANTIOCH, 1, 5, 3, 5, 5, 0, 0, 0, 7, 1, 206, 0, 6, 2, 5, 0, 8, 15
29, CIVILIZATION_LA_VENTA, 1, 2, 7, 5, 5, 0, 0, 0, 8, 2, 157, 20, 6, 1, 5, 2, 4, 5
29, CIVILIZATION_CAHOKIA, 1, 3, 3, 5, 5, 0, 0, 0, 9, 0, 312, 0, 5, 4, 13, 0, 6, 12
29, CIVILIZATION_ANTANANARIVO, 1, 2, 3, 5, 5, 0, 0, 0, 7, 0, 223, 0, 5, 1, 7, 0, 5, 6
29, CIVILIZATION_VILNIUS, 1, 3, 4, 5, 5, 0, 0, 0, 8, 0, 226, 0, 5, 1, 6, 0, 5, 9
29, CIVILIZATION_GRANADA, 1, 2, 6, 5, 5, 0, 0, 0, 7, 2, 236, 0, 6, 7, 6, 0, 4, 4
29, CIVILIZATION_KABUL, 1, 4, 3, 5, 5, 0, 0, 0, 8, 3, 211, 0, 6, 2, 5, 0, 6, 12
29, CIVILIZATION_ZANZIBAR, 1, 4, 7, 5, 5, 0, 0, 0, 7, 0, 249, 0, 6, 2, 7, 0, 5, 9
29, CIVILIZATION_MOHENJO_DARO, 1, 2, 5, 5, 5, 0, 0, 0, 8, 3, 167, 0, 5, 1, 6, 0, 6, 5
29, CIVILIZATION_LISBON, 1, 3, 3, 5, 5, 0, 0, 0, 7, 0, 232, 0, 3, 3, 13, 0, 3, 10
29, CIVILIZATION_KANDY, 1, 3, 3, 5, 5, 0, 0, 0, 7, 0, 189, 0, 5, 3, 8, 0, 4, 10
29, CIVILIZATION_NGAZARGAMU, 1, 2, 4, 5, 5, 0, 0, 0, 7, 0, 201, 0, 3, 3, 7, 0, 3, 4
29, CIVILIZATION_HONG_KONG, 1, 3, 6, 5, 5, 0, 0, 0, 7, 0, 204, 0, 5, 3, 5, 0, 6, 7
29, CIVILIZATION_BRUSSELS, 1, 3, 6, 5, 5, 0, 0, 0, 8, 0, 184, 0, 5, 1, 6, 0, 5, 9
29, CIVILIZATION_FREE_CITIES, 0, 0, 0, 0, 0, 0, 0, 0, 0, 0, 0, 0, 0, 0, 0, 0, 0, 0
30, CIVILIZATION_KONGO, 7, 21, 12, 5, 6, 0, 0, 1, 86, 13, 17699, 2, 49, 21, 26, 1, 78, 99
30, CIVILIZATION_KONGO, 4, 9, 4, 5, 12, 0, 0, 0, 39, 6, 348, 0, 17, 16, 39, 0, 77, 29
30, CIVILIZATION_OTTOMAN, 2, 9, 4, 5, 9, 0, 0, 0, 25, 4, 390, 36, 18, 10, 14, 30, 63, 39
30, CIVILIZATION_NUBIA, 3, 8, 7, 5, 8, 0, 0, 2, 28, 7, 262, 175, 22, 13, 36, 17, 53, 27
30, CIVILIZATION_KHMER, 1, 2, 4, 4, 7, 0, 0, 0, 14, 1, 459, 317, 7, 9, 18, 26, 17, 5
30, CIVILIZATION_HUNGARY, 1, 3, 5, 3, 10, 0, 0, 0, 12, 3, 250, 24, 9, 6, 12, 14, 32, 7
30, CIVILIZATION_GERMANY, 4, 9, 2, 5, 8, 0, 0, 0, 38, 5, 209, 22, 14, 14, 14, 14, 64, 34
30, CIVILIZATION_MONGOLIA, 4, 10, 4, 6, 6, 0, 0, 1, 37, 3, 244, 25, 18, 13, 25, 4, 58, 35
30, CIVILIZATION_ROME, 2, 6, 5, 5, 17, 0, 0, 0, 23, 9, 249, 85, 22, 9, 26, 7, 52, 17
30, CIVILIZATION_SUMERIA, 4, 10, 7, 4, 9, 0, 0, 0, 36, 4, 168, 0, 22, 11, 14, 0, 90, 31
30, CIVILIZATION_MEXICO_CITY, 1, 5, 4, 5, 5, 0, 0, 0, 7, 2, 260, 0, 4, 4, 9, 0, 6, 14
30, CIVILIZATION_NAN_MADOL, 1, 5, 3, 5, 5, 0, 0, 0, 7, 1, 256, 0, 6, 2, 13, 0, 5, 15
30, CIVILIZATION_BOLOGNA, 1, 5, 5, 5, 6, 0, 0, 0, 9, 3, 92, 0, 4, 4, 8, 0, 8, 16
30, CIVILIZATION_AKKAD, 1, 4, 3, 5, 5, 0, 0, 0, 7, 3, 274, 0, 6, 2, 10, 0, 6, 15
30, CIVILIZATION_JAKARTA, 1, 3, 7, 5, 5, 0, 0, 0, 7, 0, 212, 0, 7, 1, 5, 0, 5, 7
30, CIVILIZATION_VALLETTA, 1, 2, 5, 5, 5, 0, 0, 0, 7, 0, 212, 0, 5, 1, 5, 0, 4, 5
30, CIVILIZATION_BABYLON, 1, 2, 4, 5, 5, 0, 0, 0, 7, 0, 162, 0, 5, 1, 5, 0, 5, 4
30, CIVILIZATION_GENEVA, 1, 3, 6, 5, 6, 0, 0, 0, 9, 0, 209, 0, 5, 5, 5, 0, 7, 7
30, CIVILIZATION_ANTIOCH, 1, 5, 3, 5, 6, 0, 0, 0, 7, 1, 210, 0, 6, 2, 5, 0, 8, 15
30, CIVILIZATION_LA_VENTA, 1, 2, 7, 5, 5, 0, 0, 0, 8, 2, 162, 25, 6, 1, 5, 4, 4, 4
30, CIVILIZATION_CAHOKIA, 1, 3, 3, 5, 5, 0, 0, 0, 9, 0, 326, 0, 5, 4, 13, 0, 6, 12
30, CIVILIZATION_ANTANANARIVO, 1, 2, 3, 5, 5, 0, 0, 0, 7, 0, 231, 0, 5, 3, 7, 0, 5, 6
30, CIVILIZATION_VILNIUS, 1, 3, 5, 5, 5, 0, 0, 0, 8, 0, 232, 0, 5, 1, 6, 0, 5, 9
30, CIVILIZATION_GRANADA, 1, 2, 6, 5, 5, 0, 0, 0, 7, 2, 242, 0, 7, 5, 6, 0, 4, 5
30, CIVILIZATION_KABUL, 1, 5, 3, 5, 5, 0, 0, 0, 8, 3, 217, 0, 6, 3, 6, 0, 7, 13
30, CIVILIZATION_ZANZIBAR, 1, 4, 7, 5, 5, 0, 0, 0, 7, 0, 257, 0, 6, 2, 7, 0, 5, 9
30, CIVILIZATION_MOHENJO_DARO, 1, 2, 5, 5, 5, 0, 0, 0, 8, 3, 173, 0, 5, 3, 6, 0, 6, 5
30, CIVILIZATION_LISBON, 1, 3, 3, 5, 5, 0, 0, 0, 7, 0, 245, 0, 3, 3, 13, 0, 3, 10
30, CIVILIZATION_KANDY, 1, 3, 3, 5, 5, 0, 0, 0, 7, 0, 197, 0, 5, 3, 8, 0, 4, 10
30, CIVILIZATION_NGAZARGAMU, 1, 2, 4, 5, 5, 0, 0, 0, 7, 0, 208, 0, 3, 3, 7, 0, 3, 4
30, CIVILIZATION_HONG_KONG, 1, 3, 7, 5, 5, 0, 0, 0, 7, 0, 209, 0, 5, 3, 5, 0, 6, 7
30, CIVILIZATION_BRUSSELS, 1, 3, 7, 5, 5, 0, 0, 0, 8, 0, 190, 0, 5, 1, 6, 0, 5, 9
30, CIVILIZATION_FREE_CITIES, 0, 0, 0, 0, 0, 0, 0, 0, 0, 0, 0, 0, 0, 0, 0, 0, 0, 0
31, CIVILIZATION_KONGO, 7, 23, 13, 6, 6, 0, 0, 1, 89, 14, 17399, 3, 49, 22, 27, 1, 82, 105
31, CIVILIZATION_KONGO, 4, 9, 4, 5, 13, 0, 0, 0, 40, 6, 320, 0, 17, 14, 39, 0, 77, 29
31, CIVILIZATION_OTTOMAN, 2, 9, 4, 5, 9, 0, 0, 0, 25, 4, 398, 66, 18, 10, 14, 30, 63, 39
31, CIVILIZATION_NUBIA, 3, 8, 7, 5, 10, 0, 0, 2, 31, 7, 197, 192, 22, 16, 36, 17, 57, 27
31, CIVILIZATION_KHMER, 1, 2, 4, 5, 7, 0, 0, 0, 14, 1, 474, 343, 7, 9, 18, 26, 17, 5
31, CIVILIZATION_HUNGARY, 1, 3, 6, 3, 10, 0, 0, 0, 12, 3, 260, 46, 9, 6, 12, 21, 32, 7
31, CIVILIZATION_GERMANY, 4, 9, 2, 5, 8, 0, 0, 0, 38, 5, 111, 36, 14, 14, 14, 14, 64, 34
31, CIVILIZATION_MONGOLIA, 4, 11, 5, 6, 6, 0, 0, 1, 39, 3, 269, 4, 18, 14, 25, 4, 63, 38
31, CIVILIZATION_ROME, 2, 6, 6, 5, 17, 0, 0, 0, 23, 9, 281, 92, 22, 9, 32, 7, 52, 20
31, CIVILIZATION_SUMERIA, 4, 10, 7, 5, 9, 0, 0, 0, 36, 4, 180, 0, 22, 14, 14, 0, 85, 31
31, CIVILIZATION_MEXICO_CITY, 1, 5, 4, 5, 5, 0, 0, 0, 7, 2, 269, 0, 4, 4, 9, 0, 6, 14
31, CIVILIZATION_NAN_MADOL, 1, 5, 3, 5, 5, 0, 0, 0, 7, 1, 269, 0, 6, 2, 13, 0, 5, 15
31, CIVILIZATION_BOLOGNA, 1, 5, 6, 5, 6, 0, 0, 0, 9, 3, 100, 0, 4, 4, 8, 0, 8, 16
31, CIVILIZATION_AKKAD, 1, 4, 3, 5, 5, 0, 0, 0, 7, 3, 285, 0, 6, 2, 10, 0, 6, 15
31, CIVILIZATION_JAKARTA, 1, 3, 7, 5, 5, 0, 0, 0, 7, 0, 217, 0, 7, 1, 5, 0, 5, 7
31, CIVILIZATION_VALLETTA, 1, 2, 5, 5, 5, 0, 0, 0, 7, 0, 217, 0, 5, 1, 5, 0, 4, 5
31, CIVILIZATION_BABYLON, 1, 2, 4, 5, 5, 0, 0, 0, 7, 0, 167, 0, 5, 3, 5, 0, 5, 4
31, CIVILIZATION_GENEVA, 1, 3, 6, 5, 7, 0, 0, 0, 9, 0, 212, 0, 5, 5, 5, 0, 7, 7
31, CIVILIZATION_ANTIOCH, 1, 5, 4, 5, 6, 0, 0, 0, 7, 1, 214, 0, 6, 2, 5, 0, 8, 15
31, CIVILIZATION_LA_VENTA, 1, 2, 7, 5, 5, 0, 0, 0, 8, 2, 167, 27, 6, 1, 5, 2, 4, 5
31, CIVILIZATION_CAHOKIA, 1, 4, 3, 5, 5, 0, 0, 0, 9, 0, 339, 0, 6, 4, 13, 0, 8, 14
31, CIVILIZATION_ANTANANARIVO, 1, 2, 3, 5, 5, 0, 0, 0, 7, 0, 238, 0, 5, 3, 7, 0, 5, 6
31, CIVILIZATION_VILNIUS, 1, 3, 5, 5, 5, 0, 0, 0, 8, 0, 238, 0, 5, 1, 6, 0, 5, 9
31, CIVILIZATION_GRANADA, 1, 2, 6, 5, 5, 0, 0, 0, 7, 2, 248, 0, 8, 7, 6, 0, 4, 4
31, CIVILIZATION_KABUL, 1, 5, 3, 5, 5, 0, 0, 0, 8, 3, 223, 0, 6, 5, 6, 0, 7, 13
31, CIVILIZATION_ZANZIBAR, 1, 4, 7, 5, 5, 0, 0, 0, 7, 0, 264, 0, 6, 2, 7, 0, 5, 9
31, CIVILIZATION_MOHENJO_DARO, 1, 2, 5, 5, 5, 0, 0, 0, 8, 3, 180, 0, 5, 3, 6, 0, 6, 5
31, CIVILIZATION_LISBON, 1, 3, 3, 5, 5, 0, 0, 0, 7, 0, 258, 0, 3, 3, 13, 0, 3, 10
31, CIVILIZATION_KANDY, 1, 3, 3, 5, 5, 0, 0, 0, 7, 0, 206, 0, 5, 3, 8, 0, 4, 10
31, CIVILIZATION_NGAZARGAMU, 1, 2, 4, 5, 5, 0, 0, 0, 7, 1, 215, 0, 3, 3, 7, 0, 3, 4
31, CIVILIZATION_HONG_KONG, 1, 3, 7, 5, 5, 0, 0, 0, 7, 0, 214, 0, 5, 3, 5, 0, 6, 7
31, CIVILIZATION_BRUSSELS, 1, 3, 7, 5, 5, 0, 0, 0, 8, 0, 196, 0, 5, 1, 6, 0, 5, 9
31, CIVILIZATION_FREE_CITIES, 0, 0, 0, 0, 0, 0, 0, 0, 0, 0, 0, 0, 0, 0, 0, 0, 0, 0
32, CIVILIZATION_KONGO, 7, 24, 14, 6, 6, 0, 0, 1, 91, 14, 17109, 4, 51, 23, 28, 1, 94, 106
32, CIVILIZATION_KONGO, 4, 9, 4, 5, 13, 0, 0, 0, 41, 7, 161, 0, 17, 16, 39, 0, 77, 30
32, CIVILIZATION_OTTOMAN, 2, 11, 4, 5, 9, 0, 0, 0, 25, 5, 406, 96, 19, 11, 13, 29, 73, 44
32, CIVILIZATION_NUBIA, 3, 9, 7, 6, 11, 0, 0, 2, 31, 7, 232, 209, 23, 16, 36, 17, 64, 27
32, CIVILIZATION_KHMER, 1, 2, 4, 5, 8, 0, 0, 0, 14, 1, 491, 369, 7, 9, 18, 26, 17, 5
32, CIVILIZATION_HUNGARY, 1, 3, 6, 3, 10, 0, 0, 0, 12, 3, 270, 66, 9, 6, 12, 20, 32, 7
32, CIVILIZATION_GERMANY, 4, 10, 3, 5, 8, 0, 0, 0, 39, 5, 123, 25, 15, 15, 14, 14, 66, 38
32, CIVILIZATION_MONGOLIA, 4, 11, 5, 6, 6, 0, 0, 2, 39, 4, 299, 8, 18, 14, 31, 4, 63, 37
32, CIVILIZATION_ROME, 2, 6, 6, 5, 19, 0, 0, 0, 23, 9, 313, 99, 22, 9, 32, 7, 52, 20
32, CIVILIZATION_SUMERIA, 4, 11, 8, 5, 9, 0, 0, 0, 36, 4, 192, 0, 25, 15, 14, 0, 89, 31
32, CIVILIZATION_MEXICO_CITY, 1, 5, 4, 5, 5, 0, 0, 0, 7, 2, 278, 0, 4, 4, 9, 0, 6, 14
32, CIVILIZATION_NAN_MADOL, 1, 5, 3, 5, 5, 0, 0, 0, 7, 1, 282, 0, 6, 2, 13, 0, 5, 15
32, CIVILIZATION_BOLOGNA, 1, 5, 7, 5, 6, 0, 0, 0, 9, 3, 108, 0, 4, 4, 8, 0, 8, 16
32, CIVILIZATION_AKKAD, 1, 4, 3, 5, 5, 0, 0, 0, 7, 3, 295, 0, 6, 2, 10, 0, 6, 15
32, CIVILIZATION_JAKARTA, 1, 3, 7, 5, 5, 0, 0, 0, 7, 0, 222, 0, 7, 4, 5, 0, 5, 7
32, CIVILIZATION_VALLETTA, 1, 2, 5, 5, 5, 0, 0, 0, 7, 0, 222, 0, 5, 3, 5, 0, 4, 5
32, CIVILIZATION_BABYLON, 1, 2, 5, 5, 5, 0, 0, 0, 7, 0, 172, 0, 5, 3, 5, 0, 5, 4
32, CIVILIZATION_GENEVA, 1, 3, 6, 5, 7, 0, 0, 0, 9, 0, 215, 0, 5, 5, 5, 0, 7, 7
32, CIVILIZATION_ANTIOCH, 1, 5, 5, 5, 6, 0, 0, 0, 7, 1, 218, 0, 6, 2, 5, 0, 8, 15
32, CIVILIZATION_LA_VENTA, 1, 2, 7, 5, 5, 0, 0, 0, 8, 2, 172, 31, 6, 1, 5, 4, 4, 4
32, CIVILIZATION_CAHOKIA, 1, 4, 3, 5, 5, 0, 0, 0, 9, 0, 353, 0, 6, 4, 13, 0, 8, 14
32, CIVILIZATION_ANTANANARIVO, 1, 2, 3, 5, 5, 0, 0, 0, 7, 0, 245, 0, 5, 3, 7, 0, 5, 6
32, CIVILIZATION_VILNIUS, 1, 3, 5, 5, 5, 0, 0, 0, 8, 0, 244, 0, 5, 1, 6, 0, 5, 9
32, CIVILIZATION_GRANADA, 1, 2, 6, 5, 5, 0, 0, 0, 7, 2, 255, 0, 7, 5, 6, 0, 4, 5
32, CIVILIZATION_KABUL, 1, 5, 3, 5, 5, 0, 0, 0, 8, 3, 229, 0, 6, 5, 6, 0, 7, 13
32, CIVILIZATION_ZANZIBAR, 1, 4, 7, 5, 6, 0, 0, 0, 7, 0, 31, 0, 6, 4, 7, 0, 5, 9
32, CIVILIZATION_MOHENJO_DARO, 1, 2, 5, 5, 5, 0, 0, 0, 8, 3, 186, 0, 5, 3, 6, 0, 6, 5
32, CIVILIZATION_LISBON, 1, 3, 3, 5, 5, 0, 0, 0, 7, 0, 271, 0, 3, 3, 13, 0, 3, 10
32, CIVILIZATION_KANDY, 1, 3, 3, 5, 5, 0, 0, 0, 7, 0, 214, 0, 5, 3, 8, 0, 4, 10
32, CIVILIZATION_NGAZARGAMU, 1, 2, 4, 5, 5, 0, 0, 0, 7, 1, 223, 0, 3, 3, 7, 0, 3, 4
32, CIVILIZATION_HONG_KONG, 1, 3, 7, 5, 5, 0, 0, 0, 7, 0, 219, 0, 5, 3, 5, 0, 6, 7
32, CIVILIZATION_BRUSSELS, 1, 3, 7, 5, 5, 0, 0, 0, 8, 0, 202, 0, 5, 1, 6, 0, 5, 10
32, CIVILIZATION_FREE_CITIES, 0, 0, 0, 0, 0, 0, 0, 0, 0, 0, 0, 0, 0, 0, 0, 0, 0, 0
33, CIVILIZATION_KONGO, 7, 27, 14, 6, 6, 0, 0, 1, 91, 14, 17129, 5, 55, 23, 27, 1, 103, 111
