Game Turn, Player, BY TYPE: Tiles, Buildings, Districts, Population, Outgoing Trade Routes, TOURISM, Diplo Victory, BALANCE: Favor, LIFETIME: Favor, CO2 Per Turn
5, CIVILIZATION_KONGO, 10, 14, 0, 1, 0, 0, 0, 0, 0, 0
5, CIVILIZATION_KONGO, 7, 10, 0, 1, 0, 0, 0, 0, 0, 0
5, CIVILIZATION_OTTOMAN, 14, 10, 0, 3, 0, 0, 0, 0, 0, 0
5, CIVILIZATION_NUBIA, 7, 10, 0, 1, 0, 0, 0, 0, 0, 0
5, CIVILIZATION_KHMER, 8, 10, 0, 1, 0, 0, 0, 0, 0, 0
5, CIVILIZATION_HUNGARY, 7, 10, 0, 1, 0, 0, 0, 0, 0, 0
5, CIVILIZATION_GERMANY, 7, 10, 0, 1, 0, 0, 0, 0, 0, 0
5, CIVILIZATION_MONGOLIA, 7, 10, 0, 1, 0, 0, 0, 0, 0, 0
5, CIVILIZATION_ROME, 7, 11, 0, 1, 0, 0, 0, 0, 0, 0
5, CIVILIZATION_SUMERIA, 7, 10, 0, 1, 0, 0, 0, 0, 0, 0
5, CIVILIZATION_MEXICO_CITY, 7, 10, 0, 1, 0, 0, 0, 0, 0, 0
5, CIVILIZATION_NAN_MADOL, 7, 10, 0, 1, 0, 0, 0, 0, 0, 0
5, CIVILIZATION_BOLOGNA, 7, 10, 0, 1, 0, 0, 0, 0, 0, 0
5, CIVILIZATION_AKKAD, 7, 10, 0, 1, 0, 0, 0, 0, 0, 0
5, CIVILIZATION_JAKARTA, 7, 10, 0, 1, 0, 0, 0, 0, 0, 0
5, CIVILIZATION_VALLETTA, 7, 10, 0, 1, 0, 0, 0, 0, 0, 0
5, CIVILIZATION_BABYLON, 7, 10, 0, 1, 0, 0, 0, 0, 0, 0
5, CIVILIZATION_GENEVA, 7, 10, 0, 1, 0, 0, 0, 0, 0, 0
5, CIVILIZATION_ANTIOCH, 7, 10, 0, 1, 0, 0, 0, 0, 0, 0
5, CIVILIZATION_LA_VENTA, 7, 10, 0, 1, 0, 0, 0, 0, 0, 0
5, CIVILIZATION_CAHOKIA, 7, 10, 0, 1, 0, 0, 0, 0, 0, 0
5, CIVILIZATION_ANTANANARIVO, 7, 10, 0, 1, 0, 0, 0, 0, 0, 0
5, CIVILIZATION_VILNIUS, 7, 10, 0, 1, 0, 0, 0, 0, 0, 0
5, CIVILIZATION_GRANADA, 7, 10, 0, 1, 0, 0, 0, 0, 0, 0
5, CIVILIZATION_KABUL, 8, 10, 0, 1, 0, 0, 0, 0, 0, 0
5, CIVILIZATION_ZANZIBAR, 7, 10, 0, 1, 0, 0, 0, 0, 0, 0
5, CIVILIZATION_MOHENJO_DARO, 7, 10, 0, 1, 0, 0, 0, 0, 0, 0
5, CIVILIZATION_LISBON, 7, 10, 0, 1, 0, 0, 0, 0, 0, 0
5, CIVILIZATION_KANDY, 7, 10, 0, 1, 0, 0, 0, 0, 0, 0
5, CIVILIZATION_NGAZARGAMU, 7, 10, 0, 1, 0, 0, 0, 0, 0, 0
5, CIVILIZATION_HONG_KONG, 7, 10, 0, 1, 0, 0, 0, 0, 0, 0
5, CIVILIZATION_BRUSSELS, 7, 10, 0, 1, 0, 0, 0, 0, 0, 0
5, CIVILIZATION_FREE_CITIES, 0, 0, 0, 0, 0, 0, 0, 0, 0, 0
6, CIVILIZATION_KONGO, 10, 14, 0, 1, 0, 0, 0, 0, 0, 0
6, CIVILIZATION_KONGO, 7, 10, 0, 1, 0, 0, 0, 0, 0, 0
6, CIVILIZATION_OTTOMAN, 14, 10, 0, 3, 0, 0, 0, 0, 0, 0
6, CIVILIZATION_NUBIA, 7, 10, 0, 1, 0, 0, 0, 0, 0, 0
6, CIVILIZATION_KHMER, 8, 10, 0, 1, 0, 0, 0, 0, 0, 0
6, CIVILIZATION_HUNGARY, 7, 10, 0, 1, 0, 0, 0, 0, 0, 0
6, CIVILIZATION_GERMANY, 14, 10, 0, 3, 0, 0, 0, 0, 0, 0
6, CIVILIZATION_MONGOLIA, 15, 10, 0, 3, 0, 0, 0, 0, 0, 0
6, CIVILIZATION_ROME, 7, 11, 0, 1, 0, 0, 0, 0, 0, 0
6, CIVILIZATION_SUMERIA, 7, 10, 0, 1, 0, 0, 0, 0, 0, 0
6, CIVILIZATION_MEXICO_CITY, 7, 10, 0, 4, 0, 0, 0, 0, 0, 0
6, CIVILIZATION_NAN_MADOL, 7, 10, 0, 4, 0, 0, 0, 0, 0, 0
6, CIVILIZATION_BOLOGNA, 9, 10, 0, 1, 0, 0, 0, 0, 0, 0
6, CIVILIZATION_AKKAD, 7, 10, 0, 1, 0, 0, 0, 0, 0, 0
6, CIVILIZATION_JAKARTA, 7, 10, 0, 1, 0, 0, 0, 0, 0, 0
6, CIVILIZATION_VALLETTA, 7, 10, 0, 1, 0, 0, 0, 0, 0, 0
6, CIVILIZATION_BABYLON, 7, 10, 0, 1, 0, 0, 0, 0, 0, 0
6, CIVILIZATION_GENEVA, 7, 10, 0, 1, 0, 0, 0, 0, 0, 0
6, CIVILIZATION_ANTIOCH, 7, 10, 0, 4, 0, 0, 0, 0, 0, 0
6, CIVILIZATION_LA_VENTA, 7, 10, 0, 1, 0, 0, 0, 0, 0, 0
6, CIVILIZATION_CAHOKIA, 7, 10, 0, 1, 0, 0, 0, 0, 0, 0
6, CIVILIZATION_ANTANANARIVO, 7, 10, 0, 1, 0, 0, 0, 0, 0, 0
6, CIVILIZATION_VILNIUS, 7, 10, 0, 1, 0, 0, 0, 0, 0, 0
6, CIVILIZATION_GRANADA, 7, 10, 0, 1, 0, 0, 0, 0, 0, 0
6, CIVILIZATION_KABUL, 8, 10, 0, 4, 0, 0, 0, 0, 0, 0
6, CIVILIZATION_ZANZIBAR, 7, 10, 0, 4, 0, 0, 0, 0, 0, 0
6, CIVILIZATION_MOHENJO_DARO, 8, 10, 0, 1, 0, 0, 0, 0, 0, 0
6, CIVILIZATION_LISBON, 7, 10, 0, 1, 0, 0, 0, 0, 0, 0
6, CIVILIZATION_KANDY, 7, 10, 0, 1, 0, 0, 0, 0, 0, 0
6, CIVILIZATION_NGAZARGAMU, 7, 10, 0, 1, 0, 0, 0, 0, 0, 0
6, CIVILIZATION_HONG_KONG, 7, 10, 0, 1, 0, 0, 0, 0, 0, 0
6, CIVILIZATION_BRUSSELS, 7, 10, 0, 1, 0, 0, 0, 0, 0, 0
6, CIVILIZATION_FREE_CITIES, 0, 0, 0, 0, 0, 0, 0, 0, 0, 0
7, CIVILIZATION_KONGO, 10, 16, 0, 1, 0, 0, 0, 1, 1, 0
7, CIVILIZATION_KONGO, 15, 10, 0, 3, 0, 0, 0, 0, 0, 0
7, CIVILIZATION_OTTOMAN, 15, 10, 0, 3, 0, 0, 0, 0, 0, 0
7, CIVILIZATION_NUBIA, 14, 10, 0, 3, 0, 0, 0, 0, 0, 0
7, CIVILIZATION_KHMER, 8, 10, 0, 1, 0, 0, 0, 0, 0, 0
7, CIVILIZATION_HUNGARY, 7, 10, 0, 1, 0, 0, 0, 0, 0, 0
7, CIVILIZATION_GERMANY, 14, 10, 0, 3, 0, 0, 0, 0, 0, 0
7, CIVILIZATION_MONGOLIA, 15, 10, 0, 3, 0, 0, 0, 0, 0, 0
7, CIVILIZATION_ROME, 15, 12, 0, 3, 0, 0, 0, 0, 0, 0
7, CIVILIZATION_SUMERIA, 8, 10, 0, 1, 0, 0, 0, 0, 0, 0
7, CIVILIZATION_MEXICO_CITY, 7, 10, 0, 4, 0, 0, 0, 0, 0, 0
7, CIVILIZATION_NAN_MADOL, 7, 10, 0, 4, 0, 0, 0, 0, 0, 0
7, CIVILIZATION_BOLOGNA, 9, 10, 0, 1, 0, 0, 0, 0, 0, 0
7, CIVILIZATION_AKKAD, 7, 10, 0, 1, 0, 0, 0, 0, 0, 0
7, CIVILIZATION_JAKARTA, 7, 10, 0, 1, 0, 0, 0, 0, 0, 0
7, CIVILIZATION_VALLETTA, 7, 10, 0, 1, 0, 0, 0, 0, 0, 0
7, CIVILIZATION_BABYLON, 7, 10, 0, 1, 0, 0, 0, 0, 0, 0
7, CIVILIZATION_GENEVA, 7, 10, 0, 1, 0, 0, 0, 0, 0, 0
7, CIVILIZATION_ANTIOCH, 7, 10, 0, 4, 0, 0, 0, 0, 0, 0
7, CIVILIZATION_LA_VENTA, 7, 10, 0, 1, 0, 0, 0, 0, 0, 0
7, CIVILIZATION_CAHOKIA, 7, 10, 0, 1, 0, 0, 0, 0, 0, 0
7, CIVILIZATION_ANTANANARIVO, 7, 10, 0, 1, 0, 0, 0, 0, 0, 0
7, CIVILIZATION_VILNIUS, 8, 10, 0, 1, 0, 0, 0, 0, 0, 0
7, CIVILIZATION_GRANADA, 7, 10, 0, 1, 0, 0, 0, 0, 0, 0
7, CIVILIZATION_KABUL, 8, 10, 0, 4, 0, 0, 0, 0, 0, 0
7, CIVILIZATION_ZANZIBAR, 7, 10, 0, 4, 0, 0, 0, 0, 0, 0
7, CIVILIZATION_MOHENJO_DARO, 8, 10, 0, 1, 0, 0, 0, 0, 0, 0
7, CIVILIZATION_LISBON, 7, 10, 0, 1, 0, 0, 0, 0, 0, 0
7, CIVILIZATION_KANDY, 7, 10, 0, 1, 0, 0, 0, 0, 0, 0
7, CIVILIZATION_NGAZARGAMU, 7, 10, 0, 1, 0, 0, 0, 0, 0, 0
7, CIVILIZATION_HONG_KONG, 7, 10, 0, 4, 0, 0, 0, 0, 0, 0
7, CIVILIZATION_BRUSSELS, 7, 10, 0, 1, 0, 0, 0, 0, 0, 0
7, CIVILIZATION_FREE_CITIES, 0, 0, 0, 0, 0, 0, 0, 0, 0, 0
8, CIVILIZATION_KONGO, 10, 16, 0, 4, 0, 0, 0, 2, 2, 0
8, CIVILIZATION_KONGO, 16, 12, 0, 3, 0, 0, 0, 0, 0, 0
8, CIVILIZATION_OTTOMAN, 16, 12, 0, 3, 0, 0, 0, 0, 0, 0
8, CIVILIZATION_NUBIA, 14, 10, 0, 3, 0, 0, 0, 0, 0, 0
8, CIVILIZATION_KHMER, 8, 10, 0, 1, 0, 0, 0, 0, 0, 0
8, CIVILIZATION_HUNGARY, 8, 10, 0, 1, 0, 0, 0, 0, 0, 0
8, CIVILIZATION_GERMANY, 15, 12, 0, 3, 0, 0, 0, 0, 0, 0
8, CIVILIZATION_MONGOLIA, 15, 10, 0, 3, 0, 0, 0, 0, 0, 0
8, CIVILIZATION_ROME, 15, 12, 0, 3, 0, 0, 0, 0, 0, 0
8, CIVILIZATION_SUMERIA, 8, 10, 0, 4, 0, 0, 0, 0, 0, 0
8, CIVILIZATION_MEXICO_CITY, 7, 10, 0, 4, 0, 0, 0, 0, 0, 0
8, CIVILIZATION_NAN_MADOL, 7, 10, 0, 4, 0, 0, 0, 0, 0, 0
8, CIVILIZATION_BOLOGNA, 9, 10, 0, 4, 0, 0, 0, 0, 0, 0
8, CIVILIZATION_AKKAD, 7, 10, 0, 1, 0, 0, 0, 0, 0, 0
8, CIVILIZATION_JAKARTA, 7, 10, 0, 1, 0, 0, 0, 0, 0, 0
8, CIVILIZATION_VALLETTA, 7, 10, 0, 1, 0, 0, 0, 0, 0, 0
8, CIVILIZATION_BABYLON, 7, 10, 0, 1, 0, 0, 0, 0, 0, 0
8, CIVILIZATION_GENEVA, 7, 10, 0, 1, 0, 0, 0, 0, 0, 0
8, CIVILIZATION_ANTIOCH, 7, 10, 0, 4, 0, 0, 0, 0, 0, 0
8, CIVILIZATION_LA_VENTA, 7, 10, 0, 1, 0, 0, 0, 0, 0, 0
8, CIVILIZATION_CAHOKIA, 7, 10, 0, 1, 0, 0, 0, 0, 0, 0
8, CIVILIZATION_ANTANANARIVO, 7, 10, 0, 1, 0, 0, 0, 0, 0, 0
8, CIVILIZATION_VILNIUS, 8, 10, 0, 1, 0, 0, 0, 0, 0, 0
8, CIVILIZATION_GRANADA, 7, 10, 0, 1, 0, 0, 0, 0, 0, 0
8, CIVILIZATION_KABUL, 8, 10, 0, 4, 0, 0, 0, 0, 0, 0
8, CIVILIZATION_ZANZIBAR, 7, 10, 0, 4, 0, 0, 0, 0, 0, 0
8, CIVILIZATION_MOHENJO_DARO, 8, 10, 0, 1, 0, 0, 0, 0, 0, 0
8, CIVILIZATION_LISBON, 7, 10, 0, 1, 0, 0, 0, 0, 0, 0
8, CIVILIZATION_KANDY, 7, 10, 0, 1, 0, 0, 0, 0, 0, 0
8, CIVILIZATION_NGAZARGAMU, 7, 10, 0, 1, 0, 0, 0, 0, 0, 0
8, CIVILIZATION_HONG_KONG, 7, 10, 0, 4, 0, 0, 0, 0, 0, 0
8, CIVILIZATION_BRUSSELS, 7, 10, 0, 1, 0, 0, 0, 0, 0, 0
8, CIVILIZATION_FREE_CITIES, 0, 0, 0, 0, 0, 0, 0, 0, 0, 0
9, CIVILIZATION_KONGO, 10, 16, 0, 1, 0, 0, 0, 3, 3, 0
9, CIVILIZATION_KONGO, 16, 12, 0, 6, 0, 0, 0, 0, 0, 0
9, CIVILIZATION_OTTOMAN, 16, 12, 0, 6, 0, 0, 0, 0, 0, 0
9, CIVILIZATION_NUBIA, 15, 10, 0, 3, 0, 0, 0, 0, 0, 0
9, CIVILIZATION_KHMER, 9, 12, 0, 1, 0, 0, 0, 0, 0, 0
9, CIVILIZATION_HUNGARY, 8, 10, 0, 4, 0, 0, 0, 0, 0, 0
9, CIVILIZATION_GERMANY, 15, 12, 0, 6, 0, 0, 0, 0, 0, 0
9, CIVILIZATION_MONGOLIA, 15, 12, 0, 6, 0, 0, 0, 0, 0, 0
9, CIVILIZATION_ROME, 15, 12, 0, 3, 0, 0, 0, 0, 0, 0
9, CIVILIZATION_SUMERIA, 15, 10, 0, 6, 0, 0, 0, 0, 0, 0
9, CIVILIZATION_MEXICO_CITY, 7, 10, 0, 4, 0, 0, 0, 0, 0, 0
9, CIVILIZATION_NAN_MADOL, 7, 10, 0, 4, 0, 0, 0, 0, 0, 0
9, CIVILIZATION_BOLOGNA, 9, 10, 0, 4, 0, 0, 0, 0, 0, 0
9, CIVILIZATION_AKKAD, 7, 10, 0, 4, 0, 0, 0, 0, 0, 0
9, CIVILIZATION_JAKARTA, 7, 10, 0, 4, 0, 0, 0, 0, 0, 0
9, CIVILIZATION_VALLETTA, 7, 10, 0, 1, 0, 0, 0, 0, 0, 0
9, CIVILIZATION_BABYLON, 7, 10, 0, 1, 0, 0, 0, 0, 0, 0
9, CIVILIZATION_GENEVA, 7, 10, 0, 4, 0, 0, 0, 0, 0, 0
9, CIVILIZATION_ANTIOCH, 7, 10, 0, 4, 0, 0, 0, 0, 0, 0
9, CIVILIZATION_LA_VENTA, 7, 10, 0, 4, 0, 0, 0, 0, 0, 0
9, CIVILIZATION_CAHOKIA, 7, 10, 0, 4, 0, 0, 0, 0, 0, 0
9, CIVILIZATION_ANTANANARIVO, 7, 10, 0, 1, 0, 0, 0, 0, 0, 0
9, CIVILIZATION_VILNIUS, 8, 10, 0, 4, 0, 0, 0, 0, 0, 0
9, CIVILIZATION_GRANADA, 7, 10, 0, 1, 0, 0, 0, 0, 0, 0
9, CIVILIZATION_KABUL, 8, 10, 0, 4, 0, 0, 0, 0, 0, 0
9, CIVILIZATION_ZANZIBAR, 7, 10, 0, 4, 0, 0, 0, 0, 0, 0
9, CIVILIZATION_MOHENJO_DARO, 8, 10, 0, 1, 0, 0, 0, 0, 0, 0
9, CIVILIZATION_LISBON, 7, 10, 0, 1, 0, 0, 0, 0, 0, 0
9, CIVILIZATION_KANDY, 7, 10, 0, 4, 0, 0, 0, 0, 0, 0
9, CIVILIZATION_NGAZARGAMU, 7, 10, 0, 1, 0, 0, 0, 0, 0, 0
9, CIVILIZATION_HONG_KONG, 7, 10, 0, 4, 0, 0, 0, 0, 0, 0
9, CIVILIZATION_BRUSSELS, 7, 10, 0, 4, 0, 0, 0, 0, 0, 0
9, CIVILIZATION_FREE_CITIES, 0, 0, 0, 0, 0, 0, 0, 0, 0, 0
10, CIVILIZATION_KONGO, 10, 16, 0, 1, 0, 0, 0, 4, 4, 0
10, CIVILIZATION_KONGO, 16, 12, 0, 6, 0, 0, 0, 0, 0, 0
10, CIVILIZATION_OTTOMAN, 16, 12, 0, 6, 0, 0, 0, 0, 0, 0
10, CIVILIZATION_NUBIA, 15, 12, 0, 6, 0, 0, 0, 0, 0, 0
10, CIVILIZATION_KHMER, 9, 12, 0, 1, 0, 0, 0, 0, 0, 0
10, CIVILIZATION_HUNGARY, 8, 10, 0, 4, 0, 0, 0, 0, 0, 0
10, CIVILIZATION_GERMANY, 15, 12, 0, 6, 0, 0, 0, 0, 0, 0
10, CIVILIZATION_MONGOLIA, 17, 12, 0, 6, 0, 0, 0, 0, 0, 0
10, CIVILIZATION_ROME, 15, 12, 0, 3, 0, 0, 0, 0, 0, 0
10, CIVILIZATION_SUMERIA, 15, 12, 0, 6, 0, 0, 0, 0, 0, 0
10, CIVILIZATION_MEXICO_CITY, 7, 10, 0, 4, 0, 0, 0, 0, 0, 0
10, CIVILIZATION_NAN_MADOL, 7, 10, 0, 4, 0, 0, 0, 0, 0, 0
10, CIVILIZATION_BOLOGNA, 9, 10, 0, 4, 0, 0, 0, 0, 0, 0
10, CIVILIZATION_AKKAD, 7, 10, 0, 4, 0, 0, 0, 0, 0, 0
10, CIVILIZATION_JAKARTA, 7, 10, 0, 4, 0, 0, 0, 0, 0, 0
10, CIVILIZATION_VALLETTA, 7, 10, 0, 1, 0, 0, 0, 0, 0, 0
10, CIVILIZATION_BABYLON, 7, 10, 0, 1, 0, 0, 0, 0, 0, 0
10, CIVILIZATION_GENEVA, 7, 10, 0, 4, 0, 0, 0, 0, 0, 0
10, CIVILIZATION_ANTIOCH, 7, 10, 0, 6, 0, 0, 0, 0, 0, 0
10, CIVILIZATION_LA_VENTA, 7, 10, 0, 4, 0, 0, 0, 0, 0, 0
10, CIVILIZATION_CAHOKIA, 9, 10, 0, 4, 0, 0, 0, 0, 0, 0
10, CIVILIZATION_ANTANANARIVO, 7, 10, 0, 1, 0, 0, 0, 0, 0, 0
10, CIVILIZATION_VILNIUS, 8, 10, 0, 4, 0, 0, 0, 0, 0, 0
10, CIVILIZATION_GRANADA, 7, 10, 0, 1, 0, 0, 0, 0, 0, 0
10, CIVILIZATION_KABUL, 8, 10, 0, 4, 0, 0, 0, 0, 0, 0
10, CIVILIZATION_ZANZIBAR, 7, 10, 0, 4, 0, 0, 0, 0, 0, 0
10, CIVILIZATION_MOHENJO_DARO, 8, 10, 0, 1, 0, 0, 0, 0, 0, 0
10, CIVILIZATION_LISBON, 7, 10, 0, 1, 0, 0, 0, 0, 0, 0
10, CIVILIZATION_KANDY, 7, 10, 0, 4, 0, 0, 0, 0, 0, 0
10, CIVILIZATION_NGAZARGAMU, 7, 10, 0, 1, 0, 0, 0, 0, 0, 0
10, CIVILIZATION_HONG_KONG, 7, 10, 0, 4, 0, 0, 0, 0, 0, 0
10, CIVILIZATION_BRUSSELS, 7, 10, 0, 4, 0, 0, 0, 0, 0, 0
10, CIVILIZATION_FREE_CITIES, 0, 0, 0, 0, 0, 0, 0, 0, 0, 0
11, CIVILIZATION_KONGO, 11, 16, 0, 4, 0, 0, 0, 6, 6, 0
11, CIVILIZATION_KONGO, 16, 13, 0, 6, 0, 0, 0, 0, 0, 0
11, CIVILIZATION_OTTOMAN, 16, 12, 0, 6, 0, 0, 0, 0, 0, 0
11, CIVILIZATION_NUBIA, 15, 12, 0, 6, 0, 0, 0, 0, 0, 0
11, CIVILIZATION_KHMER, 9, 12, 0, 1, 0, 0, 0, 0, 0, 0
11, CIVILIZATION_HUNGARY, 8, 12, 0, 4, 0, 0, 0, 0, 0, 0
11, CIVILIZATION_GERMANY, 22, 12, 0, 7, 0, 0, 0, 0, 0, 0
11, CIVILIZATION_MONGOLIA, 24, 12, 0, 7, 0, 0, 0, 0, 0, 0
11, CIVILIZATION_ROME, 17, 12, 0, 3, 0, 0, 0, 0, 0, 0
11, CIVILIZATION_SUMERIA, 16, 12, 0, 6, 0, 0, 0, 0, 0, 0
11, CIVILIZATION_MEXICO_CITY, 7, 10, 0, 4, 0, 0, 0, 0, 0, 0
11, CIVILIZATION_NAN_MADOL, 7, 10, 0, 4, 0, 0, 0, 0, 0, 0
11, CIVILIZATION_BOLOGNA, 9, 10, 0, 4, 0, 0, 0, 0, 0, 0
11, CIVILIZATION_AKKAD, 7, 10, 0, 4, 0, 0, 0, 0, 0, 0
11, CIVILIZATION_JAKARTA, 7, 10, 0, 4, 0, 0, 0, 0, 0, 0
11, CIVILIZATION_VALLETTA, 7, 10, 0, 1, 0, 0, 0, 0, 0, 0
11, CIVILIZATION_BABYLON, 7, 10, 0, 1, 0, 0, 0, 0, 0, 0
11, CIVILIZATION_GENEVA, 7, 10, 0, 4, 0, 0, 0, 0, 0, 0
11, CIVILIZATION_ANTIOCH, 7, 10, 0, 6, 0, 0, 0, 0, 0, 0
11, CIVILIZATION_LA_VENTA, 7, 10, 0, 4, 0, 0, 0, 0, 0, 0
11, CIVILIZATION_CAHOKIA, 9, 10, 0, 4, 0, 0, 0, 0, 0, 0
11, CIVILIZATION_ANTANANARIVO, 7, 10, 0, 1, 0, 0, 0, 0, 0, 0
11, CIVILIZATION_VILNIUS, 8, 10, 0, 4, 0, 0, 0, 0, 0, 0
11, CIVILIZATION_GRANADA, 7, 10, 0, 1, 0, 0, 0, 0, 0, 0
11, CIVILIZATION_KABUL, 8, 10, 0, 4, 0, 0, 0, 0, 0, 0
11, CIVILIZATION_ZANZIBAR, 7, 10, 0, 4, 0, 0, 0, 0, 0, 0
11, CIVILIZATION_MOHENJO_DARO, 8, 10, 0, 1, 0, 0, 0, 0, 0, 0
11, CIVILIZATION_LISBON, 7, 10, 0, 1, 0, 0, 0, 0, 0, 0
11, CIVILIZATION_KANDY, 7, 10, 0, 4, 0, 0, 0, 0, 0, 0
11, CIVILIZATION_NGAZARGAMU, 7, 10, 0, 1, 0, 0, 0, 0, 0, 0
11, CIVILIZATION_HONG_KONG, 7, 10, 0, 4, 0, 0, 0, 0, 0, 0
11, CIVILIZATION_BRUSSELS, 7, 10, 0, 4, 0, 0, 0, 0, 0, 0
11, CIVILIZATION_FREE_CITIES, 0, 0, 0, 0, 0, 0, 0, 0, 0, 0
12, CIVILIZATION_KONGO, 11, 16, 0, 4, 0, 0, 0, 8, 8, 0
12, CIVILIZATION_KONGO, 23, 13, 0, 7, 0, 0, 0, 0, 0, 0
12, CIVILIZATION_OTTOMAN, 16, 12, 0, 6, 0, 0, 0, 0, 0, 0
12, CIVILIZATION_NUBIA, 15, 12, 0, 6, 0, 0, 0, 0, 0, 0
12, CIVILIZATION_KHMER, 9, 12, 0, 1, 0, 0, 0, 0, 0, 0
12, CIVILIZATION_HUNGARY, 8, 12, 0, 4, 0, 0, 0, 0, 0, 0
12, CIVILIZATION_GERMANY, 22, 12, 0, 7, 0, 0, 0, 0, 0, 0
12, CIVILIZATION_MONGOLIA, 24, 12, 0, 7, 0, 0, 0, 0, 0, 0
12, CIVILIZATION_ROME, 17, 14, 0, 6, 0, 0, 0, 0, 0, 0
12, CIVILIZATION_SUMERIA, 16, 12, 0, 6, 0, 0, 0, 0, 0, 0
12, CIVILIZATION_MEXICO_CITY, 7, 10, 0, 6, 0, 0, 0, 0, 0, 0
12, CIVILIZATION_NAN_MADOL, 7, 10, 0, 6, 0, 0, 0, 0, 0, 0
12, CIVILIZATION_BOLOGNA, 9, 10, 0, 4, 0, 0, 0, 0, 0, 0
12, CIVILIZATION_AKKAD, 7, 10, 0, 4, 0, 0, 0, 0, 0, 0
12, CIVILIZATION_JAKARTA, 7, 10, 0, 4, 0, 0, 0, 0, 0, 0
12, CIVILIZATION_VALLETTA, 7, 10, 0, 1, 0, 0, 0, 0, 0, 0
12, CIVILIZATION_BABYLON, 7, 10, 0, 1, 0, 0, 0, 0, 0, 0
12, CIVILIZATION_GENEVA, 7, 10, 0, 4, 0, 0, 0, 0, 0, 0
12, CIVILIZATION_ANTIOCH, 7, 10, 0, 6, 0, 0, 0, 0, 0, 0
12, CIVILIZATION_LA_VENTA, 7, 10, 0, 4, 0, 0, 0, 0, 0, 0
12, CIVILIZATION_CAHOKIA, 9, 10, 0, 4, 0, 0, 0, 0, 0, 0
12, CIVILIZATION_ANTANANARIVO, 7, 10, 0, 1, 0, 0, 0, 0, 0, 0
12, CIVILIZATION_VILNIUS, 8, 10, 0, 4, 0, 0, 0, 0, 0, 0
12, CIVILIZATION_GRANADA, 7, 10, 0, 1, 0, 0, 0, 0, 0, 0
12, CIVILIZATION_KABUL, 8, 10, 0, 6, 0, 0, 0, 0, 0, 0
12, CIVILIZATION_ZANZIBAR, 7, 10, 0, 4, 0, 0, 0, 0, 0, 0
12, CIVILIZATION_MOHENJO_DARO, 8, 10, 0, 1, 0, 0, 0, 0, 0, 0
12, CIVILIZATION_LISBON, 7, 10, 0, 1, 0, 0, 0, 0, 0, 0
12, CIVILIZATION_KANDY, 7, 10, 0, 4, 0, 0, 0, 0, 0, 0
12, CIVILIZATION_NGAZARGAMU, 7, 10, 0, 1, 0, 0, 0, 0, 0, 0
12, CIVILIZATION_HONG_KONG, 7, 10, 0, 4, 0, 0, 0, 0, 0, 0
12, CIVILIZATION_BRUSSELS, 7, 10, 0, 4, 0, 0, 0, 0, 0, 0
12, CIVILIZATION_FREE_CITIES, 0, 0, 0, 0, 0, 0, 0, 0, 0, 0
13, CIVILIZATION_KONGO, 11, 16, 0, 4, 0, 0, 0, 10, 10, 0
13, CIVILIZATION_KONGO, 24, 15, 0, 7, 0, 0, 0, 0, 0, 0
13, CIVILIZATION_OTTOMAN, 16, 13, 0, 8, 0, 0, 0, 0, 0, 0
13, CIVILIZATION_NUBIA, 15, 12, 0, 6, 0, 0, 0, 0, 0, 0
13, CIVILIZATION_KHMER, 9, 12, 0, 1, 0, 0, 0, 0, 0, 0
13, CIVILIZATION_HUNGARY, 8, 12, 0, 4, 0, 0, 0, 0, 0, 0
13, CIVILIZATION_GERMANY, 23, 13, 0, 7, 0, 0, 0, 0, 0, 0
13, CIVILIZATION_MONGOLIA, 24, 12, 0, 7, 0, 0, 0, 0, 0, 0
13, CIVILIZATION_ROME, 17, 14, 0, 6, 0, 0, 0, 0, 0, 0
13, CIVILIZATION_SUMERIA, 16, 12, 0, 6, 0, 0, 0, 0, 0, 0
13, CIVILIZATION_MEXICO_CITY, 7, 10, 0, 6, 0, 0, 0, 0, 0, 0
13, CIVILIZATION_NAN_MADOL, 7, 10, 0, 6, 0, 0, 0, 0, 0, 0
13, CIVILIZATION_BOLOGNA, 9, 10, 0, 4, 0, 0, 0, 0, 0, 0
13, CIVILIZATION_AKKAD, 7, 10, 0, 4, 0, 0, 0, 0, 0, 0
13, CIVILIZATION_JAKARTA, 7, 10, 0, 4, 0, 0, 0, 0, 0, 0
13, CIVILIZATION_VALLETTA, 7, 10, 0, 1, 0, 0, 0, 0, 0, 0
13, CIVILIZATION_BABYLON, 7, 10, 0, 1, 0, 0, 0, 0, 0, 0
13, CIVILIZATION_GENEVA, 7, 10, 0, 4, 0, 0, 0, 0, 0, 0
13, CIVILIZATION_ANTIOCH, 7, 10, 0, 6, 0, 0, 0, 0, 0, 0
13, CIVILIZATION_LA_VENTA, 7, 10, 0, 4, 0, 0, 0, 0, 0, 0
13, CIVILIZATION_CAHOKIA, 9, 10, 0, 4, 0, 0, 0, 0, 0, 0
13, CIVILIZATION_ANTANANARIVO, 7, 10, 0, 1, 0, 0, 0, 0, 0, 0
13, CIVILIZATION_VILNIUS, 8, 10, 0, 4, 0, 0, 0, 0, 0, 0
13, CIVILIZATION_GRANADA, 7, 10, 0, 1, 0, 0, 0, 0, 0, 0
13, CIVILIZATION_KABUL, 8, 10, 0, 6, 0, 0, 0, 0, 0, 0
13, CIVILIZATION_ZANZIBAR, 7, 10, 0, 6, 0, 0, 0, 0, 0, 0
13, CIVILIZATION_MOHENJO_DARO, 8, 10, 0, 1, 0, 0, 0, 0, 0, 0
13, CIVILIZATION_LISBON, 7, 10, 0, 1, 0, 0, 0, 0, 0, 0
13, CIVILIZATION_KANDY, 7, 10, 0, 4, 0, 0, 0, 0, 0, 0
13, CIVILIZATION_NGAZARGAMU, 7, 10, 0, 1, 0, 0, 0, 0, 0, 0
13, CIVILIZATION_HONG_KONG, 7, 10, 0, 4, 0, 0, 0, 0, 0, 0
13, CIVILIZATION_BRUSSELS, 7, 10, 0, 4, 0, 0, 0, 0, 0, 0
13, CIVILIZATION_FREE_CITIES, 0, 0, 0, 0, 0, 0, 0, 0, 0, 0
14, CIVILIZATION_KONGO, 23, 22, 0, 6, 0, 0, 0, 12, 12, 0
14, CIVILIZATION_KONGO, 25, 16, 0, 7, 0, 0, 0, 0, 0, 0
14, CIVILIZATION_OTTOMAN, 17, 13, 0, 10, 0, 0, 0, 0, 0, 0
14, CIVILIZATION_NUBIA, 23, 12, 0, 7, 0, 0, 0, 0, 0, 0
14, CIVILIZATION_KHMER, 9, 12, 0, 1, 0, 0, 0, 0, 0, 0
14, CIVILIZATION_HUNGARY, 8, 13, 0, 4, 0, 0, 0, 0, 0, 0
14, CIVILIZATION_GERMANY, 24, 13, 0, 7, 0, 0, 0, 0, 0, 0
14, CIVILIZATION_MONGOLIA, 24, 12, 0, 10, 0, 0, 0, 0, 0, 0
14, CIVILIZATION_ROME, 17, 14, 0, 6, 0, 0, 0, 0, 0, 0
14, CIVILIZATION_SUMERIA, 16, 12, 0, 8, 0, 0, 0, 0, 0, 0
14, CIVILIZATION_MEXICO_CITY, 7, 10, 0, 6, 0, 0, 0, 0, 0, 0
14, CIVILIZATION_NAN_MADOL, 7, 10, 0, 6, 0, 0, 0, 0, 0, 0
14, CIVILIZATION_BOLOGNA, 9, 10, 0, 6, 0, 0, 0, 0, 0, 0
14, CIVILIZATION_AKKAD, 7, 10, 0, 4, 0, 0, 0, 0, 0, 0
14, CIVILIZATION_JAKARTA, 7, 10, 0, 4, 0, 0, 0, 0, 0, 0
14, CIVILIZATION_VALLETTA, 7, 10, 0, 1, 0, 0, 0, 0, 0, 0
14, CIVILIZATION_BABYLON, 7, 10, 0, 1, 0, 0, 0, 0, 0, 0
14, CIVILIZATION_GENEVA, 7, 10, 0, 4, 0, 0, 0, 0, 0, 0
14, CIVILIZATION_ANTIOCH, 7, 10, 0, 6, 0, 0, 0, 0, 0, 0
14, CIVILIZATION_LA_VENTA, 7, 10, 0, 4, 0, 0, 0, 0, 0, 0
14, CIVILIZATION_CAHOKIA, 9, 10, 0, 4, 0, 0, 0, 0, 0, 0
14, CIVILIZATION_ANTANANARIVO, 7, 10, 0, 1, 0, 0, 0, 0, 0, 0
14, CIVILIZATION_VILNIUS, 8, 10, 0, 4, 0, 0, 0, 0, 0, 0
14, CIVILIZATION_GRANADA, 7, 10, 0, 1, 0, 0, 0, 0, 0, 0
14, CIVILIZATION_KABUL, 8, 10, 0, 6, 0, 0, 0, 0, 0, 0
14, CIVILIZATION_ZANZIBAR, 7, 10, 0, 6, 0, 0, 0, 0, 0, 0
14, CIVILIZATION_MOHENJO_DARO, 8, 10, 0, 1, 0, 0, 0, 0, 0, 0
14, CIVILIZATION_LISBON, 7, 10, 0, 1, 0, 0, 0, 0, 0, 0
14, CIVILIZATION_KANDY, 7, 10, 0, 4, 0, 0, 0, 0, 0, 0
14, CIVILIZATION_NGAZARGAMU, 7, 10, 0, 1, 0, 0, 0, 0, 0, 0
14, CIVILIZATION_HONG_KONG, 7, 10, 0, 4, 0, 0, 0, 0, 0, 0
14, CIVILIZATION_BRUSSELS, 7, 10, 0, 4, 0, 0, 0, 0, 0, 0
14, CIVILIZATION_FREE_CITIES, 0, 0, 0, 0, 0, 0, 0, 0, 0, 0
15, CIVILIZATION_KONGO, 23, 22, 0, 6, 0, 0, 0, 14, 14, 0
15, CIVILIZATION_KONGO, 25, 16, 0, 10, 0, 0, 0, 0, 0, 0
15, CIVILIZATION_OTTOMAN, 17, 14, 0, 10, 0, 0, 0, 0, 0, 0
15, CIVILIZATION_NUBIA, 23, 12, 0, 10, 0, 0, 0, 0, 0, 0
15, CIVILIZATION_KHMER, 9, 12, 0, 1, 0, 0, 0, 0, 0, 0
15, CIVILIZATION_HUNGARY, 9, 13, 0, 4, 0, 0, 0, 0, 0, 0
15, CIVILIZATION_GERMANY, 24, 13, 0, 12, 0, 0, 0, 0, 0, 0
15, CIVILIZATION_MONGOLIA, 24, 13, 0, 10, 0, 0, 0, 0, 0, 0
15, CIVILIZATION_ROME, 17, 16, 0, 6, 0, 0, 0, 0, 0, 0
15, CIVILIZATION_SUMERIA, 16, 12, 0, 10, 0, 0, 0, 0, 0, 0
15, CIVILIZATION_MEXICO_CITY, 7, 10, 0, 6, 0, 0, 0, 0, 0, 0
15, CIVILIZATION_NAN_MADOL, 7, 10, 0, 6, 0, 0, 0, 0, 0, 0
15, CIVILIZATION_BOLOGNA, 9, 10, 0, 6, 0, 0, 0, 0, 0, 0
15, CIVILIZATION_AKKAD, 7, 10, 0, 4, 0, 0, 0, 0, 0, 0
15, CIVILIZATION_JAKARTA, 7, 10, 0, 4, 0, 0, 0, 0, 0, 0
15, CIVILIZATION_VALLETTA, 7, 10, 0, 1, 0, 0, 0, 0, 0, 0
15, CIVILIZATION_BABYLON, 7, 10, 0, 1, 0, 0, 0, 0, 0, 0
15, CIVILIZATION_GENEVA, 7, 10, 0, 4, 0, 0, 0, 0, 0, 0
15, CIVILIZATION_ANTIOCH, 7, 12, 0, 6, 0, 0, 0, 0, 0, 0
15, CIVILIZATION_LA_VENTA, 7, 10, 0, 4, 0, 0, 0, 0, 0, 0
15, CIVILIZATION_CAHOKIA, 9, 10, 0, 4, 0, 0, 0, 0, 0, 0
15, CIVILIZATION_ANTANANARIVO, 7, 10, 0, 1, 0, 0, 0, 0, 0, 0
15, CIVILIZATION_VILNIUS, 8, 10, 0, 4, 0, 0, 0, 0, 0, 0
15, CIVILIZATION_GRANADA, 7, 10, 0, 1, 0, 0, 0, 0, 0, 0
15, CIVILIZATION_KABUL, 8, 10, 0, 6, 0, 0, 0, 0, 0, 0
15, CIVILIZATION_ZANZIBAR, 7, 10, 0, 6, 0, 0, 0, 0, 0, 0
15, CIVILIZATION_MOHENJO_DARO, 8, 10, 0, 1, 0, 0, 0, 0, 0, 0
15, CIVILIZATION_LISBON, 7, 10, 0, 1, 0, 0, 0, 0, 0, 0
15, CIVILIZATION_KANDY, 7, 10, 0, 4, 0, 0, 0, 0, 0, 0
15, CIVILIZATION_NGAZARGAMU, 7, 10, 0, 1, 0, 0, 0, 0, 0, 0
15, CIVILIZATION_HONG_KONG, 7, 10, 0, 4, 0, 0, 0, 0, 0, 0
15, CIVILIZATION_BRUSSELS, 7, 10, 0, 4, 0, 0, 0, 0, 0, 0
15, CIVILIZATION_FREE_CITIES, 0, 0, 0, 0, 0, 0, 0, 0, 0, 0
16, CIVILIZATION_KONGO, 23, 22, 0, 6, 0, 0, 0, 16, 16, 0
16, CIVILIZATION_KONGO, 25, 16, 0, 10, 0, 0, 0, 0, 0, 0
16, CIVILIZATION_OTTOMAN, 18, 14, 0, 10, 0, 0, 0, 0, 0, 0
16, CIVILIZATION_NUBIA, 24, 15, 0, 10, 0, 0, 0, 0, 0, 0
16, CIVILIZATION_KHMER, 11, 12, 1, 1, 0, 0, 0, 0, 0, 0
16, CIVILIZATION_HUNGARY, 9, 13, 0, 4, 0, 0, 0, 0, 0, 0
16, CIVILIZATION_GERMANY, 24, 14, 0, 12, 0, 0, 0, 0, 0, 0
16, CIVILIZATION_MONGOLIA, 25, 14, 0, 10, 0, 0, 0, 0, 0, 0
16, CIVILIZATION_ROME, 18, 17, 0, 6, 0, 0, 0, 0, 0, 0
16, CIVILIZATION_SUMERIA, 16, 12, 0, 10, 0, 0, 0, 0, 0, 0
16, CIVILIZATION_MEXICO_CITY, 7, 10, 0, 6, 0, 0, 0, 0, 0, 0
16, CIVILIZATION_NAN_MADOL, 7, 10, 0, 6, 0, 0, 0, 0, 0, 0
16, CIVILIZATION_BOLOGNA, 9, 10, 0, 6, 0, 0, 0, 0, 0, 0
16, CIVILIZATION_AKKAD, 7, 10, 0, 4, 0, 0, 0, 0, 0, 0
16, CIVILIZATION_JAKARTA, 7, 10, 0, 4, 0, 0, 0, 0, 0, 0
16, CIVILIZATION_VALLETTA, 7, 10, 0, 4, 0, 0, 0, 0, 0, 0
16, CIVILIZATION_BABYLON, 7, 10, 0, 4, 0, 0, 0, 0, 0, 0
16, CIVILIZATION_GENEVA, 7, 12, 0, 4, 0, 0, 0, 0, 0, 0
16, CIVILIZATION_ANTIOCH, 7, 12, 0, 6, 0, 0, 0, 0, 0, 0
16, CIVILIZATION_LA_VENTA, 7, 10, 0, 4, 0, 0, 0, 0, 0, 0
16, CIVILIZATION_CAHOKIA, 9, 10, 0, 4, 0, 0, 0, 0, 0, 0
16, CIVILIZATION_ANTANANARIVO, 7, 10, 0, 4, 0, 0, 0, 0, 0, 0
16, CIVILIZATION_VILNIUS, 8, 10, 0, 6, 0, 0, 0, 0, 0, 0
16, CIVILIZATION_GRANADA, 7, 10, 0, 4, 0, 0, 0, 0, 0, 0
16, CIVILIZATION_KABUL, 8, 10, 0, 6, 0, 0, 0, 0, 0, 0
16, CIVILIZATION_ZANZIBAR, 7, 10, 0, 6, 0, 0, 0, 0, 0, 0
16, CIVILIZATION_MOHENJO_DARO, 8, 10, 0, 4, 0, 0, 0, 0, 0, 0
16, CIVILIZATION_LISBON, 7, 10, 0, 4, 0, 0, 0, 0, 0, 0
16, CIVILIZATION_KANDY, 7, 10, 0, 4, 0, 0, 0, 0, 0, 0
16, CIVILIZATION_NGAZARGAMU, 7, 10, 0, 4, 0, 0, 0, 0, 0, 0
16, CIVILIZATION_HONG_KONG, 7, 12, 0, 4, 0, 0, 0, 0, 0, 0
16, CIVILIZATION_BRUSSELS, 7, 10, 0, 4, 0, 0, 0, 0, 0, 0
16, CIVILIZATION_FREE_CITIES, 0, 0, 0, 0, 0, 0, 0, 0, 0, 0
17, CIVILIZATION_KONGO, 37, 32, 1, 10, 3, 0, 0, 18, 18, 0
17, CIVILIZATION_KONGO, 25, 17, 0, 10, 0, 0, 0, 0, 0, 0
17, CIVILIZATION_OTTOMAN, 18, 14, 0, 13, 0, 0, 0, 0, 0, 0
17, CIVILIZATION_NUBIA, 24, 15, 0, 10, 0, 0, 0, 0, 0, 0
17, CIVILIZATION_KHMER, 12, 12, 1, 1, 0, 0, 0, 0, 0, 0
17, CIVILIZATION_HUNGARY, 9, 14, 0, 4, 0, 0, 0, 0, 0, 0
17, CIVILIZATION_GERMANY, 25, 15, 0, 12, 0, 0, 0, 0, 0, 0
17, CIVILIZATION_MONGOLIA, 26, 14, 0, 10, 0, 0, 0, 0, 0, 0
17, CIVILIZATION_ROME, 19, 17, 0, 6, 0, 0, 0, 0, 0, 0
17, CIVILIZATION_SUMERIA, 17, 12, 0, 10, 0, 0, 0, 0, 0, 0
17, CIVILIZATION_MEXICO_CITY, 7, 10, 0, 6, 0, 0, 0, 0, 0, 0
17, CIVILIZATION_NAN_MADOL, 7, 10, 0, 6, 0, 0, 0, 0, 0, 0
17, CIVILIZATION_BOLOGNA, 9, 11, 0, 6, 0, 0, 0, 0, 0, 0
17, CIVILIZATION_AKKAD, 7, 10, 0, 4, 0, 0, 0, 0, 0, 0
17, CIVILIZATION_JAKARTA, 7, 10, 0, 4, 0, 0, 0, 0, 0, 0
17, CIVILIZATION_VALLETTA, 7, 10, 0, 4, 0, 0, 0, 0, 0, 0
17, CIVILIZATION_BABYLON, 7, 10, 0, 4, 0, 0, 0, 0, 0, 0
17, CIVILIZATION_GENEVA, 7, 12, 0, 4, 0, 0, 0, 0, 0, 0
17, CIVILIZATION_ANTIOCH, 7, 12, 0, 6, 0, 0, 0, 0, 0, 0
17, CIVILIZATION_LA_VENTA, 8, 10, 0, 4, 0, 0, 0, 0, 0, 0
17, CIVILIZATION_CAHOKIA, 9, 12, 0, 4, 0, 0, 0, 0, 0, 0
17, CIVILIZATION_ANTANANARIVO, 7, 10, 0, 4, 0, 0, 0, 0, 0, 0
17, CIVILIZATION_VILNIUS, 8, 10, 0, 6, 0, 0, 0, 0, 0, 0
17, CIVILIZATION_GRANADA, 7, 10, 0, 4, 0, 0, 0, 0, 0, 0
17, CIVILIZATION_KABUL, 8, 10, 0, 6, 0, 0, 0, 0, 0, 0
17, CIVILIZATION_ZANZIBAR, 7, 10, 0, 6, 0, 0, 0, 0, 0, 0
17, CIVILIZATION_MOHENJO_DARO, 8, 12, 0, 4, 0, 0, 0, 0, 0, 0
17, CIVILIZATION_LISBON, 7, 10, 0, 4, 0, 0, 0, 0, 0, 0
17, CIVILIZATION_KANDY, 7, 10, 0, 6, 0, 0, 0, 0, 0, 0
17, CIVILIZATION_NGAZARGAMU, 7, 10, 0, 4, 0, 0, 0, 0, 0, 0
17, CIVILIZATION_HONG_KONG, 7, 12, 0, 4, 0, 0, 0, 0, 0, 0
17, CIVILIZATION_BRUSSELS, 7, 10, 0, 4, 0, 0, 0, 0, 0, 0
17, CIVILIZATION_FREE_CITIES, 0, 0, 0, 0, 0, 0, 0, 0, 0, 0
18, CIVILIZATION_KONGO, 39, 32, 1, 12, 3, 0, 0, 20, 20, 0
18, CIVILIZATION_KONGO, 26, 17, 0, 12, 0, 0, 0, 0, 0, 0
18, CIVILIZATION_OTTOMAN, 18, 14, 0, 13, 0, 0, 0, 0, 0, 0
18, CIVILIZATION_NUBIA, 25, 15, 0, 12, 0, 0, 0, 0, 0, 0
18, CIVILIZATION_KHMER, 12, 12, 1, 1, 0, 0, 0, 0, 0, 0
18, CIVILIZATION_HUNGARY, 9, 14, 0, 4, 0, 0, 0, 0, 0, 0
18, CIVILIZATION_GERMANY, 25, 15, 0, 12, 0, 0, 0, 0, 0, 0
18, CIVILIZATION_MONGOLIA, 26, 14, 0, 10, 0, 0, 0, 0, 0, 0
18, CIVILIZATION_ROME, 20, 17, 0, 8, 0, 0, 0, 0, 0, 0
18, CIVILIZATION_SUMERIA, 19, 12, 0, 10, 0, 2, 0, 0, 0, 0
18, CIVILIZATION_MEXICO_CITY, 7, 10, 0, 6, 0, 0, 0, 0, 0, 0
18, CIVILIZATION_NAN_MADOL, 7, 10, 0, 6, 0, 0, 0, 0, 0, 0
18, CIVILIZATION_BOLOGNA, 9, 11, 0, 6, 0, 0, 0, 0, 0, 0
18, CIVILIZATION_AKKAD, 7, 12, 0, 4, 0, 0, 0, 0, 0, 0
18, CIVILIZATION_JAKARTA, 7, 10, 0, 4, 0, 0, 0, 0, 0, 0
18, CIVILIZATION_VALLETTA, 7, 10, 0, 4, 0, 0, 0, 0, 0, 0
18, CIVILIZATION_BABYLON, 7, 10, 0, 4, 0, 0, 0, 0, 0, 0
18, CIVILIZATION_GENEVA, 7, 12, 0, 4, 0, 0, 0, 0, 0, 0
18, CIVILIZATION_ANTIOCH, 7, 12, 0, 9, 0, 0, 0, 0, 0, 0
18, CIVILIZATION_LA_VENTA, 8, 10, 0, 4, 0, 0, 0, 0, 0, 0
18, CIVILIZATION_CAHOKIA, 9, 12, 0, 4, 0, 0, 0, 0, 0, 0
18, CIVILIZATION_ANTANANARIVO, 7, 10, 0, 4, 0, 0, 0, 0, 0, 0
18, CIVILIZATION_VILNIUS, 8, 10, 0, 6, 0, 0, 0, 0, 0, 0
18, CIVILIZATION_GRANADA, 7, 11, 0, 4, 0, 0, 0, 0, 0, 0
18, CIVILIZATION_KABUL, 8, 10, 0, 6, 0, 0, 0, 0, 0, 0
18, CIVILIZATION_ZANZIBAR, 7, 10, 0, 6, 0, 0, 0, 0, 0, 0
18, CIVILIZATION_MOHENJO_DARO, 8, 12, 0, 4, 0, 0, 0, 0, 0, 0
18, CIVILIZATION_LISBON, 7, 10, 0, 4, 0, 0, 0, 0, 0, 0
18, CIVILIZATION_KANDY, 7, 10, 0, 6, 0, 0, 0, 0, 0, 0
18, CIVILIZATION_NGAZARGAMU, 7, 10, 0, 4, 0, 0, 0, 0, 0, 0
18, CIVILIZATION_HONG_KONG, 7, 12, 0, 6, 0, 0, 0, 0, 0, 0
18, CIVILIZATION_BRUSSELS, 7, 12, 0, 4, 0, 0, 0, 0, 0, 0
18, CIVILIZATION_FREE_CITIES, 0, 0, 0, 0, 0, 0, 0, 0, 0, 0
19, CIVILIZATION_KONGO, 40, 32, 1, 12, 3, 0, 0, 22, 22, 0
19, CIVILIZATION_KONGO, 26, 17, 0, 12, 0, 0, 0, 0, 0, 0
19, CIVILIZATION_OTTOMAN, 18, 14, 1, 15, 0, 0, 0, 0, 0, 0
19, CIVILIZATION_NUBIA, 25, 15, 1, 12, 0, 0, 0, 0, 0, 0
19, CIVILIZATION_KHMER, 13, 12, 1, 4, 0, 0, 0, 0, 0, 0
19, CIVILIZATION_HUNGARY, 9, 14, 0, 4, 0, 0, 0, 0, 0, 0
19, CIVILIZATION_GERMANY, 27, 15, 0, 12, 0, 0, 0, 0, 0, 0
19, CIVILIZATION_MONGOLIA, 26, 16, 0, 14, 0, 0, 0, 0, 0, 0
19, CIVILIZATION_ROME, 20, 18, 0, 8, 0, 0, 0, 0, 0, 0
19, CIVILIZATION_SUMERIA, 26, 12, 0, 12, 0, 2, 0, 0, 0, 0
19, CIVILIZATION_MEXICO_CITY, 7, 10, 0, 9, 0, 0, 0, 0, 0, 0
19, CIVILIZATION_NAN_MADOL, 7, 10, 0, 6, 0, 0, 0, 0, 0, 0
19, CIVILIZATION_BOLOGNA, 9, 11, 0, 6, 0, 0, 0, 0, 0, 0
19, CIVILIZATION_AKKAD, 7, 12, 0, 4, 0, 0, 0, 0, 0, 0
19, CIVILIZATION_JAKARTA, 7, 10, 0, 4, 0, 0, 0, 0, 0, 0
19, CIVILIZATION_VALLETTA, 7, 12, 0, 4, 0, 0, 0, 0, 0, 0
19, CIVILIZATION_BABYLON, 7, 12, 0, 4, 0, 0, 0, 0, 0, 0
19, CIVILIZATION_GENEVA, 7, 12, 0, 4, 0, 0, 0, 0, 0, 0
19, CIVILIZATION_ANTIOCH, 7, 12, 0, 9, 0, 0, 0, 0, 0, 0
19, CIVILIZATION_LA_VENTA, 8, 12, 0, 4, 0, 0, 0, 0, 0, 0
19, CIVILIZATION_CAHOKIA, 9, 12, 0, 4, 0, 0, 0, 0, 0, 0
19, CIVILIZATION_ANTANANARIVO, 7, 12, 0, 4, 0, 0, 0, 0, 0, 0
19, CIVILIZATION_VILNIUS, 8, 10, 0, 6, 0, 0, 0, 0, 0, 0
19, CIVILIZATION_GRANADA, 7, 11, 0, 4, 0, 0, 0, 0, 0, 0
19, CIVILIZATION_KABUL, 8, 10, 0, 6, 0, 0, 0, 0, 0, 0
19, CIVILIZATION_ZANZIBAR, 7, 12, 0, 6, 0, 0, 0, 0, 0, 0
19, CIVILIZATION_MOHENJO_DARO, 8, 12, 0, 4, 0, 0, 0, 0, 0, 0
19, CIVILIZATION_LISBON, 7, 10, 0, 4, 0, 0, 0, 0, 0, 0
19, CIVILIZATION_KANDY, 7, 10, 0, 6, 0, 0, 0, 0, 0, 0
19, CIVILIZATION_NGAZARGAMU, 7, 10, 0, 4, 0, 0, 0, 0, 0, 0
19, CIVILIZATION_HONG_KONG, 7, 12, 0, 6, 0, 0, 0, 0, 0, 0
19, CIVILIZATION_BRUSSELS, 7, 12, 0, 4, 0, 0, 0, 0, 0, 0
19, CIVILIZATION_FREE_CITIES, 0, 0, 0, 0, 0, 0, 0, 0, 0, 0
20, CIVILIZATION_KONGO, 48, 38, 1, 16, 3, 0, 0, 24, 24, 0
20, CIVILIZATION_KONGO, 27, 17, 0, 10, 0, 0, 0, 0, 0, 0
20, CIVILIZATION_OTTOMAN, 18, 14, 1, 15, 0, 0, 0, 0, 0, 0
20, CIVILIZATION_NUBIA, 25, 17, 1, 12, 0, 0, 0, 0, 0, 0
20, CIVILIZATION_KHMER, 13, 12, 1, 4, 0, 0, 0, 0, 0, 0
20, CIVILIZATION_HUNGARY, 9, 14, 0, 4, 0, 0, 0, 0, 0, 0
20, CIVILIZATION_GERMANY, 27, 15, 0, 10, 0, 0, 0, 0, 0, 0
20, CIVILIZATION_MONGOLIA, 26, 16, 0, 14, 0, 0, 0, 0, 0, 0
20, CIVILIZATION_ROME, 20, 18, 0, 10, 0, 0, 0, 0, 0, 0
20, CIVILIZATION_SUMERIA, 26, 12, 0, 12, 0, 2, 0, 0, 0, 0
20, CIVILIZATION_MEXICO_CITY, 7, 10, 0, 9, 0, 0, 0, 0, 0, 0
20, CIVILIZATION_NAN_MADOL, 7, 10, 0, 6, 0, 0, 0, 0, 0, 0
20, CIVILIZATION_BOLOGNA, 9, 11, 0, 6, 0, 0, 0, 0, 0, 0
20, CIVILIZATION_AKKAD, 7, 12, 0, 6, 0, 0, 0, 0, 0, 0
20, CIVILIZATION_JAKARTA, 7, 10, 0, 6, 0, 0, 0, 0, 0, 0
20, CIVILIZATION_VALLETTA, 7, 12, 0, 4, 0, 0, 0, 0, 0, 0
20, CIVILIZATION_BABYLON, 7, 12, 0, 4, 0, 0, 0, 0, 0, 0
20, CIVILIZATION_GENEVA, 7, 12, 0, 6, 0, 0, 0, 0, 0, 0
20, CIVILIZATION_ANTIOCH, 7, 12, 0, 9, 0, 0, 0, 0, 0, 0
20, CIVILIZATION_LA_VENTA, 8, 12, 0, 4, 0, 0, 0, 0, 0, 0
20, CIVILIZATION_CAHOKIA, 9, 12, 0, 6, 0, 0, 0, 0, 0, 0
20, CIVILIZATION_ANTANANARIVO, 7, 12, 0, 4, 0, 0, 0, 0, 0, 0
20, CIVILIZATION_VILNIUS, 8, 12, 0, 6, 0, 0, 0, 0, 0, 0
20, CIVILIZATION_GRANADA, 7, 11, 0, 4, 0, 0, 0, 0, 0, 0
20, CIVILIZATION_KABUL, 8, 10, 0, 9, 0, 0, 0, 0, 0, 0
20, CIVILIZATION_ZANZIBAR, 7, 12, 0, 6, 0, 0, 0, 0, 0, 0
20, CIVILIZATION_MOHENJO_DARO, 8, 12, 0, 4, 0, 0, 0, 0, 0, 0
20, CIVILIZATION_LISBON, 7, 10, 0, 4, 0, 0, 0, 0, 0, 0
20, CIVILIZATION_KANDY, 7, 12, 0, 6, 0, 0, 0, 0, 0, 0
20, CIVILIZATION_NGAZARGAMU, 7, 10, 0, 4, 0, 0, 0, 0, 0, 0
20, CIVILIZATION_HONG_KONG, 7, 12, 0, 6, 0, 0, 0, 0, 0, 0
20, CIVILIZATION_BRUSSELS, 8, 12, 0, 4, 0, 0, 0, 0, 0, 0
20, CIVILIZATION_FREE_CITIES, 0, 0, 0, 0, 0, 0, 0, 0, 0, 0
21, CIVILIZATION_KONGO, 49, 38, 1, 19, 3, 0, 0, 26, 26, 0
21, CIVILIZATION_KONGO, 27, 19, 0, 10, 0, 0, 0, 0, 0, 0
21, CIVILIZATION_OTTOMAN, 22, 20, 1, 15, 0, 2, 0, 0, 0, 0
21, CIVILIZATION_NUBIA, 25, 17, 1, 12, 0, 0, 0, 0, 0, 0
21, CIVILIZATION_KHMER, 13, 18, 1, 4, 0, 0, 0, 0, 0, 0
21, CIVILIZATION_HUNGARY, 9, 14, 0, 4, 0, 0, 0, 0, 0, 0
21, CIVILIZATION_GERMANY, 27, 15, 0, 12, 0, 0, 0, 0, 0, 0
21, CIVILIZATION_MONGOLIA, 26, 16, 0, 14, 0, 0, 0, 0, 0, 0
21, CIVILIZATION_ROME, 20, 18, 0, 10, 0, 0, 0, 0, 0, 0
21, CIVILIZATION_SUMERIA, 26, 13, 0, 12, 0, 2, 0, 0, 0, 0
21, CIVILIZATION_MEXICO_CITY, 7, 10, 0, 9, 0, 0, 0, 0, 0, 0
21, CIVILIZATION_NAN_MADOL, 7, 10, 0, 6, 0, 0, 0, 0, 0, 0
21, CIVILIZATION_BOLOGNA, 9, 11, 0, 9, 0, 0, 0, 0, 0, 0
21, CIVILIZATION_AKKAD, 7, 12, 0, 6, 0, 0, 0, 0, 0, 0
21, CIVILIZATION_JAKARTA, 7, 12, 0, 6, 0, 0, 0, 0, 0, 0
21, CIVILIZATION_VALLETTA, 7, 12, 0, 4, 0, 0, 0, 0, 0, 0
21, CIVILIZATION_BABYLON, 7, 12, 0, 4, 0, 0, 0, 0, 0, 0
21, CIVILIZATION_GENEVA, 7, 12, 0, 6, 0, 0, 0, 0, 0, 0
21, CIVILIZATION_ANTIOCH, 7, 12, 0, 9, 0, 0, 0, 0, 0, 0
21, CIVILIZATION_LA_VENTA, 8, 12, 0, 4, 0, 0, 0, 0, 0, 0
21, CIVILIZATION_CAHOKIA, 9, 12, 0, 6, 0, 0, 0, 0, 0, 0
21, CIVILIZATION_ANTANANARIVO, 7, 12, 0, 4, 0, 0, 0, 0, 0, 0
21, CIVILIZATION_VILNIUS, 8, 12, 0, 6, 0, 0, 0, 0, 0, 0
21, CIVILIZATION_GRANADA, 7, 11, 0, 4, 0, 0, 0, 0, 0, 0
21, CIVILIZATION_KABUL, 8, 10, 0, 9, 0, 0, 0, 0, 0, 0
21, CIVILIZATION_ZANZIBAR, 7, 12, 0, 6, 0, 0, 0, 0, 0, 0
21, CIVILIZATION_MOHENJO_DARO, 8, 12, 0, 4, 0, 0, 0, 0, 0, 0
21, CIVILIZATION_LISBON, 7, 10, 0, 4, 0, 0, 0, 0, 0, 0
21, CIVILIZATION_KANDY, 7, 12, 0, 6, 0, 0, 0, 0, 0, 0
21, CIVILIZATION_NGAZARGAMU, 7, 10, 0, 4, 0, 0, 0, 0, 0, 0
21, CIVILIZATION_HONG_KONG, 7, 12, 0, 6, 0, 0, 0, 0, 0, 0
21, CIVILIZATION_BRUSSELS, 8, 12, 0, 4, 0, 0, 0, 0, 0, 0
21, CIVILIZATION_FREE_CITIES, 0, 0, 0, 0, 0, 0, 0, 0, 0, 0
22, CIVILIZATION_KONGO, 51, 38, 1, 19, 3, 0, 0, 28, 28, 0
22, CIVILIZATION_KONGO, 28, 20, 0, 10, 0, 0, 0, 0, 0, 0
22, CIVILIZATION_OTTOMAN, 22, 22, 1, 15, 0, 2, 0, 0, 0, 0
22, CIVILIZATION_NUBIA, 25, 17, 1, 14, 0, 0, 0, 0, 0, 0
22, CIVILIZATION_KHMER, 13, 18, 1, 4, 0, 0, 0, 0, 0, 0
22, CIVILIZATION_HUNGARY, 10, 14, 0, 4, 0, 0, 0, 0, 0, 0
22, CIVILIZATION_GERMANY, 27, 17, 0, 12, 0, 0, 0, 0, 0, 0
22, CIVILIZATION_MONGOLIA, 27, 18, 0, 14, 0, 0, 0, 0, 0, 0
22, CIVILIZATION_ROME, 20, 18, 0, 10, 0, 0, 0, 0, 0, 0
22, CIVILIZATION_SUMERIA, 27, 13, 0, 15, 0, 2, 0, 0, 0, 0
22, CIVILIZATION_MEXICO_CITY, 7, 10, 0, 9, 0, 0, 0, 0, 0, 0
22, CIVILIZATION_NAN_MADOL, 7, 10, 0, 9, 0, 0, 0, 0, 0, 0
22, CIVILIZATION_BOLOGNA, 9, 11, 0, 9, 0, 0, 0, 0, 0, 0
22, CIVILIZATION_AKKAD, 7, 12, 0, 6, 0, 0, 0, 0, 0, 0
22, CIVILIZATION_JAKARTA, 7, 12, 0, 6, 0, 0, 0, 0, 0, 0
22, CIVILIZATION_VALLETTA, 7, 12, 0, 4, 0, 0, 0, 0, 0, 0
22, CIVILIZATION_BABYLON, 7, 12, 0, 4, 0, 0, 0, 0, 0, 0
22, CIVILIZATION_GENEVA, 7, 12, 0, 6, 0, 0, 0, 0, 0, 0
22, CIVILIZATION_ANTIOCH, 7, 12, 0, 9, 0, 0, 0, 0, 0, 0
22, CIVILIZATION_LA_VENTA, 8, 12, 0, 4, 0, 0, 0, 0, 0, 0
22, CIVILIZATION_CAHOKIA, 9, 12, 0, 6, 0, 0, 0, 0, 0, 0
22, CIVILIZATION_ANTANANARIVO, 7, 12, 0, 4, 0, 0, 0, 0, 0, 0
22, CIVILIZATION_VILNIUS, 8, 12, 0, 6, 0, 0, 0, 0, 0, 0
22, CIVILIZATION_GRANADA, 7, 11, 0, 4, 0, 0, 0, 0, 0, 0
22, CIVILIZATION_KABUL, 8, 12, 0, 9, 0, 0, 0, 0, 0, 0
22, CIVILIZATION_ZANZIBAR, 7, 12, 0, 6, 0, 0, 0, 0, 0, 0
22, CIVILIZATION_MOHENJO_DARO, 8, 12, 0, 4, 0, 0, 0, 0, 0, 0
22, CIVILIZATION_LISBON, 7, 10, 0, 4, 0, 0, 0, 0, 0, 0
22, CIVILIZATION_KANDY, 7, 12, 0, 6, 0, 0, 0, 0, 0, 0
22, CIVILIZATION_NGAZARGAMU, 7, 10, 0, 4, 0, 0, 0, 0, 0, 0
22, CIVILIZATION_HONG_KONG, 7, 12, 0, 6, 0, 0, 0, 0, 0, 0
22, CIVILIZATION_BRUSSELS, 8, 12, 0, 4, 0, 0, 0, 0, 0, 0
22, CIVILIZATION_FREE_CITIES, 0, 0, 0, 0, 0, 0, 0, 0, 0, 0
23, CIVILIZATION_KONGO, 62, 46, 2, 21, 3, 0, 0, 30, 30, 0
23, CIVILIZATION_KONGO, 29, 20, 0, 10, 0, 0, 0, 0, 0, 0
23, CIVILIZATION_OTTOMAN, 22, 22, 1, 18, 0, 2, 0, 0, 0, 0
23, CIVILIZATION_NUBIA, 28, 23, 1, 14, 0, 0, 0, 0, 0, 0
23, CIVILIZATION_KHMER, 13, 18, 1, 4, 0, 0, 0, 0, 0, 0
23, CIVILIZATION_HUNGARY, 10, 14, 0, 4, 0, 0, 0, 0, 0, 0
23, CIVILIZATION_GERMANY, 28, 17, 0, 12, 0, 0, 0, 0, 0, 0
23, CIVILIZATION_MONGOLIA, 28, 18, 0, 14, 0, 0, 0, 0, 0, 0
23, CIVILIZATION_ROME, 20, 18, 0, 10, 0, 0, 0, 0, 0, 0
23, CIVILIZATION_SUMERIA, 27, 13, 0, 15, 0, 2, 0, 0, 0, 0
23, CIVILIZATION_MEXICO_CITY, 7, 11, 0, 9, 0, 0, 0, 0, 0, 0
23, CIVILIZATION_NAN_MADOL, 7, 10, 0, 9, 0, 0, 0, 0, 0, 0
23, CIVILIZATION_BOLOGNA, 9, 11, 0, 9, 0, 0, 0, 0, 0, 0
23, CIVILIZATION_AKKAD, 7, 12, 0, 6, 0, 0, 0, 0, 0, 0
23, CIVILIZATION_JAKARTA, 7, 12, 0, 6, 0, 0, 0, 0, 0, 0
23, CIVILIZATION_VALLETTA, 7, 12, 0, 4, 0, 0, 0, 0, 0, 0
23, CIVILIZATION_BABYLON, 7, 12, 0, 4, 0, 0, 0, 0, 0, 0
23, CIVILIZATION_GENEVA, 7, 12, 0, 6, 0, 0, 0, 0, 0, 0
23, CIVILIZATION_ANTIOCH, 7, 12, 0, 9, 0, 0, 0, 0, 0, 0
23, CIVILIZATION_LA_VENTA, 8, 12, 0, 4, 0, 0, 0, 0, 0, 0
23, CIVILIZATION_CAHOKIA, 9, 12, 0, 6, 0, 0, 0, 0, 0, 0
23, CIVILIZATION_ANTANANARIVO, 7, 12, 0, 4, 0, 0, 0, 0, 0, 0
23, CIVILIZATION_VILNIUS, 8, 12, 0, 6, 0, 0, 0, 0, 0, 0
23, CIVILIZATION_GRANADA, 7, 11, 0, 4, 0, 0, 0, 0, 0, 0
23, CIVILIZATION_KABUL, 8, 12, 0, 9, 0, 0, 0, 0, 0, 0
23, CIVILIZATION_ZANZIBAR, 7, 12, 0, 6, 0, 0, 0, 0, 0, 0
23, CIVILIZATION_MOHENJO_DARO, 8, 12, 0, 4, 0, 0, 0, 0, 0, 0
23, CIVILIZATION_LISBON, 7, 10, 0, 4, 0, 0, 0, 0, 0, 0
23, CIVILIZATION_KANDY, 7, 12, 0, 6, 0, 0, 0, 0, 0, 0
23, CIVILIZATION_NGAZARGAMU, 7, 10, 0, 4, 0, 0, 0, 0, 0, 0
23, CIVILIZATION_HONG_KONG, 7, 12, 0, 6, 0, 0, 0, 0, 0, 0
23, CIVILIZATION_BRUSSELS, 8, 12, 0, 4, 0, 0, 0, 0, 0, 0
23, CIVILIZATION_FREE_CITIES, 0, 0, 0, 0, 0, 0, 0, 0, 0, 0
24, CIVILIZATION_KONGO, 62, 46, 2, 23, 3, 0, 0, 32, 32, 0
24, CIVILIZATION_KONGO, 36, 20, 0, 14, 0, 0, 0, 0, 0, 0
24, CIVILIZATION_OTTOMAN, 23, 22, 1, 18, 0, 10, 0, 0, 0, 0
24, CIVILIZATION_NUBIA, 28, 23, 1, 14, 0, 0, 0, 0, 0, 0
24, CIVILIZATION_KHMER, 13, 19, 1, 4, 0, 0, 0, 0, 0, 0
24, CIVILIZATION_HUNGARY, 10, 14, 0, 4, 0, 0, 0, 0, 0, 0
24, CIVILIZATION_GERMANY, 28, 17, 1, 12, 3, 0, 0, 0, 0, 0
24, CIVILIZATION_MONGOLIA, 29, 18, 0, 14, 0, 0, 0, 0, 0, 0
24, CIVILIZATION_ROME, 20, 18, 0, 10, 0, 0, 0, 0, 0, 0
24, CIVILIZATION_SUMERIA, 28, 15, 0, 17, 0, 2, 0, 0, 0, 0
24, CIVILIZATION_MEXICO_CITY, 7, 11, 0, 9, 0, 0, 0, 0, 0, 0
24, CIVILIZATION_NAN_MADOL, 7, 10, 0, 9, 0, 0, 0, 0, 0, 0
24, CIVILIZATION_BOLOGNA, 9, 11, 0, 9, 0, 0, 0, 0, 0, 0
24, CIVILIZATION_AKKAD, 7, 12, 0, 6, 0, 0, 0, 0, 0, 0
24, CIVILIZATION_JAKARTA, 7, 12, 0, 6, 0, 0, 0, 0, 0, 0
24, CIVILIZATION_VALLETTA, 7, 12, 0, 4, 0, 0, 0, 0, 0, 0
24, CIVILIZATION_BABYLON, 7, 12, 0, 4, 0, 0, 0, 0, 0, 0
24, CIVILIZATION_GENEVA, 7, 12, 0, 6, 0, 0, 0, 0, 0, 0
24, CIVILIZATION_ANTIOCH, 7, 12, 0, 9, 0, 0, 0, 0, 0, 0
24, CIVILIZATION_LA_VENTA, 8, 12, 0, 4, 0, 0, 0, 0, 0, 0
24, CIVILIZATION_CAHOKIA, 9, 12, 0, 6, 0, 0, 0, 0, 0, 0
24, CIVILIZATION_ANTANANARIVO, 7, 12, 0, 4, 0, 0, 0, 0, 0, 0
24, CIVILIZATION_VILNIUS, 8, 12, 0, 6, 0, 0, 0, 0, 0, 0
24, CIVILIZATION_GRANADA, 7, 11, 0, 4, 0, 0, 0, 0, 0, 0
24, CIVILIZATION_KABUL, 8, 12, 0, 9, 0, 0, 0, 0, 0, 0
24, CIVILIZATION_ZANZIBAR, 7, 12, 0, 6, 0, 0, 0, 0, 0, 0
24, CIVILIZATION_MOHENJO_DARO, 8, 12, 0, 4, 0, 0, 0, 0, 0, 0
24, CIVILIZATION_LISBON, 7, 10, 0, 4, 0, 0, 0, 0, 0, 0
24, CIVILIZATION_KANDY, 7, 12, 0, 6, 0, 0, 0, 0, 0, 0
24, CIVILIZATION_NGAZARGAMU, 7, 10, 0, 4, 0, 0, 0, 0, 0, 0
24, CIVILIZATION_HONG_KONG, 7, 12, 0, 6, 0, 0, 0, 0, 0, 0
24, CIVILIZATION_BRUSSELS, 8, 12, 0, 6, 0, 0, 0, 0, 0, 0
24, CIVILIZATION_FREE_CITIES, 0, 0, 0, 0, 0, 0, 0, 0, 0, 0
25, CIVILIZATION_KONGO, 64, 50, 3, 28, 3, 0, 0, 34, 34, 0
25, CIVILIZATION_KONGO, 36, 20, 0, 16, 0, 0, 0, 0, 0, 0
25, CIVILIZATION_OTTOMAN, 23, 28, 2, 18, 0, 10, 0, 0, 0, 0
25, CIVILIZATION_NUBIA, 28, 23, 1, 17, 0, 0, 0, 0, 0, 0
25, CIVILIZATION_KHMER, 14, 19, 1, 4, 0, 0, 0, 0, 0, 0
25, CIVILIZATION_HUNGARY, 10, 14, 0, 4, 0, 0, 0, 0, 0, 0
25, CIVILIZATION_GERMANY, 36, 17, 1, 14, 3, 0, 0, 0, 0, 0
25, CIVILIZATION_MONGOLIA, 36, 18, 0, 16, 0, 0, 0, 0, 0, 0
25, CIVILIZATION_ROME, 20, 18, 0, 10, 0, 0, 0, 0, 0, 0
25, CIVILIZATION_SUMERIA, 28, 15, 0, 14, 0, 2, 0, 0, 0, 0
25, CIVILIZATION_MEXICO_CITY, 7, 11, 0, 9, 0, 0, 0, 0, 0, 0
25, CIVILIZATION_NAN_MADOL, 7, 12, 0, 9, 0, 0, 0, 0, 0, 0
25, CIVILIZATION_BOLOGNA, 9, 11, 0, 9, 0, 0, 0, 0, 0, 0
25, CIVILIZATION_AKKAD, 7, 12, 0, 6, 0, 0, 0, 0, 0, 0
25, CIVILIZATION_JAKARTA, 7, 12, 0, 6, 0, 0, 0, 0, 0, 0
25, CIVILIZATION_VALLETTA, 7, 12, 0, 4, 0, 0, 0, 0, 0, 0
25, CIVILIZATION_BABYLON, 7, 12, 0, 4, 0, 0, 0, 0, 0, 0
25, CIVILIZATION_GENEVA, 7, 12, 0, 6, 0, 0, 0, 0, 0, 0
25, CIVILIZATION_ANTIOCH, 7, 12, 0, 9, 0, 0, 0, 0, 0, 0
25, CIVILIZATION_LA_VENTA, 8, 12, 0, 4, 0, 0, 0, 0, 0, 0
25, CIVILIZATION_CAHOKIA, 9, 12, 0, 6, 0, 0, 0, 0, 0, 0
25, CIVILIZATION_ANTANANARIVO, 7, 12, 0, 4, 0, 0, 0, 0, 0, 0
25, CIVILIZATION_VILNIUS, 8, 12, 0, 6, 0, 0, 0, 0, 0, 0
25, CIVILIZATION_GRANADA, 7, 11, 0, 4, 0, 0, 0, 0, 0, 0
25, CIVILIZATION_KABUL, 8, 12, 0, 9, 0, 0, 0, 0, 0, 0
25, CIVILIZATION_ZANZIBAR, 7, 12, 0, 6, 0, 0, 0, 0, 0, 0
25, CIVILIZATION_MOHENJO_DARO, 8, 12, 0, 4, 0, 0, 0, 0, 0, 0
25, CIVILIZATION_LISBON, 7, 10, 0, 4, 0, 0, 0, 0, 0, 0
25, CIVILIZATION_KANDY, 7, 12, 0, 6, 0, 0, 0, 0, 0, 0
25, CIVILIZATION_NGAZARGAMU, 7, 11, 0, 4, 0, 0, 0, 0, 0, 0
25, CIVILIZATION_HONG_KONG, 7, 12, 0, 6, 0, 0, 0, 0, 0, 0
25, CIVILIZATION_BRUSSELS, 8, 12, 0, 6, 0, 0, 0, 0, 0, 0
25, CIVILIZATION_FREE_CITIES, 0, 0, 0, 0, 0, 0, 0, 0, 0, 0
26, CIVILIZATION_KONGO, 71, 54, 3, 30, 3, 0, 0, 36, 36, 0
26, CIVILIZATION_KONGO, 36, 20, 0, 16, 0, 0, 0, 0, 0, 0
26, CIVILIZATION_OTTOMAN, 23, 28, 2, 18, 0, 10, 0, 0, 0, 0
26, CIVILIZATION_NUBIA, 28, 23, 1, 17, 0, 0, 0, 0, 0, 0
26, CIVILIZATION_KHMER, 14, 19, 1, 4, 0, 0, 0, 0, 0, 0
26, CIVILIZATION_HUNGARY, 10, 14, 0, 6, 0, 0, 0, 0, 0, 0
26, CIVILIZATION_GERMANY, 36, 17, 1, 14, 3, 0, 0, 0, 0, 0
26, CIVILIZATION_MONGOLIA, 36, 18, 0, 16, 0, 0, 0, 0, 0, 0
26, CIVILIZATION_ROME, 20, 18, 0, 10, 0, 0, 0, 0, 0, 0
26, CIVILIZATION_SUMERIA, 28, 15, 0, 14, 0, 2, 0, 0, 0, 0
26, CIVILIZATION_MEXICO_CITY, 7, 11, 0, 9, 0, 0, 0, 0, 0, 0
26, CIVILIZATION_NAN_MADOL, 7, 12, 0, 9, 0, 0, 0, 0, 0, 0
26, CIVILIZATION_BOLOGNA, 9, 11, 0, 9, 0, 0, 0, 0, 0, 0
26, CIVILIZATION_AKKAD, 7, 12, 0, 6, 0, 0, 0, 0, 0, 0
26, CIVILIZATION_JAKARTA, 7, 12, 0, 6, 0, 0, 0, 0, 0, 0
26, CIVILIZATION_VALLETTA, 7, 12, 0, 4, 0, 0, 0, 0, 0, 0
26, CIVILIZATION_BABYLON, 7, 12, 0, 4, 0, 0, 0, 0, 0, 0
26, CIVILIZATION_GENEVA, 7, 13, 0, 6, 0, 0, 0, 0, 0, 0
26, CIVILIZATION_ANTIOCH, 7, 12, 0, 12, 0, 0, 0, 0, 0, 0
26, CIVILIZATION_LA_VENTA, 8, 12, 0, 4, 0, 0, 0, 0, 0, 0
26, CIVILIZATION_CAHOKIA, 9, 12, 0, 6, 0, 0, 0, 0, 0, 0
26, CIVILIZATION_ANTANANARIVO, 7, 12, 0, 4, 0, 0, 0, 0, 0, 0
26, CIVILIZATION_VILNIUS, 8, 12, 0, 6, 0, 0, 0, 0, 0, 0
26, CIVILIZATION_GRANADA, 7, 11, 0, 4, 0, 0, 0, 0, 0, 0
26, CIVILIZATION_KABUL, 8, 12, 0, 9, 0, 0, 0, 0, 0, 0
26, CIVILIZATION_ZANZIBAR, 7, 12, 0, 6, 0, 0, 0, 0, 0, 0
26, CIVILIZATION_MOHENJO_DARO, 8, 12, 0, 4, 0, 0, 0, 0, 0, 0
26, CIVILIZATION_LISBON, 7, 10, 0, 4, 0, 0, 0, 0, 0, 0
26, CIVILIZATION_KANDY, 7, 12, 0, 6, 0, 0, 0, 0, 0, 0
26, CIVILIZATION_NGAZARGAMU, 7, 11, 0, 4, 0, 0, 0, 0, 0, 0
26, CIVILIZATION_HONG_KONG, 7, 13, 0, 6, 0, 0, 0, 0, 0, 0
26, CIVILIZATION_BRUSSELS, 8, 12, 0, 6, 0, 0, 0, 0, 0, 0
26, CIVILIZATION_FREE_CITIES, 0, 0, 0, 0, 0, 0, 0, 0, 0, 0
27, CIVILIZATION_KONGO, 71, 54, 3, 34, 3, 0, 0, 38, 38, 0
27, CIVILIZATION_KONGO, 37, 21, 0, 19, 0, 0, 0, 0, 0, 0
27, CIVILIZATION_OTTOMAN, 23, 34, 2, 18, 0, 10, 0, 0, 0, 0
27, CIVILIZATION_NUBIA, 28, 23, 1, 17, 0, 0, 0, 0, 0, 0
27, CIVILIZATION_KHMER, 14, 19, 1, 4, 0, 0, 0, 0, 0, 0
27, CIVILIZATION_HUNGARY, 10, 14, 0, 6, 0, 0, 0, 0, 0, 0
27, CIVILIZATION_GERMANY, 38, 17, 1, 17, 3, 0, 0, 0, 0, 0
27, CIVILIZATION_MONGOLIA, 37, 18, 1, 19, 0, 0, 0, 0, 0, 0
27, CIVILIZATION_ROME, 23, 18, 0, 10, 0, 0, 0, 0, 0, 0
27, CIVILIZATION_SUMERIA, 28, 15, 0, 14, 0, 2, 0, 0, 0, 0
27, CIVILIZATION_MEXICO_CITY, 7, 11, 0, 9, 0, 0, 0, 0, 0, 0
27, CIVILIZATION_NAN_MADOL, 7, 12, 0, 9, 0, 0, 0, 0, 0, 0
27, CIVILIZATION_BOLOGNA, 9, 11, 0, 9, 0, 0, 0, 0, 0, 0
27, CIVILIZATION_AKKAD, 7, 12, 0, 6, 0, 0, 0, 0, 0, 0
27, CIVILIZATION_JAKARTA, 7, 12, 0, 6, 0, 0, 0, 0, 0, 0
27, CIVILIZATION_VALLETTA, 7, 12, 0, 4, 0, 0, 0, 0, 0, 0
27, CIVILIZATION_BABYLON, 7, 12, 0, 4, 0, 0, 0, 0, 0, 0
27, CIVILIZATION_GENEVA, 7, 13, 0, 6, 0, 0, 0, 0, 0, 0
27, CIVILIZATION_ANTIOCH, 7, 13, 0, 12, 0, 0, 0, 0, 0, 0
27, CIVILIZATION_LA_VENTA, 8, 12, 0, 4, 0, 0, 0, 0, 0, 0
27, CIVILIZATION_CAHOKIA, 9, 12, 0, 6, 0, 0, 0, 0, 0, 0
27, CIVILIZATION_ANTANANARIVO, 7, 12, 0, 4, 0, 0, 0, 0, 0, 0
27, CIVILIZATION_VILNIUS, 8, 12, 0, 6, 0, 0, 0, 0, 0, 0
27, CIVILIZATION_GRANADA, 7, 11, 0, 4, 0, 0, 0, 0, 0, 0
27, CIVILIZATION_KABUL, 8, 12, 0, 9, 0, 0, 0, 0, 0, 0
27, CIVILIZATION_ZANZIBAR, 7, 12, 0, 6, 0, 0, 0, 0, 0, 0
27, CIVILIZATION_MOHENJO_DARO, 8, 12, 0, 4, 0, 0, 0, 0, 0, 0
27, CIVILIZATION_LISBON, 7, 11, 0, 4, 0, 0, 0, 0, 0, 0
27, CIVILIZATION_KANDY, 7, 12, 0, 6, 0, 0, 0, 0, 0, 0
27, CIVILIZATION_NGAZARGAMU, 7, 11, 0, 4, 0, 0, 0, 0, 0, 0
27, CIVILIZATION_HONG_KONG, 7, 13, 0, 6, 0, 0, 0, 0, 0, 0
27, CIVILIZATION_BRUSSELS, 8, 12, 0, 6, 0, 0, 0, 0, 0, 0
27, CIVILIZATION_FREE_CITIES, 0, 0, 0, 0, 0, 0, 0, 0, 0, 0
28, CIVILIZATION_KONGO, 72, 54, 3, 37, 3, 0, 0, 40, 40, 0
28, CIVILIZATION_KONGO, 38, 21, 0, 19, 0, 0, 0, 0, 0, 0
28, CIVILIZATION_OTTOMAN, 23, 36, 2, 21, 0, 10, 0, 0, 0, 0
28, CIVILIZATION_NUBIA, 28, 23, 1, 17, 0, 0, 0, 0, 0, 0
28, CIVILIZATION_KHMER, 14, 19, 1, 4, 0, 0, 0, 0, 0, 0
28, CIVILIZATION_HUNGARY, 10, 14, 1, 6, 0, 0, 0, 0, 0, 0
28, CIVILIZATION_GERMANY, 38, 17, 1, 19, 3, 0, 0, 0, 0, 0
28, CIVILIZATION_MONGOLIA, 37, 18, 1, 19, 0, 0, 0, 0, 0, 0
28, CIVILIZATION_ROME, 23, 18, 0, 13, 0, 0, 0, 0, 0, 0
28, CIVILIZATION_SUMERIA, 28, 17, 0, 17, 0, 2, 0, 0, 0, 0
28, CIVILIZATION_MEXICO_CITY, 7, 11, 0, 9, 0, 0, 0, 0, 0, 0
28, CIVILIZATION_NAN_MADOL, 7, 12, 0, 9, 0, 0, 0, 0, 0, 0
28, CIVILIZATION_BOLOGNA, 9, 11, 0, 9, 0, 0, 0, 0, 0, 0
28, CIVILIZATION_AKKAD, 7, 12, 0, 9, 0, 0, 0, 0, 0, 0
28, CIVILIZATION_JAKARTA, 7, 12, 0, 6, 0, 0, 0, 0, 0, 0
28, CIVILIZATION_VALLETTA, 7, 12, 0, 4, 0, 0, 0, 0, 0, 0
28, CIVILIZATION_BABYLON, 7, 12, 0, 4, 0, 0, 0, 0, 0, 0
28, CIVILIZATION_GENEVA, 7, 13, 0, 6, 0, 0, 0, 0, 0, 0
28, CIVILIZATION_ANTIOCH, 7, 13, 0, 12, 0, 0, 0, 0, 0, 0
28, CIVILIZATION_LA_VENTA, 8, 12, 0, 4, 0, 0, 0, 0, 0, 0
28, CIVILIZATION_CAHOKIA, 9, 12, 0, 6, 0, 0, 0, 0, 0, 0
28, CIVILIZATION_ANTANANARIVO, 7, 12, 0, 4, 0, 0, 0, 0, 0, 0
28, CIVILIZATION_VILNIUS, 8, 12, 0, 6, 0, 0, 0, 0, 0, 0
28, CIVILIZATION_GRANADA, 7, 11, 0, 4, 0, 0, 0, 0, 0, 0
28, CIVILIZATION_KABUL, 8, 12, 0, 9, 0, 0, 0, 0, 0, 0
28, CIVILIZATION_ZANZIBAR, 7, 12, 0, 9, 0, 0, 0, 0, 0, 0
28, CIVILIZATION_MOHENJO_DARO, 8, 12, 0, 4, 0, 0, 0, 0, 0, 0
28, CIVILIZATION_LISBON, 7, 11, 0, 4, 0, 0, 0, 0, 0, 0
28, CIVILIZATION_KANDY, 7, 12, 0, 6, 0, 0, 0, 0, 0, 0
28, CIVILIZATION_NGAZARGAMU, 7, 11, 0, 4, 0, 0, 0, 0, 0, 0
28, CIVILIZATION_HONG_KONG, 7, 13, 0, 6, 0, 0, 0, 0, 0, 0
28, CIVILIZATION_BRUSSELS, 8, 12, 0, 6, 0, 0, 0, 0, 0, 0
28, CIVILIZATION_FREE_CITIES, 0, 0, 0, 0, 0, 0, 0, 0, 0, 0
29, CIVILIZATION_KONGO, 82, 60, 4, 47, 3, 0, 0, 42, 42, 0
29, CIVILIZATION_KONGO, 38, 23, 0, 19, 0, 0, 0, 0, 0, 0
29, CIVILIZATION_OTTOMAN, 25, 36, 2, 21, 0, 10, 0, 0, 0, 0
29, CIVILIZATION_NUBIA, 28, 24, 1, 17, 0, 0, 0, 0, 0, 0
29, CIVILIZATION_KHMER, 14, 19, 1, 4, 0, 0, 0, 0, 0, 0
29, CIVILIZATION_HUNGARY, 10, 14, 1, 6, 0, 0, 0, 0, 0, 0
29, CIVILIZATION_GERMANY, 38, 17, 1, 19, 3, 0, 0, 0, 0, 0
29, CIVILIZATION_MONGOLIA, 37, 19, 1, 19, 0, 0, 0, 0, 0, 0
29, CIVILIZATION_ROME, 23, 18, 0, 13, 0, 0, 0, 0, 0, 0
29, CIVILIZATION_SUMERIA, 28, 17, 1, 17, 0, 2, 0, 0, 0, 0
29, CIVILIZATION_MEXICO_CITY, 7, 11, 0, 12, 0, 0, 0, 0, 0, 0
29, CIVILIZATION_NAN_MADOL, 7, 12, 0, 12, 0, 0, 0, 0, 0, 0
29, CIVILIZATION_BOLOGNA, 9, 11, 0, 12, 0, 0, 0, 0, 0, 0
29, CIVILIZATION_AKKAD, 7, 12, 0, 9, 0, 0, 0, 0, 0, 0
29, CIVILIZATION_JAKARTA, 7, 12, 0, 6, 0, 0, 0, 0, 0, 0
29, CIVILIZATION_VALLETTA, 7, 12, 0, 4, 0, 0, 0, 0, 0, 0
29, CIVILIZATION_BABYLON, 7, 12, 0, 4, 0, 0, 0, 0, 0, 0
29, CIVILIZATION_GENEVA, 7, 13, 0, 6, 0, 0, 0, 0, 0, 0
29, CIVILIZATION_ANTIOCH, 7, 13, 0, 12, 0, 0, 0, 0, 0, 0
29, CIVILIZATION_LA_VENTA, 8, 12, 0, 4, 0, 0, 0, 0, 0, 0
29, CIVILIZATION_CAHOKIA, 9, 13, 0, 6, 0, 0, 0, 0, 0, 0
29, CIVILIZATION_ANTANANARIVO, 7, 12, 0, 4, 0, 0, 0, 0, 0, 0
29, CIVILIZATION_VILNIUS, 8, 12, 0, 6, 0, 0, 0, 0, 0, 0
29, CIVILIZATION_GRANADA, 7, 11, 0, 4, 0, 0, 0, 0, 0, 0
29, CIVILIZATION_KABUL, 8, 12, 0, 9, 0, 0, 0, 0, 0, 0
29, CIVILIZATION_ZANZIBAR, 7, 12, 0, 9, 0, 0, 0, 0, 0, 0
29, CIVILIZATION_MOHENJO_DARO, 8, 12, 0, 4, 0, 0, 0, 0, 0, 0
29, CIVILIZATION_LISBON, 7, 11, 0, 6, 0, 0, 0, 0, 0, 0
29, CIVILIZATION_KANDY, 7, 12, 0, 6, 0, 0, 0, 0, 0, 0
29, CIVILIZATION_NGAZARGAMU, 7, 11, 0, 4, 0, 0, 0, 0, 0, 0
29, CIVILIZATION_HONG_KONG, 7, 13, 0, 6, 0, 0, 0, 0, 0, 0
29, CIVILIZATION_BRUSSELS, 8, 12, 0, 6, 0, 0, 0, 0, 0, 0
29, CIVILIZATION_FREE_CITIES, 0, 0, 0, 0, 0, 0, 0, 0, 0, 0
30, CIVILIZATION_KONGO, 86, 60, 4, 47, 3, 3, 0, 44, 44, 0
30, CIVILIZATION_KONGO, 39, 24, 0, 19, 0, 0, 0, 0, 0, 0
30, CIVILIZATION_OTTOMAN, 25, 36, 3, 21, 0, 10, 0, 0, 0, 0
30, CIVILIZATION_NUBIA, 28, 24, 1, 17, 0, 0, 0, 0, 0, 0
30, CIVILIZATION_KHMER, 14, 19, 1, 4, 0, 0, 0, 0, 0, 0
30, CIVILIZATION_HUNGARY, 12, 20, 1, 6, 0, 0, 0, 0, 0, 0
30, CIVILIZATION_GERMANY, 38, 23, 1, 19, 3, 0, 0, 0, 0, 0
30, CIVILIZATION_MONGOLIA, 37, 19, 1, 21, 0, 0, 0, 0, 0, 0
30, CIVILIZATION_ROME, 23, 18, 0, 13, 0, 0, 0, 0, 0, 0
30, CIVILIZATION_SUMERIA, 36, 17, 1, 21, 0, 2, 0, 0, 0, 0
30, CIVILIZATION_MEXICO_CITY, 7, 11, 0, 12, 0, 0, 0, 0, 0, 0
30, CIVILIZATION_NAN_MADOL, 7, 12, 0, 12, 0, 0, 0, 0, 0, 0
30, CIVILIZATION_BOLOGNA, 9, 12, 0, 12, 0, 0, 0, 0, 0, 0
30, CIVILIZATION_AKKAD, 7, 12, 0, 9, 0, 0, 0, 0, 0, 0
30, CIVILIZATION_JAKARTA, 7, 12, 0, 6, 0, 0, 0, 0, 0, 0
30, CIVILIZATION_VALLETTA, 7, 12, 0, 4, 0, 0, 0, 0, 0, 0
30, CIVILIZATION_BABYLON, 7, 12, 0, 4, 0, 0, 0, 0, 0, 0
30, CIVILIZATION_GENEVA, 9, 13, 0, 6, 0, 0, 0, 0, 0, 0
30, CIVILIZATION_ANTIOCH, 7, 13, 0, 12, 0, 0, 0, 0, 0, 0
30, CIVILIZATION_LA_VENTA, 8, 12, 0, 4, 0, 0, 0, 0, 0, 0
30, CIVILIZATION_CAHOKIA, 9, 13, 0, 6, 0, 0, 0, 0, 0, 0
30, CIVILIZATION_ANTANANARIVO, 7, 13, 0, 4, 0, 0, 0, 0, 0, 0
30, CIVILIZATION_VILNIUS, 8, 12, 0, 6, 0, 0, 0, 0, 0, 0
30, CIVILIZATION_GRANADA, 7, 13, 0, 4, 0, 0, 0, 0, 0, 0
30, CIVILIZATION_KABUL, 8, 12, 0, 12, 0, 0, 0, 0, 0, 0
30, CIVILIZATION_ZANZIBAR, 7, 12, 0, 9, 0, 0, 0, 0, 0, 0
30, CIVILIZATION_MOHENJO_DARO, 8, 13, 0, 4, 0, 0, 0, 0, 0, 0
30, CIVILIZATION_LISBON, 7, 11, 0, 6, 0, 0, 0, 0, 0, 0
30, CIVILIZATION_KANDY, 7, 12, 0, 6, 0, 0, 0, 0, 0, 0
30, CIVILIZATION_NGAZARGAMU, 7, 11, 0, 4, 0, 0, 0, 0, 0, 0
30, CIVILIZATION_HONG_KONG, 7, 13, 0, 6, 0, 0, 0, 0, 0, 0
30, CIVILIZATION_BRUSSELS, 8, 12, 0, 6, 0, 0, 0, 0, 0, 0
30, CIVILIZATION_FREE_CITIES, 0, 0, 0, 0, 0, 0, 0, 0, 0, 0
31, CIVILIZATION_KONGO, 89, 60, 4, 52, 3, 3, 0, 46, 46, 0
31, CIVILIZATION_KONGO, 40, 24, 0, 19, 0, 0, 0, 0, 0, 0
31, CIVILIZATION_OTTOMAN, 25, 36, 3, 21, 0, 10, 0, 0, 0, 0
31, CIVILIZATION_NUBIA, 31, 25, 1, 17, 0, 0, 0, 1, 1, 0
31, CIVILIZATION_KHMER, 14, 19, 1, 4, 0, 0, 0, 0, 0, 0
31, CIVILIZATION_HUNGARY, 12, 20, 1, 6, 0, 0, 0, 0, 0, 0
31, CIVILIZATION_GERMANY, 38, 23, 1, 19, 3, 0, 0, 0, 0, 0
31, CIVILIZATION_MONGOLIA, 39, 19, 1, 23, 0, 0, 0, 0, 0, 0
31, CIVILIZATION_ROME, 23, 18, 0, 13, 0, 0, 0, 0, 0, 0
31, CIVILIZATION_SUMERIA, 36, 18, 1, 21, 0, 3, 0, 0, 0, 0
31, CIVILIZATION_MEXICO_CITY, 7, 11, 0, 12, 0, 0, 0, 0, 0, 0
31, CIVILIZATION_NAN_MADOL, 7, 12, 0, 12, 0, 0, 0, 0, 0, 0
31, CIVILIZATION_BOLOGNA, 9, 12, 0, 12, 0, 0, 0, 0, 0, 0
31, CIVILIZATION_AKKAD, 7, 12, 0, 9, 0, 0, 0, 0, 0, 0
31, CIVILIZATION_JAKARTA, 7, 12, 0, 6, 0, 0, 0, 0, 0, 0
31, CIVILIZATION_VALLETTA, 7, 12, 0, 4, 0, 0, 0, 0, 0, 0
31, CIVILIZATION_BABYLON, 7, 13, 0, 4, 0, 0, 0, 0, 0, 0
31, CIVILIZATION_GENEVA, 9, 13, 0, 6, 0, 0, 0, 0, 0, 0
31, CIVILIZATION_ANTIOCH, 7, 13, 0, 12, 0, 0, 0, 0, 0, 0
31, CIVILIZATION_LA_VENTA, 8, 12, 0, 4, 0, 0, 0, 0, 0, 0
31, CIVILIZATION_CAHOKIA, 9, 13, 0, 9, 0, 0, 0, 0, 0, 0
31, CIVILIZATION_ANTANANARIVO, 7, 13, 0, 4, 0, 0, 0, 0, 0, 0
31, CIVILIZATION_VILNIUS, 8, 12, 0, 6, 0, 0, 0, 0, 0, 0
31, CIVILIZATION_GRANADA, 7, 13, 0, 4, 0, 0, 0, 0, 0, 0
31, CIVILIZATION_KABUL, 8, 13, 0, 12, 0, 0, 0, 0, 0, 0
31, CIVILIZATION_ZANZIBAR, 7, 12, 0, 9, 0, 0, 0, 0, 0, 0
31, CIVILIZATION_MOHENJO_DARO, 8, 13, 0, 4, 0, 0, 0, 0, 0, 0
31, CIVILIZATION_LISBON, 7, 11, 0, 6, 0, 0, 0, 0, 0, 0
31, CIVILIZATION_KANDY, 7, 12, 0, 6, 0, 0, 0, 0, 0, 0
31, CIVILIZATION_NGAZARGAMU, 7, 11, 0, 4, 0, 0, 0, 0, 0, 0
31, CIVILIZATION_HONG_KONG, 7, 13, 0, 6, 0, 0, 0, 0, 0, 0
31, CIVILIZATION_BRUSSELS, 8, 12, 0, 6, 0, 0, 0, 0, 0, 0
31, CIVILIZATION_FREE_CITIES, 0, 0, 0, 0, 0, 0, 0, 0, 0, 0
32, CIVILIZATION_KONGO, 91, 60, 4, 54, 3, 3, 0, 49, 49, 0
32, CIVILIZATION_KONGO, 41, 25, 0, 19, 0, 0, 0, 0, 0, 0
32, CIVILIZATION_OTTOMAN, 25, 36, 3, 27, 0, 10, 0, 0, 0, 0
32, CIVILIZATION_NUBIA, 31, 25, 1, 19, 0, 0, 0, 2, 2, 0
32, CIVILIZATION_KHMER, 14, 19, 1, 4, 0, 0, 0, 0, 0, 0
32, CIVILIZATION_HUNGARY, 12, 20, 1, 6, 0, 0, 0, 0, 0, 0
32, CIVILIZATION_GERMANY, 39, 23, 1, 21, 3, 0, 0, 0, 0, 0
32, CIVILIZATION_MONGOLIA, 39, 19, 1, 23, 0, 0, 0, 0, 0, 0
32, CIVILIZATION_ROME, 23, 18, 0, 13, 0, 0, 0, 0, 0, 0
32, CIVILIZATION_SUMERIA, 36, 18, 1, 24, 0, 3, 0, 0, 0, 0
32, CIVILIZATION_MEXICO_CITY, 7, 11, 0, 12, 0, 0, 0, 0, 0, 0
32, CIVILIZATION_NAN_MADOL, 7, 12, 0, 12, 0, 0, 0, 0, 0, 0
32, CIVILIZATION_BOLOGNA, 9, 12, 0, 12, 0, 0, 0, 0, 0, 0
32, CIVILIZATION_AKKAD, 7, 12, 0, 9, 0, 0, 0, 0, 0, 0
32, CIVILIZATION_JAKARTA, 7, 13, 0, 6, 0, 0, 0, 0, 0, 0
32, CIVILIZATION_VALLETTA, 7, 13, 0, 4, 0, 0, 0, 0, 0, 0
32, CIVILIZATION_BABYLON, 7, 13, 0, 4, 0, 0, 0, 0, 0, 0
32, CIVILIZATION_GENEVA, 9, 13, 0, 6, 0, 0, 0, 0, 0, 0
32, CIVILIZATION_ANTIOCH, 7, 13, 0, 12, 0, 0, 0, 0, 0, 0
32, CIVILIZATION_LA_VENTA, 8, 12, 0, 4, 0, 0, 0, 0, 0, 0
32, CIVILIZATION_CAHOKIA, 9, 13, 0, 9, 0, 0, 0, 0, 0, 0
32, CIVILIZATION_ANTANANARIVO, 7, 13, 0, 4, 0, 0, 0, 0, 0, 0
32, CIVILIZATION_VILNIUS, 8, 12, 0, 6, 0, 0, 0, 0, 0, 0
32, CIVILIZATION_GRANADA, 7, 13, 0, 4, 0, 0, 0, 0, 0, 0
32, CIVILIZATION_KABUL, 8, 13, 0, 12, 0, 0, 0, 0, 0, 0
32, CIVILIZATION_ZANZIBAR, 7, 13, 0, 9, 0, 0, 0, 0, 0, 0
32, CIVILIZATION_MOHENJO_DARO, 8, 13, 0, 4, 0, 0, 0, 0, 0, 0
32, CIVILIZATION_LISBON, 7, 11, 0, 6, 0, 0, 0, 0, 0, 0
32, CIVILIZATION_KANDY, 7, 12, 0, 6, 0, 0, 0, 0, 0, 0
32, CIVILIZATION_NGAZARGAMU, 7, 11, 0, 4, 0, 0, 0, 0, 0, 0
32, CIVILIZATION_HONG_KONG, 7, 13, 0, 6, 0, 0, 0, 0, 0, 0
32, CIVILIZATION_BRUSSELS, 8, 13, 0, 6, 0, 0, 0, 0, 0, 0
32, CIVILIZATION_FREE_CITIES, 0, 0, 0, 0, 0, 0, 0, 0, 0, 0
33, CIVILIZATION_KONGO, 91, 60, 4, 63, 3, 3, 0, 52, 52, 0
